{"type":"FeatureCollection","metadata":{"title":"2022 Minnesota Congressional Districts","source":"Minnesota Legislative Coordinating Commission GIS Office","source_url":"https://gis.lcc.mn.gov/metadata/cong22.htm","version":"2022-05-26","transformation":"Converted from EPSG:26915 to EPSG:4326 and simplified by no more than 5 metres with topology preserved.","distribution_notice":"The source GIS data are provided as is, without warranties of performance, merchantability, fitness, accuracy, completeness, or freedom from error. Users are responsible for consequences of using or relying on the data and should consult the source documentation for its limits and precision. Any further distribution must include this notice."},"features":[{"type":"Feature","properties":{"district":"1"},"geometry":{"type":"Polygon","coordinates":[[[-92.732043,44.714345],[-92.726344,44.710339],[-92.720085,44.705726],[-92.713428,44.701086],[-92.706888,44.696696],[-92.701518,44.6934],[-92.699937,44.691763],[-92.699249,44.691294],[-92.69432,44.688615],[-92.690549,44.685573],[-92.686197,44.682375],[-92.683502,44.679813],[-92.679568,44.676267],[-92.67613,44.672529],[-92.673947,44.670872],[-92.672026,44.669206],[-92.670034,44.667902],[-92.667808,44.666194],[-92.664715,44.663379],[-92.660988,44.6609],[-92.655788,44.658082],[-92.646563,44.654666],[-92.643555,44.653136],[-92.639479,44.652218],[-92.632021,44.649187],[-92.625067,44.642167],[-92.621847,44.639018],[-92.620215,44.634194],[-92.620262,44.631606],[-92.620163,44.630566],[-92.620171,44.629531],[-92.620262,44.628654],[-92.620468,44.627894],[-92.621833,44.625049],[-92.622798,44.62346],[-92.623376,44.62182],[-92.623566,44.62064],[-92.623565,44.619225],[-92.62337,44.618142],[-92.622961,44.616936],[-92.622537,44.616054],[-92.621642,44.614929],[-92.619787,44.613584],[-92.618188,44.612788],[-92.616801,44.612244],[-92.614713,44.611658],[-92.613854,44.611592],[-92.611162,44.611862],[-92.609068,44.612222],[-92.607258,44.612396],[-92.603854,44.612479],[-92.601608,44.612038],[-92.600301,44.611454],[-92.598187,44.610124],[-92.595671,44.608057],[-92.592067,44.606457],[-92.590488,44.605944],[-92.590457,44.605532],[-92.589633,44.604035],[-92.589215,44.602659],[-92.588797,44.601698],[-92.588253,44.601091],[-92.587293,44.600433],[-92.586216,44.600088],[-92.584711,44.599861],[-92.583345,44.600166],[-92.581588,44.600851],[-92.580419,44.602074],[-92.579036,44.603801],[-92.577469,44.60462],[-92.577202,44.604889],[-92.577156,44.605037],[-92.57325,44.604748],[-92.572723,44.60462],[-92.570511,44.604018],[-92.569405,44.603622],[-92.568946,44.603372],[-92.567826,44.602526],[-92.566963,44.601668],[-92.566269,44.600594],[-92.564407,44.598449],[-92.563347,44.597414],[-92.562561,44.596808],[-92.561943,44.59622],[-92.560517,44.594554],[-92.559349,44.592794],[-92.557449,44.589411],[-92.556443,44.588092],[-92.555649,44.587252],[-92.552826,44.584693],[-92.552033,44.583857],[-92.5504,44.582055],[-92.549827,44.581098],[-92.549522,44.580485],[-92.549385,44.579971],[-92.549248,44.578467],[-92.549339,44.577847],[-92.550018,44.575635],[-92.55143,44.572984],[-92.551567,44.572215],[-92.55146,44.571472],[-92.551186,44.570553],[-92.55072,44.569687],[-92.550026,44.568968],[-92.548889,44.568252],[-92.547173,44.567503],[-92.545372,44.567068],[-92.543579,44.566885],[-92.542511,44.566859],[-92.541016,44.567127],[-92.539909,44.567456],[-92.538224,44.568205],[-92.534114,44.570342],[-92.528,44.57325],[-92.525001,44.574237],[-92.52179,44.575083],[-92.520683,44.575286],[-92.519218,44.575275],[-92.5187,44.575228],[-92.518082,44.575018],[-92.515114,44.573588],[-92.513008,44.57208],[-92.512529,44.571814],[-92.508667,44.570313],[-92.506964,44.56972],[-92.499969,44.56785],[-92.497009,44.566884],[-92.493717,44.566052],[-92.491771,44.566008],[-92.490468,44.56623],[-92.488381,44.566725],[-92.486713,44.567294],[-92.485701,44.567856],[-92.484738,44.568184],[-92.483165,44.568459],[-92.482218,44.56852],[-92.480986,44.568449],[-92.48001,44.568308],[-92.478237,44.56786],[-92.476928,44.567382],[-92.47322,44.566312],[-92.470143,44.565286],[-92.465699,44.564395],[-92.461365,44.563401],[-92.458896,44.562745],[-92.458595,44.562517],[-92.45554,44.560926],[-92.448941,44.557663],[-92.442851,44.554136],[-92.440734,44.553289],[-92.438626,44.552639],[-92.436486,44.552884],[-92.435085,44.553546],[-92.432155,44.555506],[-92.426395,44.558803],[-92.422544,44.559629],[-92.415675,44.560506],[-92.415089,44.560359],[-92.413784,44.560206],[-92.412954,44.560315],[-92.411481,44.560171],[-92.407664,44.559516],[-92.406065,44.559123],[-92.402105,44.558606],[-92.399281,44.558292],[-92.391545,44.557643],[-92.385973,44.557802],[-92.380296,44.558541],[-92.375183,44.558761],[-92.368298,44.559182],[-92.361518,44.558935],[-92.357313,44.55848],[-92.350591,44.557515],[-92.347567,44.557149],[-92.340058,44.555273],[-92.336114,44.554004],[-92.332676,44.552574],[-92.329013,44.550895],[-92.322341,44.546779],[-92.319938,44.54494],[-92.317357,44.542512],[-92.315573,44.540255],[-92.314071,44.538014],[-92.312974,44.53521],[-92.312237,44.532454],[-92.311454,44.530158],[-92.310827,44.528756],[-92.307957,44.524475],[-92.303527,44.519822],[-92.303046,44.518646],[-92.302466,44.516487],[-92.302449,44.51341],[-92.30286,44.509682],[-92.303,44.50704],[-92.302961,44.503601],[-92.302584,44.501378],[-92.302215,44.500298],[-92.298484,44.494621],[-92.297122,44.492732],[-92.294378,44.489291],[-92.291005,44.485464],[-92.287982,44.482667],[-92.282364,44.477707],[-92.280354,44.476172],[-92.276784,44.473649],[-92.273979,44.471882],[-92.267447,44.467864],[-92.262476,44.465149],[-92.259728,44.463807],[-92.256644,44.462474],[-92.250176,44.459896],[-92.249071,44.459524],[-92.247341,44.458507],[-92.244884,44.456842],[-92.243024,44.455301],[-92.237325,44.449417],[-92.233897,44.446334],[-92.230856,44.444496],[-92.221083,44.440386],[-92.215163,44.438503],[-92.195378,44.433792],[-92.17028,44.428598],[-92.162454,44.427208],[-92.139569,44.424673],[-92.133811,44.423751],[-92.124513,44.422115],[-92.123679,44.42184],[-92.121106,44.420572],[-92.118099,44.418083],[-92.116698,44.417045],[-92.114058,44.415245],[-92.112885,44.414572],[-92.112308,44.414332],[-92.111085,44.413948],[-92.107084,44.413148],[-92.097414,44.411464],[-92.094997,44.410906],[-92.087239,44.40885],[-92.084441,44.40774],[-92.078605,44.404869],[-92.074601,44.404253],[-92.072267,44.404017],[-92.068027,44.404002],[-92.063167,44.404246],[-92.061637,44.404124],[-92.060334,44.40382],[-92.056486,44.402729],[-92.054854,44.402099],[-92.053549,44.401375],[-92.052316,44.400378],[-92.049514,44.397342],[-92.046285,44.394398],[-92.042882,44.392362],[-92.042067,44.391724],[-92.039937,44.389791],[-92.038147,44.388731],[-92.034665,44.387282],[-92.031902,44.386276],[-92.022533,44.382318],[-92.019313,44.381217],[-92.016688,44.380566],[-92.014525,44.380243],[-92.0121,44.380175],[-92.008589,44.379626],[-92.006179,44.378825],[-92.004616,44.378194],[-92.002838,44.377118],[-92.001317,44.376069],[-92.000165,44.374966],[-91.993984,44.3718],[-91.987289,44.369119],[-91.985546,44.368643],[-91.983974,44.368448],[-91.978574,44.368372],[-91.977103,44.368136],[-91.972493,44.36676],[-91.970266,44.365842],[-91.966809,44.363986],[-91.9636,44.362112],[-91.959996,44.359797],[-91.959523,44.359404],[-91.958596,44.358449],[-91.95282,44.352982],[-91.949599,44.348796],[-91.942978,44.342278],[-91.941311,44.340978],[-91.928224,44.335473],[-91.92559,44.333548],[-91.923851,44.331387],[-91.918625,44.322671],[-91.916191,44.318094],[-91.913534,44.311392],[-91.913574,44.310392],[-91.913804,44.30928],[-91.91436,44.30823],[-91.916813,44.305563],[-91.91767,44.30436],[-91.918062,44.304173],[-91.921028,44.301069],[-91.924102,44.297095],[-91.924879,44.29573],[-91.924975,44.294819],[-91.924925,44.293772],[-91.924613,44.291815],[-91.92331,44.289233],[-91.922205,44.287811],[-91.920282,44.286496],[-91.918058,44.285626],[-91.9155,44.28499],[-91.911807,44.283842],[-91.908876,44.282828],[-91.905789,44.281614],[-91.902519,44.279779],[-91.900721,44.27864],[-91.898697,44.277172],[-91.896964,44.275671],[-91.896388,44.27469],[-91.895936,44.273837],[-91.895652,44.273008],[-91.895657,44.271775],[-91.895875,44.270284],[-91.896284,44.26909],[-91.896524,44.267816],[-91.896597,44.266616],[-91.89676,44.265447],[-91.896473,44.264062],[-91.896008,44.262871],[-91.895715,44.26238],[-91.895152,44.26181],[-91.894197,44.261257],[-91.893657,44.260695],[-91.892689,44.25986],[-91.889132,44.25606],[-91.888499,44.25499],[-91.887824,44.254171],[-91.887496,44.253447],[-91.887189,44.252513],[-91.88704,44.251772],[-91.88698,44.25095],[-91.887078,44.250354],[-91.887043,44.249964],[-91.887905,44.246398],[-91.892963,44.235149],[-91.892698,44.231105],[-91.88979,44.226286],[-91.884827,44.221122],[-91.880265,44.216555],[-91.877429,44.212921],[-91.876356,44.209575],[-91.87647,44.206007],[-91.876056,44.202728],[-91.875158,44.200575],[-91.872369,44.199167],[-91.867432,44.197581],[-91.865776,44.19713],[-91.864387,44.196574],[-91.859708,44.193731],[-91.856026,44.191903],[-91.853888,44.190606],[-91.851962,44.189196],[-91.847765,44.186514],[-91.844754,44.184878],[-91.84152,44.183492],[-91.837656,44.182051],[-91.835982,44.181429],[-91.832479,44.180308],[-91.829167,44.17835],[-91.82457,44.173089],[-91.819594,44.167248],[-91.817302,44.164235],[-91.81606,44.16351],[-91.808064,44.159262],[-91.801969,44.156504],[-91.796669,44.154335],[-91.792912,44.153084],[-91.788506,44.151946],[-91.784805,44.150832],[-91.774486,44.147539],[-91.772876,44.146797],[-91.768574,44.143508],[-91.760987,44.139281],[-91.756719,44.136804],[-91.754015,44.13557],[-91.751747,44.134786],[-91.750152,44.134631],[-91.748325,44.134261],[-91.740871,44.133918],[-91.730648,44.1329],[-91.722735,44.130776],[-91.721552,44.130342],[-91.719097,44.128853],[-91.715197,44.124963],[-91.713593,44.123578],[-91.710597,44.12048],[-91.710037,44.11928],[-91.709476,44.117565],[-91.709887,44.116292],[-91.709718,44.115293],[-91.709036,44.113981],[-91.708082,44.110929],[-91.708207,44.105186],[-91.708117,44.104526],[-91.707491,44.103906],[-91.703895,44.102388],[-91.69531,44.09857],[-91.691281,44.097858],[-91.68857,44.097965],[-91.687366,44.09828],[-91.685748,44.098419],[-91.684175,44.098203],[-91.682824,44.097898],[-91.68153,44.0974],[-91.67252,44.091286],[-91.668611,44.088339],[-91.667006,44.086964],[-91.665263,44.085041],[-91.664258,44.083148],[-91.663855,44.081546],[-91.659511,44.074203],[-91.657,44.071409],[-91.654322,44.07009],[-91.652247,44.068634],[-91.650574,44.067169],[-91.648822,44.064971],[-91.647873,44.064109],[-91.646446,44.063337],[-91.644717,44.062782],[-91.6434,44.062711],[-91.640536,44.063678],[-91.639212,44.063651],[-91.63814,44.063295],[-91.637148,44.06287],[-91.636091,44.062299],[-91.633364,44.060365],[-91.6312,44.058666],[-91.629573,44.056966],[-91.627896,44.055805],[-91.625148,44.054589],[-91.623784,44.054106],[-91.619591,44.053001],[-91.615375,44.051598],[-91.610487,44.04931],[-91.607339,44.047357],[-91.605015,44.045306],[-91.60355,44.043681],[-91.601794,44.04138],[-91.599373,44.03717],[-91.597617,44.034965],[-91.595618,44.033325],[-91.59207,44.031372],[-91.587855,44.029541],[-91.582604,44.027381],[-91.580019,44.026925],[-91.573283,44.026901],[-91.570711,44.026687],[-91.563649,44.025737],[-91.560509,44.025498],[-91.559004,44.025315],[-91.556709,44.024729],[-91.552541,44.023364],[-91.549511,44.022618],[-91.547028,44.022226],[-91.533778,44.021433],[-91.527778,44.021623],[-91.524315,44.021433],[-91.517399,44.0206],[-91.507121,44.01898],[-91.505918,44.018651],[-91.502163,44.016856],[-91.500144,44.015627],[-91.499601,44.015398],[-91.496574,44.013457],[-91.494988,44.012536],[-91.490917,44.011089],[-91.48087,44.008145],[-91.479756,44.007978],[-91.478498,44.00803],[-91.470564,44.009282],[-91.468472,44.00948],[-91.467481,44.009523],[-91.463515,44.009041],[-91.459107,44.007022],[-91.457378,44.006301],[-91.454067,44.005206],[-91.446265,44.003002],[-91.440541,44.001518],[-91.439265,44.000988],[-91.43738,43.999962],[-91.432347,43.99669],[-91.429757,43.993778],[-91.426674,43.988449],[-91.425669,43.985104],[-91.424134,43.982631],[-91.415043,43.975629],[-91.412491,43.973411],[-91.410544,43.970889],[-91.407395,43.965148],[-91.406011,43.963929],[-91.395086,43.959409],[-91.385798,43.954241],[-91.384356,43.953071],[-91.379611,43.948412],[-91.375122,43.944279],[-91.366642,43.937463],[-91.365379,43.936094],[-91.36472,43.93488],[-91.364321,43.933451],[-91.363992,43.9317],[-91.364006,43.930034],[-91.363836,43.928641],[-91.363227,43.926557],[-91.359958,43.921335],[-91.359774,43.920885],[-91.358828,43.919306],[-91.357425,43.917231],[-91.35674,43.916564],[-91.351688,43.914545],[-91.348743,43.912768],[-91.347741,43.911964],[-91.346271,43.910074],[-91.344776,43.906939],[-91.34383,43.905443],[-91.343441,43.904564],[-91.342335,43.902697],[-91.340473,43.900141],[-91.339283,43.898661],[-91.338141,43.897664],[-91.336613,43.89686],[-91.333194,43.895502],[-91.330844,43.894663],[-91.325465,43.892224],[-91.322406,43.889948],[-91.320605,43.888491],[-91.318988,43.886744],[-91.316989,43.884287],[-91.31531,43.881808],[-91.314181,43.879137],[-91.313037,43.875757],[-91.31294,43.874964],[-91.311266,43.867832],[-91.310991,43.867381],[-91.310014,43.866626],[-91.307739,43.865165],[-91.307591,43.864857],[-91.305197,43.86329],[-91.303337,43.861893],[-91.302697,43.861286],[-91.301744,43.860139],[-91.300819,43.858753],[-91.300118,43.857894],[-91.298815,43.856555],[-91.296738,43.855165],[-91.294771,43.854274],[-91.293932,43.854038],[-91.291933,43.853259],[-91.291002,43.852733],[-91.290193,43.852207],[-91.288285,43.850688],[-91.286988,43.849414],[-91.285477,43.848239],[-91.284138,43.847065],[-91.283768,43.846553],[-91.282532,43.843677],[-91.281968,43.842738],[-91.281279,43.841755],[-91.280564,43.841121],[-91.278535,43.838855],[-91.277695,43.837741],[-91.277329,43.836749],[-91.277085,43.835188],[-91.276834,43.832513],[-91.276738,43.829665],[-91.275737,43.824866],[-91.273036,43.818566],[-91.272037,43.813766],[-91.271153,43.811998],[-91.268659,43.809772],[-91.268491,43.809483],[-91.267849,43.808761],[-91.267436,43.804166],[-91.264436,43.800365],[-91.262431,43.79236],[-91.262433,43.79217],[-91.253335,43.783067],[-91.244135,43.774667],[-91.243955,43.773046],[-91.244337,43.771375],[-91.244794,43.770452],[-91.247129,43.76663],[-91.249434,43.760267],[-91.252118,43.753438],[-91.253152,43.749967],[-91.254706,43.746757],[-91.255271,43.745447],[-91.255431,43.744876],[-91.255535,43.741712],[-91.255467,43.739335],[-91.254922,43.73533],[-91.254903,43.733533],[-91.25516,43.731996],[-91.255932,43.729849],[-91.256698,43.728354],[-91.258756,43.723426],[-91.261316,43.71949],[-91.264871,43.715793],[-91.266538,43.713947],[-91.267864,43.711658],[-91.268455,43.709824],[-91.267792,43.695652],[-91.268773,43.690873],[-91.270385,43.685934],[-91.270853,43.681466],[-91.27218,43.67891],[-91.272741,43.676609],[-91.27264,43.67536],[-91.271447,43.673535],[-91.271298,43.672753],[-91.271875,43.671241],[-91.272808,43.669618],[-91.273316,43.668307],[-91.273252,43.666623],[-91.27203,43.661431],[-91.272041,43.660085],[-91.272387,43.658267],[-91.27237,43.657662],[-91.271749,43.654929],[-91.270767,43.65308],[-91.269348,43.651842],[-91.267111,43.650511],[-91.265051,43.649141],[-91.263856,43.647662],[-91.262817,43.644565],[-91.262397,43.64176],[-91.263178,43.638203],[-91.265071,43.634111],[-91.268457,43.627352],[-91.268553,43.62645],[-91.268221,43.62497],[-91.267986,43.623314],[-91.268979,43.616578],[-91.268748,43.615348],[-91.265091,43.609977],[-91.261631,43.606175],[-91.258267,43.603484],[-91.252926,43.600363],[-91.250133,43.598195],[-91.247953,43.59669],[-91.245079,43.594343],[-91.239109,43.58976],[-91.236666,43.587656],[-91.234499,43.585529],[-91.232707,43.583533],[-91.231865,43.581822],[-91.231398,43.578212],[-91.23149,43.575595],[-91.231844,43.571659],[-91.232231,43.569728],[-91.232379,43.567015],[-91.232812,43.564842],[-91.234432,43.561781],[-91.236257,43.55959],[-91.240649,43.554995],[-91.242208,43.552819],[-91.243214,43.550722],[-91.24382,43.54913],[-91.244084,43.547343],[-91.244093,43.54562],[-91.243183,43.540309],[-91.241877,43.538492],[-91.239251,43.535888],[-91.236725,43.53293],[-91.235752,43.531098],[-91.234772,43.528525],[-91.233882,43.525654],[-91.232941,43.523967],[-91.231832,43.522827],[-91.230027,43.521595],[-91.228428,43.520985],[-91.225167,43.519497],[-91.222613,43.517892],[-91.218292,43.514434],[-91.217353,43.512474],[-91.217287,43.510509],[-91.217726,43.509231],[-91.217876,43.508104],[-91.217888,43.505994],[-91.217706,43.50055],[-91.246623,43.500485],[-91.249166,43.500532],[-91.250132,43.50079],[-91.252101,43.50074],[-91.253437,43.500893],[-91.261184,43.501015],[-91.271339,43.500903],[-91.342974,43.500704],[-91.371256,43.500837],[-91.371542,43.500925],[-91.372672,43.500577],[-91.375136,43.500596],[-91.376629,43.500501],[-91.397319,43.500887],[-91.448854,43.500598],[-91.464667,43.500612],[-91.465287,43.500686],[-91.469097,43.500726],[-91.475036,43.500624],[-91.490612,43.500703],[-91.493522,43.500777],[-91.50014,43.50064],[-91.533806,43.50056],[-91.542352,43.500692],[-91.549274,43.50069],[-91.559076,43.500538],[-91.570817,43.500537],[-91.59098,43.50068],[-91.610429,43.500679],[-91.614202,43.500621],[-91.61578,43.500672],[-91.617276,43.500615],[-91.617551,43.500688],[-91.625611,43.500727],[-91.632178,43.500441],[-91.634369,43.500437],[-91.639681,43.500573],[-91.642821,43.500539],[-91.643263,43.500612],[-91.644788,43.500652],[-91.645106,43.500551],[-91.650032,43.500538],[-91.651397,43.500454],[-91.663364,43.500628],[-91.675275,43.50058],[-91.711846,43.500761],[-91.720531,43.500695],[-91.729967,43.500736],[-91.730217,43.500806],[-91.7314,43.50066],[-91.737217,43.500548],[-91.73726,43.500699],[-91.737529,43.500761],[-91.749998,43.500696],[-91.761252,43.500829],[-91.776876,43.500707],[-91.777161,43.50083],[-91.778221,43.500844],[-91.782494,43.500712],[-91.80651,43.500735],[-91.807175,43.500647],[-91.824949,43.500684],[-91.825303,43.500755],[-91.836378,43.50079],[-91.868244,43.500709],[-91.869558,43.500731],[-91.870238,43.500861],[-91.87088,43.500713],[-91.894177,43.500727],[-91.90972,43.500819],[-91.928715,43.500728],[-91.929644,43.500762],[-91.930043,43.500895],[-91.930194,43.500639],[-91.930795,43.500717],[-91.94171,43.500716],[-91.947543,43.500504],[-91.95001,43.500674],[-91.954383,43.500659],[-91.957824,43.500732],[-91.971462,43.500645],[-92.002046,43.500765],[-92.0102,43.500668],[-92.029845,43.500621],[-92.047247,43.500736],[-92.057973,43.500695],[-92.062646,43.500771],[-92.072667,43.500758],[-92.079469,43.500675],[-92.079802,43.500621],[-92.082684,43.500769],[-92.082925,43.50071],[-92.092391,43.500671],[-92.118489,43.50082],[-92.12985,43.500656],[-92.136463,43.500699],[-92.139258,43.500782],[-92.147548,43.500791],[-92.150135,43.500719],[-92.156315,43.500704],[-92.170091,43.500704],[-92.1719,43.50078],[-92.208954,43.500518],[-92.222514,43.500614],[-92.223696,43.500723],[-92.224379,43.500601],[-92.275192,43.500593],[-92.276898,43.500579],[-92.277505,43.500466],[-92.278464,43.50044],[-92.27892,43.500582],[-92.279473,43.5006],[-92.320967,43.500538],[-92.347494,43.500612],[-92.368032,43.500548],[-92.369057,43.500491],[-92.376589,43.500603],[-92.377876,43.50069],[-92.382653,43.500628],[-92.386601,43.500481],[-92.391775,43.500564],[-92.405959,43.500512],[-92.408616,43.500524],[-92.409227,43.500605],[-92.410517,43.500535],[-92.418841,43.500615],[-92.420718,43.500551],[-92.426605,43.500581],[-92.431679,43.500513],[-92.4351,43.500551],[-92.435606,43.5005],[-92.437649,43.500551],[-92.458974,43.500413],[-92.464386,43.500281],[-92.484047,43.500309],[-92.495537,43.500254],[-92.497101,43.500364],[-92.498817,43.500388],[-92.499169,43.500267],[-92.505649,43.500237],[-92.549786,43.50019],[-92.558031,43.500284],[-92.60712,43.500188],[-92.652698,43.500216],[-92.704662,43.500065],[-92.821742,43.499982],[-92.830278,43.499898],[-93.247207,43.499511],[-93.250204,43.499386],[-93.266987,43.499361],[-93.272112,43.499496],[-93.31449,43.499459],[-93.458595,43.499579],[-93.46829,43.499572],[-93.472301,43.499466],[-93.483087,43.499474],[-93.492638,43.499612],[-93.502104,43.499576],[-93.533646,43.499662],[-93.708489,43.499648],[-93.872002,43.499722],[-93.914717,43.499822],[-93.919858,43.499766],[-93.952288,43.499874],[-94.07523,43.500016],[-94.106864,43.500128],[-94.181288,43.500072],[-94.212041,43.500155],[-94.250505,43.500118],[-94.307404,43.500175],[-94.320863,43.500266],[-94.374965,43.500221],[-94.377367,43.500236],[-94.377466,43.500379],[-94.390486,43.500468],[-94.390599,43.500317],[-94.390776,43.500284],[-94.448156,43.500429],[-94.470547,43.500321],[-94.470912,43.500432],[-94.472935,43.50045],[-94.557445,43.500525],[-94.565841,43.500599],[-94.566087,43.500584],[-94.566525,43.500354],[-94.611635,43.500532],[-94.613654,43.500783],[-94.616937,43.500698],[-94.628239,43.500682],[-94.712614,43.500845],[-94.74746,43.501035],[-94.765747,43.501052],[-94.805546,43.501004],[-94.824375,43.500877],[-94.857932,43.500924],[-94.858354,43.50087],[-94.85882,43.500591],[-94.859696,43.500574],[-94.860138,43.500757],[-94.861145,43.500935],[-94.872246,43.500917],[-94.872751,43.500988],[-94.874795,43.500907],[-94.883617,43.500946],[-94.884418,43.500933],[-94.889122,43.500499],[-94.903818,43.50047],[-94.914574,43.500872],[-94.92564,43.500956],[-94.927434,43.500917],[-94.929698,43.501013],[-94.941753,43.500895],[-94.965025,43.501007],[-94.973644,43.500979],[-94.974793,43.500923],[-94.99448,43.500923],[-95.093987,43.501012],[-95.09714,43.500945],[-95.102471,43.500959],[-95.104951,43.500864],[-95.114606,43.500824],[-95.115768,43.500945],[-95.122666,43.500989],[-95.124249,43.500863],[-95.125271,43.500631],[-95.141331,43.500588],[-95.154936,43.500448],[-95.165798,43.500768],[-95.167595,43.501021],[-95.179917,43.500909],[-95.21128,43.500815],[-95.21493,43.501016],[-95.222383,43.500949],[-95.244844,43.501196],[-95.250365,43.500661],[-95.25086,43.50052],[-95.251028,43.500603],[-95.304868,43.500412],[-95.306202,43.500493],[-95.367578,43.500248],[-95.413701,43.50018],[-95.427494,43.500099],[-95.433839,43.500113],[-95.434108,43.500177],[-95.43425,43.500415],[-95.454614,43.500647],[-95.454608,43.500565],[-95.460478,43.500468],[-95.477448,43.500301],[-95.478276,43.500024],[-95.487376,43.499998],[-95.492711,43.500164],[-95.500283,43.499964],[-95.514656,43.499867],[-95.517329,43.499986],[-95.521726,43.499992],[-95.5245,43.499856],[-95.524921,43.49997],[-95.616768,43.499886],[-95.754738,43.499891],[-95.790672,43.499946],[-95.797176,43.500012],[-95.855494,43.500017],[-95.876243,43.500117],[-95.900618,43.500032],[-95.94085,43.500106],[-96.035696,43.5001],[-96.07804,43.500189],[-96.112014,43.5002],[-96.120957,43.500145],[-96.18459,43.500218],[-96.198008,43.500299],[-96.199112,43.500256],[-96.208903,43.500365],[-96.21272,43.50027],[-96.23208,43.500247],[-96.325227,43.500282],[-96.32966,43.5003],[-96.332062,43.500415],[-96.350845,43.500238],[-96.351126,43.500158],[-96.356196,43.500295],[-96.370407,43.500331],[-96.45326,43.50039],[-96.45344,43.58746],[-96.453359,43.587702],[-96.45344,43.58804],[-96.453409,43.600069],[-96.45347,43.6089],[-96.45338,43.61139],[-96.45337,43.62396],[-96.45345,43.63857],[-96.4534,43.66063],[-96.45347,43.67496],[-96.45342,43.675138],[-96.45335,43.69459],[-96.45334,43.75826],[-96.45323,43.75939],[-96.45333,43.7608],[-96.453255,43.766926],[-96.453315,43.775607],[-96.453088,43.805123],[-96.452835,43.821739],[-96.452873,43.827499],[-96.452942,43.831409],[-96.453003,43.83168],[-96.452934,43.832303],[-96.45303,43.83775],[-96.452988,43.849507],[-96.43138,43.84949],[-96.4087,43.84935],[-96.3916,43.84912],[-96.36847,43.84906],[-96.35569,43.84895],[-96.33209,43.84888],[-96.31238,43.84893],[-96.290634,43.848729],[-96.24488,43.84859],[-96.142669,43.848675],[-96.116436,43.848776],[-96.11388,43.84869],[-96.11295,43.84876],[-96.06712,43.849028],[-96.032936,43.849055],[-96.023862,43.849123],[-96.023601,43.849072],[-96.017234,43.849122],[-95.993899,43.848896],[-95.974744,43.848793],[-95.943665,43.848712],[-95.92423,43.849],[-95.903327,43.848586],[-95.874358,43.848532],[-95.863367,43.848375],[-95.854063,43.848487],[-95.84392,43.84848],[-95.812512,43.848264],[-95.810219,43.848156],[-95.809268,43.848292],[-95.8038,43.84837],[-95.793374,43.848203],[-95.7871,43.84822],[-95.778726,43.847889],[-95.772864,43.847927],[-95.772828,43.848106],[-95.772647,43.848162],[-95.76381,43.8482],[-95.763838,43.848164],[-95.752726,43.847971],[-95.744348,43.848042],[-95.737949,43.848176],[-95.72358,43.84821],[-95.712286,43.848154],[-95.70622,43.8482],[-95.698126,43.848042],[-95.692323,43.848018],[-95.673767,43.84804],[-95.67336,43.847971],[-95.671884,43.847952],[-95.665853,43.848059],[-95.6633,43.848225],[-95.663096,43.848109],[-95.662766,43.848046],[-95.644184,43.848091],[-95.613613,43.847893],[-95.5425,43.84797],[-95.524784,43.847913],[-95.48246,43.84794],[-95.46738,43.847876],[-95.452502,43.847953],[-95.375277,43.847907],[-95.356141,43.84803],[-95.34032,43.848042],[-95.338773,43.847837],[-95.330885,43.847838],[-95.32581,43.847959],[-95.295802,43.848069],[-95.268392,43.848067],[-95.267193,43.847988],[-95.266187,43.848178],[-95.264822,43.848062],[-95.220868,43.847966],[-95.211049,43.847883],[-95.208848,43.847752],[-95.208782,43.847857],[-95.206058,43.847853],[-95.198135,43.847783],[-95.196168,43.847692],[-95.190529,43.847752],[-95.18077,43.847653],[-95.155579,43.847865],[-95.117893,43.847895],[-95.102458,43.84808],[-95.099427,43.847919],[-95.049833,43.847902],[-95.048381,43.848072],[-95.0308,43.847999],[-95.01914,43.847861],[-94.958529,43.847758],[-94.934612,43.84779],[-94.916412,43.847624],[-94.895468,43.847744],[-94.859388,43.848093],[-94.859318,43.874956],[-94.859194,43.891647],[-94.859291,43.929432],[-94.859113,43.933956],[-94.859274,43.962758],[-94.859145,43.991464],[-94.859196,44.018267],[-94.859301,44.026477],[-94.859297,44.038616],[-94.859187,44.050093],[-94.859355,44.071774],[-94.859261,44.093557],[-94.859803,44.108016],[-94.819831,44.108247],[-94.798798,44.108317],[-94.790947,44.108265],[-94.769392,44.108574],[-94.738344,44.108898],[-94.738569,44.108957],[-94.738611,44.109099],[-94.738373,44.115981],[-94.738536,44.151515],[-94.738853,44.167869],[-94.73927,44.195858],[-94.745916,44.195842],[-94.745944,44.195958],[-94.745973,44.212],[-94.745837,44.236132],[-94.74587,44.240169],[-94.7461,44.245739],[-94.74613,44.249984],[-94.745895,44.260538],[-94.745917,44.278989],[-94.745856,44.283634],[-94.745882,44.284792],[-94.745992,44.285259],[-94.745888,44.287182],[-94.745914,44.292935],[-94.745819,44.293619],[-94.745804,44.297222],[-94.755928,44.297199],[-94.755911,44.299086],[-94.759287,44.301212],[-94.759682,44.301539],[-94.761447,44.303915],[-94.761555,44.30453],[-94.76188,44.310391],[-94.761719,44.310881],[-94.761266,44.31169],[-94.806185,44.311637],[-94.806114,44.319826],[-94.805979,44.326119],[-94.836216,44.326044],[-94.83632,44.326326],[-94.836198,44.340493],[-94.866186,44.340249],[-94.866071,44.368944],[-94.865889,44.387273],[-94.865512,44.456706],[-94.865522,44.468108],[-94.865727,44.481093],[-94.865824,44.498218],[-94.865241,44.497979],[-94.86481,44.497557],[-94.864531,44.496904],[-94.864428,44.496408],[-94.864097,44.495774],[-94.863743,44.49555],[-94.862569,44.495229],[-94.861848,44.495082],[-94.858472,44.494795],[-94.856327,44.494899],[-94.853255,44.495588],[-94.852358,44.495563],[-94.851908,44.495363],[-94.851713,44.494865],[-94.851739,44.494506],[-94.85191,44.494136],[-94.852853,44.493412],[-94.855114,44.492491],[-94.855304,44.492199],[-94.855311,44.492024],[-94.855071,44.491239],[-94.854669,44.490493],[-94.854399,44.490131],[-94.854107,44.48989],[-94.853785,44.489759],[-94.853247,44.489673],[-94.852557,44.489696],[-94.850787,44.489909],[-94.850099,44.490186],[-94.849946,44.490312],[-94.849908,44.490455],[-94.850087,44.491147],[-94.850043,44.491559],[-94.849844,44.491768],[-94.849454,44.49195],[-94.847499,44.492158],[-94.845982,44.492514],[-94.845377,44.492537],[-94.841825,44.492249],[-94.841173,44.492113],[-94.839976,44.491688],[-94.838798,44.490625],[-94.838682,44.49045],[-94.838627,44.490032],[-94.838793,44.489126],[-94.838591,44.488681],[-94.838284,44.488468],[-94.837998,44.488504],[-94.8375,44.488739],[-94.836912,44.489368],[-94.836582,44.489536],[-94.836234,44.489655],[-94.835508,44.489761],[-94.834898,44.48976],[-94.834078,44.489632],[-94.831926,44.488979],[-94.831006,44.488254],[-94.829257,44.486552],[-94.828845,44.48562],[-94.828731,44.484777],[-94.828509,44.483967],[-94.828255,44.48351],[-94.827616,44.482973],[-94.827066,44.482857],[-94.826816,44.482892],[-94.826636,44.483075],[-94.826267,44.483847],[-94.825579,44.484913],[-94.82523,44.485255],[-94.824582,44.4855],[-94.824169,44.485554],[-94.823741,44.48549],[-94.822212,44.484787],[-94.821503,44.484333],[-94.818419,44.483047],[-94.818043,44.482959],[-94.817493,44.482961],[-94.817271,44.48303],[-94.817072,44.483189],[-94.816695,44.483744],[-94.816345,44.484468],[-94.816116,44.484623],[-94.815725,44.484701],[-94.815441,44.484663],[-94.81488,44.48445],[-94.814464,44.483956],[-94.814394,44.483467],[-94.814516,44.482893],[-94.814923,44.482403],[-94.815391,44.482238],[-94.817211,44.481994],[-94.817661,44.481786],[-94.817858,44.481562],[-94.817937,44.48124],[-94.817918,44.480202],[-94.817639,44.479362],[-94.817393,44.479082],[-94.816913,44.478986],[-94.816186,44.479088],[-94.815748,44.479241],[-94.812504,44.481722],[-94.81222,44.481838],[-94.811949,44.481846],[-94.811435,44.481726],[-94.811243,44.481603],[-94.811112,44.481447],[-94.810973,44.481057],[-94.810832,44.480195],[-94.810467,44.478921],[-94.810379,44.477916],[-94.810562,44.476616],[-94.81051,44.476107],[-94.810414,44.475854],[-94.810442,44.47504],[-94.810626,44.474668],[-94.81114,44.474061],[-94.811125,44.473578],[-94.810028,44.471307],[-94.809912,44.471191],[-94.808952,44.470715],[-94.807561,44.469784],[-94.807038,44.46951],[-94.805211,44.468734],[-94.802286,44.467695],[-94.801526,44.467603],[-94.800614,44.467622],[-94.799824,44.467854],[-94.799438,44.468179],[-94.799299,44.468433],[-94.799093,44.469508],[-94.799006,44.469623],[-94.798783,44.469702],[-94.798574,44.469722],[-94.798125,44.469579],[-94.797851,44.469312],[-94.797653,44.468916],[-94.797693,44.468317],[-94.79829,44.467634],[-94.798925,44.467251],[-94.800325,44.466641],[-94.801347,44.466322],[-94.802424,44.466156],[-94.803199,44.466321],[-94.803853,44.466673],[-94.80426,44.466807],[-94.804723,44.466915],[-94.805471,44.466936],[-94.806237,44.466792],[-94.806396,44.466699],[-94.806445,44.466426],[-94.806237,44.466034],[-94.805634,44.465484],[-94.805201,44.465244],[-94.804623,44.465162],[-94.802994,44.465279],[-94.801487,44.465021],[-94.80088,44.464747],[-94.798498,44.463351],[-94.797153,44.462413],[-94.796714,44.462183],[-94.795318,44.461565],[-94.793368,44.460882],[-94.793037,44.460624],[-94.793021,44.460322],[-94.793204,44.460096],[-94.794078,44.459491],[-94.794118,44.459276],[-94.794067,44.459056],[-94.793867,44.458781],[-94.792745,44.458047],[-94.790946,44.456676],[-94.790475,44.456401],[-94.789781,44.456226],[-94.789078,44.456192],[-94.788041,44.456293],[-94.786204,44.456845],[-94.782799,44.457376],[-94.781915,44.457646],[-94.781379,44.45772],[-94.780983,44.457493],[-94.78063,44.45665],[-94.768115,44.456446],[-94.763675,44.456444],[-94.762654,44.456283],[-94.744064,44.456404],[-94.74358,44.45632],[-94.73449,44.45638],[-94.725393,44.456296],[-94.71752,44.45635],[-94.64731,44.45605],[-94.60084,44.455979],[-94.59321,44.45591],[-94.57297,44.45589],[-94.55727,44.45611],[-94.55684,44.45593],[-94.55649,44.45587],[-94.55397,44.45587],[-94.550168,44.45597],[-94.548949,44.455939],[-94.54797,44.45611],[-94.513017,44.456449],[-94.46035,44.45627],[-94.45218,44.45635],[-94.41383,44.45643],[-94.41045,44.45646],[-94.40993,44.45653],[-94.40946,44.45648],[-94.39924,44.45649],[-94.38106,44.45665],[-94.374,44.45662],[-94.37337,44.45653],[-94.37249,44.45629],[-94.37196,44.45626],[-94.3698,44.45663],[-94.36885,44.45665],[-94.33522,44.45672],[-94.26249,44.45661],[-94.259701,44.45669],[-94.257732,44.456601],[-94.24813,44.45659],[-94.23142,44.45662],[-94.230217,44.456672],[-94.211212,44.456549],[-94.201704,44.456626],[-94.20101,44.45657],[-94.19115,44.45661],[-94.172148,44.456946],[-94.17189,44.45671],[-94.17144,44.45659],[-94.1502,44.45647],[-94.13109,44.45679],[-94.11933,44.456875],[-94.000244,44.456487],[-93.994971,44.456618],[-93.960087,44.456675],[-93.92955,44.45664],[-93.92955,44.456716],[-93.928504,44.456586],[-93.927323,44.455162],[-93.927226,44.454871],[-93.927247,44.454123],[-93.927804,44.4532],[-93.928294,44.452912],[-93.931637,44.452474],[-93.932767,44.452089],[-93.933356,44.451449],[-93.933541,44.450771],[-93.933447,44.450272],[-93.932744,44.449581],[-93.929099,44.447536],[-93.928343,44.446538],[-93.928133,44.446038],[-93.927892,44.44541],[-93.927876,44.444525],[-93.928101,44.443945],[-93.928995,44.442871],[-93.92942,44.44206],[-93.929552,44.441522],[-93.931225,44.437487],[-93.932031,44.435892],[-93.932842,44.434512],[-93.933298,44.433169],[-93.933367,44.432607],[-93.933367,44.43119],[-93.933255,44.43024],[-93.933335,44.429209],[-93.93373,44.42766],[-93.934076,44.426584],[-93.934478,44.42565],[-93.935655,44.423561],[-93.936568,44.422147],[-93.937841,44.420585],[-93.938102,44.419675],[-93.938087,44.418378],[-93.938778,44.415939],[-93.939237,44.413858],[-93.93968,44.412798],[-93.93997,44.412524],[-93.940341,44.412396],[-93.94092,44.412347],[-93.942848,44.412649],[-93.944431,44.41304],[-93.946299,44.413167],[-93.947378,44.413104],[-93.94923,44.412315],[-93.950889,44.411445],[-93.954062,44.409642],[-93.954191,44.409368],[-93.954126,44.408965],[-93.953563,44.408208],[-93.953031,44.407935],[-93.952081,44.407741],[-93.951308,44.407323],[-93.950696,44.406775],[-93.950213,44.405744],[-93.949891,44.404553],[-93.949987,44.404037],[-93.94944,44.401782],[-93.94894,44.400371],[-93.948892,44.396951],[-93.949131,44.395609],[-93.949971,44.393633],[-93.95039,44.393118],[-93.950857,44.392812],[-93.951695,44.392506],[-93.952258,44.392377],[-93.953959,44.392202],[-93.955093,44.391769],[-93.956519,44.39169],[-93.959742,44.392269],[-93.960195,44.392285],[-93.963176,44.39275],[-93.963641,44.392686],[-93.964302,44.392477],[-93.965002,44.392013],[-93.96537,44.391581],[-93.96569,44.390892],[-93.965789,44.390461],[-93.965748,44.390066],[-93.965587,44.389568],[-93.965194,44.389243],[-93.964842,44.389195],[-93.963935,44.389378],[-93.962932,44.389772],[-93.961528,44.390558],[-93.959648,44.390913],[-93.95828,44.390896],[-93.956724,44.390689],[-93.95549,44.390156],[-93.954289,44.389419],[-93.953056,44.38801],[-93.952528,44.387113],[-93.952272,44.386184],[-93.952239,44.385704],[-93.952368,44.384583],[-93.952624,44.383943],[-93.952896,44.383686],[-93.953264,44.38367],[-93.956163,44.385064],[-93.956883,44.385256],[-93.957732,44.385368],[-93.958559,44.385345],[-93.959974,44.385224],[-93.961831,44.384567],[-93.962456,44.384263],[-93.962856,44.383895],[-93.963256,44.383222],[-93.963337,44.382469],[-93.963128,44.381589],[-93.962824,44.38122],[-93.962376,44.380884],[-93.961575,44.380532],[-93.959531,44.380049],[-93.957188,44.379395],[-93.956739,44.379043],[-93.956259,44.37845],[-93.955282,44.376143],[-93.954999,44.375005],[-93.955259,44.374],[-93.956351,44.373212],[-93.960182,44.3715],[-93.961355,44.371102],[-93.961989,44.370739],[-93.962411,44.370389],[-93.962429,44.369473],[-93.961923,44.368479],[-93.961741,44.367138],[-93.962047,44.365888],[-93.962082,44.364981],[-93.961661,44.364084],[-93.961371,44.363734],[-93.961039,44.363504],[-93.960108,44.363083],[-93.959062,44.362963],[-93.957459,44.363191],[-93.956453,44.363984],[-93.955252,44.366086],[-93.9546,44.366473],[-93.954208,44.366519],[-93.953032,44.366165],[-93.952502,44.365247],[-93.953143,44.36403],[-93.956432,44.361847],[-93.956769,44.361492],[-93.956818,44.361242],[-93.956656,44.360225],[-93.955701,44.358465],[-93.953958,44.357008],[-93.951474,44.356013],[-93.948996,44.355637],[-93.944881,44.355374],[-93.944183,44.355205],[-93.943548,44.354972],[-93.939377,44.352664],[-93.937598,44.351246],[-93.936646,44.35059],[-93.93618,44.350082],[-93.935038,44.348205],[-93.933225,44.345893],[-93.932685,44.344885],[-93.932806,44.344007],[-93.934662,44.342057],[-93.936032,44.339665],[-93.93649,44.339174],[-93.937334,44.338981],[-93.937768,44.339094],[-93.938318,44.339327],[-93.938657,44.33956],[-93.939207,44.340004],[-93.939567,44.340428],[-93.940012,44.340745],[-93.940499,44.340978],[-93.941155,44.34119],[-93.942383,44.341181],[-93.943252,44.3409],[-93.943925,44.340468],[-93.945193,44.338988],[-93.945397,44.338261],[-93.945176,44.337048],[-93.942917,44.333973],[-93.942784,44.333162],[-93.94362,44.331266],[-93.944614,44.330681],[-93.94867,44.330544],[-93.950823,44.328758],[-93.951276,44.327777],[-93.951277,44.326852],[-93.951523,44.32639],[-93.952546,44.325225],[-93.952791,44.324738],[-93.952469,44.324002],[-93.951403,44.323115],[-93.950653,44.322304],[-93.950577,44.321598],[-93.95077,44.320379],[-93.951469,44.319685],[-93.953492,44.318065],[-93.954464,44.316713],[-93.956889,44.312179],[-93.959576,44.307802],[-93.959783,44.307299],[-93.960216,44.307062],[-93.964608,44.307312],[-93.966103,44.307049],[-93.966879,44.306708],[-93.968733,44.305611],[-93.970406,44.304428],[-93.971534,44.303059],[-93.972367,44.301638],[-93.972927,44.300904],[-93.973467,44.300398],[-93.974479,44.299694],[-93.97497,44.299469],[-93.975622,44.299377],[-93.978395,44.299398],[-93.979179,44.299525],[-93.980978,44.299631],[-93.981804,44.299313],[-93.984434,44.297552],[-93.985518,44.297031],[-93.988477,44.296224],[-93.990044,44.295924],[-93.991132,44.295466],[-93.990218,44.293857],[-93.989871,44.292984],[-93.990088,44.292305],[-93.990816,44.291465],[-93.992501,44.290403],[-93.993944,44.289078],[-93.995137,44.287161],[-93.996316,44.284358],[-93.99647,44.282577],[-93.996986,44.280968],[-93.997696,44.279404],[-93.998135,44.278806],[-94.000235,44.278826],[-94.003716,44.279042],[-94.00469,44.279042],[-94.006108,44.27883],[-94.006934,44.27864],[-94.007696,44.278343],[-94.008585,44.277983],[-94.010131,44.277221],[-94.010956,44.276755],[-94.011729,44.276025],[-94.012565,44.274977],[-94.013178,44.273876],[-94.013209,44.273537],[-94.013147,44.273183],[-94.012597,44.272828],[-94.008739,44.271707],[-94.008461,44.271555],[-94.008229,44.271238],[-94.008287,44.270892],[-94.008409,44.270673],[-94.008865,44.270426],[-94.009846,44.270076],[-94.01233,44.269693],[-94.01285,44.269425],[-94.013274,44.268469],[-94.013563,44.266306],[-94.014291,44.264955],[-94.014825,44.26445],[-94.015735,44.264073],[-94.018316,44.26333],[-94.019208,44.262968],[-94.021633,44.261605],[-94.025073,44.258227],[-94.025237,44.257737],[-94.025252,44.256875],[-94.025162,44.256519],[-94.024496,44.255895],[-94.023336,44.255746],[-94.022384,44.255862],[-94.019756,44.25741],[-94.019162,44.257647],[-94.017885,44.257766],[-94.016132,44.25738],[-94.013132,44.254974],[-94.011315,44.253306],[-94.009983,44.25233],[-94.009419,44.251499],[-94.008996,44.250626],[-94.008575,44.249963],[-94.008393,44.24864],[-94.008499,44.247658],[-94.008881,44.246895],[-94.009898,44.246194],[-94.013104,44.248232],[-94.015269,44.248418],[-94.015882,44.247883],[-94.017326,44.245766],[-94.018984,44.244264],[-94.021338,44.242533],[-94.021989,44.241691],[-94.022081,44.240822],[-94.021381,44.239987],[-94.019121,44.239463],[-94.017508,44.239736],[-94.017013,44.240097],[-94.013958,44.240199],[-94.013076,44.240136],[-94.012463,44.240011],[-94.011964,44.239761],[-94.011868,44.23952],[-94.006211,44.239602],[-94.000232,44.239498],[-93.991467,44.239585],[-93.98169,44.239581],[-93.966699,44.2395],[-93.961386,44.239386],[-93.949673,44.239478],[-93.949193,44.239412],[-93.93519,44.239737],[-93.933992,44.239569],[-93.929086,44.239819],[-93.924034,44.239836],[-93.890483,44.239487],[-93.884545,44.239405],[-93.883423,44.239301],[-93.87525,44.239288],[-93.872858,44.239455],[-93.8621,44.239221],[-93.855978,44.239308],[-93.810188,44.239333],[-93.798193,44.239421],[-93.788121,44.239341],[-93.768031,44.239384],[-93.768031,44.23124],[-93.767967,44.228486],[-93.768035,44.226667],[-93.768041,44.217515],[-93.767984,44.217733],[-93.767971,44.195836],[-93.750269,44.196035],[-93.747163,44.196131],[-93.686665,44.196076],[-93.673169,44.196131],[-93.655853,44.195916],[-93.652165,44.196015],[-93.649155,44.195962],[-93.628784,44.196245],[-93.607897,44.195959],[-93.590634,44.195914],[-93.580074,44.196069],[-93.543138,44.196184],[-93.527,44.196111],[-93.522543,44.196152],[-93.520698,44.196051],[-93.520503,44.196146],[-93.519827,44.196177],[-93.500775,44.196221],[-93.484509,44.19639],[-93.458611,44.196311],[-93.444824,44.196382],[-93.404567,44.196393],[-93.40435,44.206596],[-93.404274,44.224701],[-93.404358,44.225414],[-93.404059,44.229027],[-93.404032,44.245272],[-93.40391,44.248212],[-93.403997,44.248776],[-93.403827,44.250177],[-93.4039,44.251675],[-93.403633,44.270996],[-93.40377,44.283352],[-93.403236,44.29784],[-93.403313,44.300129],[-93.403305,44.302788],[-93.40316,44.311043],[-93.403175,44.314365],[-93.402855,44.323746],[-93.402931,44.343441],[-93.402878,44.361927],[-93.402904,44.365139],[-93.403106,44.3705],[-93.384992,44.370624],[-93.382339,44.370739],[-93.381767,44.370647],[-93.373917,44.370697],[-93.37339,44.370583],[-93.34948,44.370705],[-93.287537,44.370697],[-93.256683,44.370655],[-93.241257,44.370548],[-93.236061,44.370416],[-93.191086,44.370346],[-93.161097,44.370409],[-93.15205,44.370322],[-93.120659,44.370388],[-93.12056,44.371105],[-93.120433,44.373889],[-93.120842,44.375069],[-93.120827,44.376587],[-93.120987,44.377197],[-93.121292,44.377666],[-93.121704,44.378052],[-93.125244,44.380527],[-93.125656,44.381039],[-93.125862,44.38155],[-93.125877,44.391914],[-93.110986,44.39198],[-93.110863,44.391891],[-93.110794,44.391705],[-93.110825,44.387962],[-93.110741,44.387711],[-93.11055,44.38747],[-93.110039,44.387119],[-93.108612,44.386379],[-93.103119,44.384933],[-93.083977,44.385098],[-93.083702,44.385029],[-93.081306,44.387909],[-93.08075,44.38903],[-93.080536,44.389919],[-93.080261,44.398235],[-93.080383,44.406803],[-93.060219,44.40686],[-93.060181,44.422825],[-93.060081,44.42849],[-93.039829,44.428616],[-93.039659,44.444952],[-93.039501,44.450172],[-93.039485,44.471871],[-93.039402,44.479177],[-93.039927,44.486438],[-93.039869,44.500865],[-93.039715,44.512512],[-93.039339,44.515545],[-93.0392,44.51535],[-93.03777,44.514721],[-93.036266,44.514654],[-93.034835,44.514379],[-93.033003,44.514425],[-93.031968,44.514745],[-93.031325,44.515176],[-93.030533,44.515398],[-93.029358,44.515412],[-93.026837,44.516224],[-93.025411,44.517071],[-93.025234,44.517405],[-93.025309,44.517855],[-93.025105,44.51802],[-93.024735,44.518052],[-93.024163,44.517979],[-93.023856,44.517816],[-93.023674,44.517612],[-93.023192,44.516188],[-93.020761,44.515761],[-93.020057,44.515555],[-93.019688,44.515606],[-93.017917,44.515036],[-93.017384,44.515032],[-93.016061,44.515106],[-93.013076,44.516018],[-93.009666,44.51623],[-93.007459,44.516275],[-93.006448,44.516068],[-93.00553,44.515789],[-93.003344,44.515861],[-93.002069,44.516136],[-93.000706,44.516584],[-92.998624,44.517561],[-92.984914,44.518822],[-92.981941,44.518651],[-92.979565,44.518124],[-92.976383,44.517047],[-92.973208,44.514692],[-92.964487,44.514613],[-92.96231,44.515787],[-92.959381,44.51539],[-92.956849,44.514552],[-92.956224,44.513521],[-92.955141,44.510874],[-92.956256,44.509294],[-92.956354,44.508556],[-92.954826,44.507025],[-92.952685,44.506979],[-92.951363,44.507703],[-92.948428,44.510894],[-92.946517,44.512572],[-92.945157,44.512792],[-92.940141,44.511758],[-92.939247,44.511472],[-92.937543,44.511455],[-92.935918,44.511679],[-92.933293,44.512425],[-92.931773,44.513036],[-92.928002,44.514362],[-92.925463,44.515166],[-92.924751,44.515521],[-92.924118,44.516435],[-92.922876,44.51794],[-92.922204,44.517446],[-92.921495,44.517393],[-92.918764,44.517598],[-92.919024,44.520766],[-92.918977,44.54325],[-92.913803,44.543386],[-92.913557,44.543273],[-92.913202,44.543243],[-92.832956,44.54331],[-92.80072,44.5432],[-92.798513,44.543187],[-92.796641,44.542738],[-92.795319,44.542662],[-92.7938,44.54276],[-92.793285,44.542972],[-92.7926,44.542971],[-92.792715,44.54324],[-92.792768,44.550401],[-92.79263,44.560875],[-92.792531,44.561424],[-92.7925,44.562374],[-92.792428,44.569225],[-92.792634,44.61524],[-92.792584,44.629722],[-92.772429,44.629647],[-92.752278,44.629453],[-92.732043,44.629493],[-92.732339,44.636977],[-92.732379,44.643731],[-92.73189,44.658212],[-92.73231,44.665454],[-92.732524,44.671433],[-92.732417,44.679754],[-92.732054,44.69443],[-92.732043,44.714345]]]}},{"type":"Feature","properties":{"district":"2"},"geometry":{"type":"Polygon","coordinates":[[[-93.404567,44.196393],[-93.444824,44.196382],[-93.458611,44.196311],[-93.484509,44.19639],[-93.500775,44.196221],[-93.519827,44.196177],[-93.520503,44.196146],[-93.520698,44.196051],[-93.522543,44.196152],[-93.527,44.196111],[-93.543138,44.196184],[-93.580074,44.196069],[-93.590634,44.195914],[-93.607897,44.195959],[-93.628784,44.196245],[-93.649155,44.195962],[-93.652165,44.196015],[-93.655853,44.195916],[-93.673169,44.196131],[-93.686665,44.196076],[-93.747163,44.196131],[-93.750269,44.196035],[-93.767971,44.195836],[-93.767984,44.217733],[-93.768041,44.217515],[-93.768035,44.226667],[-93.767967,44.228486],[-93.768031,44.23124],[-93.768031,44.239384],[-93.788121,44.239341],[-93.798193,44.239421],[-93.810188,44.239333],[-93.855978,44.239308],[-93.8621,44.239221],[-93.872858,44.239455],[-93.87525,44.239288],[-93.883423,44.239301],[-93.884545,44.239405],[-93.890483,44.239487],[-93.924034,44.239836],[-93.929086,44.239819],[-93.933992,44.239569],[-93.93519,44.239737],[-93.949193,44.239412],[-93.949673,44.239478],[-93.961386,44.239386],[-93.966699,44.2395],[-93.98169,44.239581],[-93.991467,44.239585],[-94.000232,44.239498],[-94.006211,44.239602],[-94.011868,44.23952],[-94.011964,44.239761],[-94.012463,44.240011],[-94.013076,44.240136],[-94.013958,44.240199],[-94.017013,44.240097],[-94.017508,44.239736],[-94.019121,44.239463],[-94.021381,44.239987],[-94.022081,44.240822],[-94.021989,44.241691],[-94.021338,44.242533],[-94.018984,44.244264],[-94.017326,44.245766],[-94.015882,44.247883],[-94.015269,44.248418],[-94.013104,44.248232],[-94.009898,44.246194],[-94.008881,44.246895],[-94.008499,44.247658],[-94.008393,44.24864],[-94.008575,44.249963],[-94.008996,44.250626],[-94.009419,44.251499],[-94.009983,44.25233],[-94.011315,44.253306],[-94.013132,44.254974],[-94.016132,44.25738],[-94.017885,44.257766],[-94.019162,44.257647],[-94.019756,44.25741],[-94.022384,44.255862],[-94.023336,44.255746],[-94.024496,44.255895],[-94.025162,44.256519],[-94.025252,44.256875],[-94.025237,44.257737],[-94.025073,44.258227],[-94.021633,44.261605],[-94.019208,44.262968],[-94.018316,44.26333],[-94.015735,44.264073],[-94.014825,44.26445],[-94.014291,44.264955],[-94.013563,44.266306],[-94.013274,44.268469],[-94.01285,44.269425],[-94.01233,44.269693],[-94.009846,44.270076],[-94.008865,44.270426],[-94.008409,44.270673],[-94.008287,44.270892],[-94.008229,44.271238],[-94.008461,44.271555],[-94.008739,44.271707],[-94.012597,44.272828],[-94.013147,44.273183],[-94.013209,44.273537],[-94.013178,44.273876],[-94.012565,44.274977],[-94.011729,44.276025],[-94.010956,44.276755],[-94.010131,44.277221],[-94.008585,44.277983],[-94.007696,44.278343],[-94.006934,44.27864],[-94.006108,44.27883],[-94.00469,44.279042],[-94.003716,44.279042],[-94.000235,44.278826],[-93.998135,44.278806],[-93.997696,44.279404],[-93.996986,44.280968],[-93.99647,44.282577],[-93.996316,44.284358],[-93.995137,44.287161],[-93.993944,44.289078],[-93.992501,44.290403],[-93.990816,44.291465],[-93.990088,44.292305],[-93.989871,44.292984],[-93.990218,44.293857],[-93.991132,44.295466],[-93.990044,44.295924],[-93.988477,44.296224],[-93.985518,44.297031],[-93.984434,44.297552],[-93.981804,44.299313],[-93.980978,44.299631],[-93.979179,44.299525],[-93.978395,44.299398],[-93.975622,44.299377],[-93.97497,44.299469],[-93.974479,44.299694],[-93.973467,44.300398],[-93.972927,44.300904],[-93.972367,44.301638],[-93.971534,44.303059],[-93.970406,44.304428],[-93.968733,44.305611],[-93.966879,44.306708],[-93.966103,44.307049],[-93.964608,44.307312],[-93.960216,44.307062],[-93.959783,44.307299],[-93.959576,44.307802],[-93.956889,44.312179],[-93.954464,44.316713],[-93.953492,44.318065],[-93.951469,44.319685],[-93.95077,44.320379],[-93.950577,44.321598],[-93.950653,44.322304],[-93.951403,44.323115],[-93.952469,44.324002],[-93.952791,44.324738],[-93.952546,44.325225],[-93.951523,44.32639],[-93.951277,44.326852],[-93.951276,44.327777],[-93.950823,44.328758],[-93.94867,44.330544],[-93.944614,44.330681],[-93.94362,44.331266],[-93.942784,44.333162],[-93.942917,44.333973],[-93.945176,44.337048],[-93.945397,44.338261],[-93.945193,44.338988],[-93.943925,44.340468],[-93.943252,44.3409],[-93.942383,44.341181],[-93.941155,44.34119],[-93.940499,44.340978],[-93.940012,44.340745],[-93.939567,44.340428],[-93.939207,44.340004],[-93.938657,44.33956],[-93.938318,44.339327],[-93.937768,44.339094],[-93.937334,44.338981],[-93.93649,44.339174],[-93.936032,44.339665],[-93.934662,44.342057],[-93.932806,44.344007],[-93.932685,44.344885],[-93.933225,44.345893],[-93.935038,44.348205],[-93.93618,44.350082],[-93.936646,44.35059],[-93.937598,44.351246],[-93.939377,44.352664],[-93.943548,44.354972],[-93.944183,44.355205],[-93.944881,44.355374],[-93.948996,44.355637],[-93.951474,44.356013],[-93.953958,44.357008],[-93.955701,44.358465],[-93.956656,44.360225],[-93.956818,44.361242],[-93.956769,44.361492],[-93.956432,44.361847],[-93.953143,44.36403],[-93.952502,44.365247],[-93.953032,44.366165],[-93.954208,44.366519],[-93.9546,44.366473],[-93.955252,44.366086],[-93.956453,44.363984],[-93.957459,44.363191],[-93.959062,44.362963],[-93.960108,44.363083],[-93.961039,44.363504],[-93.961371,44.363734],[-93.961661,44.364084],[-93.962082,44.364981],[-93.962047,44.365888],[-93.961741,44.367138],[-93.961923,44.368479],[-93.962429,44.369473],[-93.962411,44.370389],[-93.961989,44.370739],[-93.961355,44.371102],[-93.960182,44.3715],[-93.956351,44.373212],[-93.955259,44.374],[-93.954999,44.375005],[-93.955282,44.376143],[-93.956259,44.37845],[-93.956739,44.379043],[-93.957188,44.379395],[-93.959531,44.380049],[-93.961575,44.380532],[-93.962376,44.380884],[-93.962824,44.38122],[-93.963128,44.381589],[-93.963337,44.382469],[-93.963256,44.383222],[-93.962856,44.383895],[-93.962456,44.384263],[-93.961831,44.384567],[-93.959974,44.385224],[-93.958559,44.385345],[-93.957732,44.385368],[-93.956883,44.385256],[-93.956163,44.385064],[-93.953264,44.38367],[-93.952896,44.383686],[-93.952624,44.383943],[-93.952368,44.384583],[-93.952239,44.385704],[-93.952272,44.386184],[-93.952528,44.387113],[-93.953056,44.38801],[-93.954289,44.389419],[-93.95549,44.390156],[-93.956724,44.390689],[-93.95828,44.390896],[-93.959648,44.390913],[-93.961528,44.390558],[-93.962932,44.389772],[-93.963935,44.389378],[-93.964842,44.389195],[-93.965194,44.389243],[-93.965587,44.389568],[-93.965748,44.390066],[-93.965782,44.390642],[-93.96537,44.391581],[-93.965002,44.392013],[-93.964302,44.392477],[-93.963641,44.392686],[-93.963176,44.39275],[-93.960195,44.392285],[-93.959742,44.392269],[-93.956519,44.39169],[-93.955093,44.391769],[-93.953959,44.392202],[-93.952258,44.392377],[-93.951695,44.392506],[-93.950857,44.392812],[-93.95039,44.393118],[-93.949971,44.393633],[-93.949131,44.395609],[-93.948892,44.396951],[-93.94894,44.400371],[-93.94944,44.401782],[-93.94971,44.402865],[-93.949987,44.404037],[-93.949891,44.404553],[-93.950213,44.405744],[-93.950696,44.406775],[-93.951308,44.407323],[-93.952081,44.407741],[-93.953031,44.407935],[-93.953563,44.408208],[-93.954191,44.409126],[-93.954191,44.409368],[-93.954062,44.409642],[-93.94923,44.412315],[-93.947378,44.413104],[-93.946299,44.413167],[-93.944431,44.41304],[-93.942848,44.412649],[-93.94092,44.412347],[-93.940341,44.412396],[-93.93997,44.412524],[-93.93968,44.412798],[-93.939237,44.413858],[-93.938778,44.415939],[-93.938087,44.418378],[-93.938102,44.419675],[-93.937841,44.420585],[-93.936568,44.422147],[-93.935655,44.423561],[-93.934478,44.42565],[-93.934076,44.426584],[-93.93373,44.42766],[-93.933335,44.429209],[-93.933255,44.43024],[-93.933367,44.43119],[-93.933367,44.432607],[-93.933298,44.433169],[-93.932842,44.434512],[-93.932031,44.435892],[-93.931225,44.437487],[-93.929552,44.441522],[-93.92942,44.44206],[-93.928995,44.442871],[-93.928101,44.443945],[-93.927876,44.444525],[-93.927892,44.44541],[-93.928133,44.446038],[-93.928343,44.446538],[-93.929099,44.447536],[-93.932744,44.449581],[-93.933447,44.450272],[-93.933541,44.450771],[-93.933356,44.451449],[-93.932767,44.452089],[-93.931637,44.452474],[-93.928294,44.452912],[-93.927804,44.4532],[-93.927247,44.454123],[-93.927226,44.454871],[-93.927323,44.455162],[-93.928504,44.456586],[-93.92955,44.456716],[-93.929563,44.457305],[-93.928422,44.458198],[-93.92793,44.458421],[-93.927259,44.458544],[-93.925042,44.458221],[-93.923752,44.458416],[-93.923559,44.458532],[-93.922786,44.458697],[-93.922593,44.459051],[-93.922571,44.459316],[-93.922084,44.460006],[-93.92218,44.46082],[-93.923639,44.462027],[-93.923997,44.462611],[-93.923967,44.462968],[-93.92368,44.463025],[-93.922994,44.462908],[-93.922532,44.462709],[-93.922282,44.462515],[-93.921862,44.461733],[-93.920194,44.461958],[-93.918583,44.461749],[-93.91777,44.461741],[-93.917511,44.461795],[-93.917227,44.461959],[-93.916989,44.462224],[-93.91682,44.462594],[-93.916802,44.463163],[-93.917415,44.463939],[-93.919746,44.466214],[-93.92051,44.466644],[-93.921138,44.467413],[-93.922712,44.468285],[-93.924342,44.468778],[-93.926466,44.469233],[-93.926883,44.469555],[-93.927034,44.469916],[-93.926826,44.470333],[-93.925935,44.471299],[-93.922465,44.47384],[-93.921897,44.474124],[-93.921157,44.474314],[-93.920285,44.47439],[-93.919565,44.474276],[-93.918863,44.473954],[-93.917366,44.473044],[-93.914383,44.471473],[-93.913544,44.471186],[-93.910919,44.47112],[-93.909913,44.471307],[-93.909282,44.471521],[-93.908309,44.472087],[-93.907497,44.472847],[-93.907037,44.47367],[-93.905753,44.476889],[-93.905088,44.479131],[-93.90484,44.479682],[-93.904684,44.48106],[-93.904347,44.482205],[-93.904204,44.483269],[-93.90419,44.485465],[-93.904011,44.487466],[-93.903689,44.488434],[-93.903214,44.489307],[-93.902694,44.489843],[-93.902402,44.490023],[-93.902015,44.490136],[-93.900358,44.490336],[-93.898931,44.490368],[-93.897429,44.4905],[-93.896084,44.490854],[-93.895455,44.491225],[-93.895208,44.491448],[-93.894718,44.491973],[-93.89443,44.492475],[-93.894267,44.493031],[-93.894071,44.494764],[-93.893834,44.495554],[-93.893038,44.496392],[-93.892347,44.496941],[-93.891824,44.4973],[-93.889896,44.498167],[-93.889775,44.49839],[-93.889777,44.499723],[-93.889878,44.500388],[-93.890876,44.501992],[-93.891118,44.502701],[-93.891107,44.503023],[-93.890841,44.503843],[-93.887933,44.503948],[-93.88731,44.504431],[-93.887107,44.504805],[-93.886997,44.505318],[-93.886951,44.506207],[-93.887247,44.509744],[-93.887512,44.510554],[-93.887877,44.51219],[-93.887877,44.512506],[-93.887587,44.514177],[-93.887511,44.515062],[-93.886992,44.516313],[-93.886198,44.517045],[-93.885568,44.517457],[-93.885391,44.517858],[-93.885373,44.518209],[-93.885426,44.518929],[-93.885679,44.520074],[-93.886128,44.521527],[-93.886602,44.523037],[-93.887147,44.524364],[-93.887567,44.525652],[-93.887862,44.526168],[-93.888217,44.526512],[-93.889042,44.526775],[-93.890155,44.526724],[-93.892605,44.526147],[-93.893919,44.526211],[-93.895203,44.526407],[-93.896046,44.526811],[-93.897432,44.528022],[-93.897877,44.528317],[-93.901043,44.529463],[-93.901503,44.529969],[-93.901732,44.530542],[-93.901793,44.531434],[-93.901427,44.532739],[-93.9011,44.533301],[-93.900513,44.534983],[-93.900785,44.535886],[-93.901364,44.536974],[-93.9028,44.538171],[-93.903762,44.538491],[-93.904443,44.538563],[-93.905815,44.53837],[-93.909615,44.537536],[-93.91058,44.537448],[-93.911844,44.537663],[-93.912222,44.538055],[-93.912267,44.538458],[-93.911849,44.539264],[-93.911386,44.539847],[-93.911056,44.541002],[-93.91046,44.542302],[-93.910405,44.543163],[-93.911401,44.545644],[-93.911307,44.546514],[-93.91024,44.548005],[-93.906737,44.551088],[-93.904677,44.551973],[-93.902861,44.552331],[-93.90161,44.552278],[-93.900374,44.552018],[-93.899943,44.551763],[-93.899642,44.551446],[-93.898619,44.550035],[-93.898558,44.54841],[-93.899397,44.546468],[-93.899487,44.546011],[-93.899487,44.545474],[-93.899254,44.545116],[-93.89895,44.544838],[-93.898617,44.54469],[-93.897552,44.544619],[-93.896665,44.544695],[-93.895555,44.545035],[-93.892598,44.545626],[-93.892124,44.545832],[-93.891649,44.546191],[-93.891323,44.546769],[-93.891249,44.547044],[-93.891097,44.548875],[-93.891249,44.550286],[-93.891677,44.552217],[-93.892409,44.552949],[-93.893508,44.553682],[-93.895613,44.554368],[-93.897597,44.554315],[-93.899489,44.554475],[-93.900145,44.554948],[-93.900298,44.555413],[-93.899855,44.55745],[-93.899123,44.559594],[-93.897872,44.562051],[-93.896407,44.563356],[-93.894728,44.564454],[-93.891356,44.565652],[-93.890914,44.566117],[-93.891066,44.566591],[-93.891722,44.567064],[-93.892226,44.567582],[-93.892882,44.568628],[-93.893981,44.569261],[-93.894637,44.569467],[-93.895659,44.569627],[-93.896468,44.569574],[-93.897719,44.569207],[-93.899169,44.569154],[-93.90042,44.569421],[-93.901213,44.570153],[-93.901366,44.570886],[-93.901076,44.571931],[-93.900226,44.572686],[-93.898869,44.573342],[-93.896289,44.573978],[-93.895125,44.574542],[-93.894677,44.575017],[-93.894515,44.57542],[-93.894291,44.577901],[-93.894596,44.578322],[-93.895064,44.578714],[-93.895644,44.580079],[-93.894988,44.58143],[-93.89366,44.582689],[-93.892791,44.583627],[-93.892562,44.584253],[-93.892714,44.584985],[-93.893813,44.585878],[-93.895702,44.586979],[-93.897017,44.587289],[-93.897689,44.587289],[-93.900348,44.58558],[-93.900909,44.585499],[-93.901888,44.585551],[-93.90273,44.586071],[-93.9029,44.586617],[-93.902828,44.587065],[-93.902479,44.587647],[-93.901915,44.58814],[-93.900947,44.588615],[-93.899551,44.588898],[-93.898582,44.588991],[-93.897346,44.589269],[-93.896441,44.58977],[-93.895693,44.590635],[-93.895232,44.591392],[-93.894737,44.592025],[-93.893429,44.592792],[-93.891975,44.59407],[-93.891755,44.594378],[-93.891622,44.594995],[-93.891608,44.59548],[-93.891461,44.595979],[-93.890712,44.596626],[-93.890153,44.596802],[-93.889112,44.596536],[-93.887495,44.595437],[-93.885893,44.595071],[-93.884657,44.595063],[-93.883406,44.595483],[-93.882384,44.596215],[-93.881865,44.597207],[-93.881789,44.597993],[-93.882155,44.599084],[-93.882308,44.600343],[-93.881865,44.600808],[-93.880767,44.600915],[-93.877181,44.600282],[-93.876601,44.600488],[-93.876235,44.601381],[-93.876235,44.602113],[-93.876586,44.603051],[-93.877242,44.603677],[-93.878127,44.604356],[-93.878264,44.605195],[-93.877898,44.605722],[-93.876738,44.606187],[-93.875243,44.606663],[-93.87387,44.606843],[-93.873381,44.606805],[-93.873043,44.606663],[-93.872634,44.606218],[-93.872588,44.60531],[-93.87268,44.604501],[-93.872313,44.603845],[-93.871611,44.603021],[-93.871443,44.602863],[-93.870696,44.602502],[-93.868921,44.602443],[-93.867929,44.602845],[-93.865025,44.604285],[-93.86238,44.60497],[-93.861318,44.605418],[-93.860515,44.606198],[-93.860397,44.606977],[-93.860515,44.608086],[-93.860019,44.609196],[-93.858483,44.610659],[-93.85774,44.61118],[-93.857263,44.611614],[-93.856237,44.613784],[-93.855521,44.614987],[-93.854584,44.616261],[-93.854055,44.617139],[-93.853888,44.617904],[-93.853884,44.618241],[-93.854429,44.618845],[-93.855173,44.61921],[-93.856308,44.619477],[-93.857506,44.619579],[-93.858358,44.61977],[-93.858581,44.619967],[-93.858708,44.620329],[-93.858449,44.620754],[-93.857678,44.621095],[-93.853136,44.621722],[-93.850491,44.622006],[-93.848508,44.621793],[-93.846808,44.620636],[-93.845651,44.619479],[-93.842983,44.617614],[-93.84258,44.61747],[-93.841374,44.618348],[-93.841249,44.618565],[-93.841337,44.619333],[-93.842467,44.620538],[-93.844343,44.621652],[-93.845366,44.6224],[-93.846083,44.623323],[-93.846221,44.624391],[-93.846043,44.624963],[-93.845488,44.625367],[-93.845061,44.625558],[-93.844443,44.625663],[-93.842833,44.625261],[-93.842443,44.624963],[-93.84091,44.624452],[-93.840498,44.624078],[-93.840055,44.623666],[-93.839206,44.622319],[-93.838224,44.619409],[-93.837985,44.619114],[-93.837286,44.618535],[-93.836536,44.618479],[-93.83203,44.621659],[-93.829849,44.622879],[-93.82818,44.623648],[-93.817995,44.629019],[-93.817381,44.62968],[-93.816071,44.632175],[-93.815516,44.632985],[-93.814666,44.633316],[-93.812683,44.633363],[-93.810345,44.633245],[-93.808456,44.633292],[-93.806237,44.633647],[-93.804033,44.634263],[-93.80312,44.634638],[-93.799661,44.634933],[-93.799011,44.63491],[-93.797642,44.634662],[-93.79567,44.634154],[-93.794619,44.633765],[-93.793545,44.633021],[-93.792943,44.632395],[-93.792428,44.630008],[-93.792116,44.628983],[-93.791774,44.628664],[-93.790874,44.628589],[-93.787925,44.630329],[-93.786438,44.630849],[-93.784856,44.63125],[-93.782731,44.631552],[-93.781429,44.632135],[-93.778728,44.633867],[-93.77653,44.636613],[-93.775187,44.637681],[-93.77415,44.637826],[-93.773371,44.637635],[-93.772944,44.6373],[-93.77238,44.636422],[-93.772105,44.634439],[-93.772468,44.633307],[-93.773523,44.630849],[-93.773492,44.630623],[-93.773283,44.630437],[-93.772456,44.630288],[-93.771079,44.630639],[-93.768691,44.631452],[-93.765734,44.633218],[-93.763662,44.634146],[-93.763961,44.634757],[-93.764715,44.635953],[-93.765816,44.637276],[-93.766793,44.638274],[-93.767158,44.638469],[-93.767536,44.638634],[-93.767772,44.638658],[-93.771822,44.638357],[-93.772353,44.638511],[-93.772554,44.639077],[-93.772344,44.639334],[-93.771361,44.639774],[-93.77024,44.640081],[-93.768039,44.640303],[-93.765803,44.639993],[-93.763568,44.639101],[-93.762332,44.637788],[-93.761994,44.636538],[-93.76142,44.634988],[-93.760142,44.635019],[-93.758326,44.634584],[-93.756739,44.634563],[-93.756501,44.634717],[-93.756083,44.634742],[-93.755735,44.634907],[-93.755616,44.635704],[-93.755616,44.636408],[-93.755366,44.637483],[-93.755686,44.637994],[-93.756541,44.638589],[-93.757838,44.639238],[-93.759013,44.639962],[-93.760005,44.64116],[-93.760202,44.642395],[-93.759955,44.643411],[-93.759571,44.643787],[-93.759232,44.644006],[-93.758491,44.644189],[-93.757859,44.644217],[-93.757146,44.644138],[-93.755305,44.643549],[-93.750563,44.644482],[-93.748677,44.644977],[-93.747992,44.645246],[-93.747339,44.645263],[-93.746698,44.645517],[-93.742975,44.645631],[-93.738596,44.645883],[-93.738245,44.645974],[-93.737741,44.64618],[-93.737115,44.646638],[-93.730218,44.653085],[-93.728983,44.656137],[-93.727934,44.656364],[-93.725555,44.655568],[-93.722067,44.654741],[-93.721599,44.654783],[-93.720804,44.654885],[-93.715401,44.657365],[-93.715082,44.657756],[-93.715082,44.658195],[-93.715282,44.658688],[-93.715778,44.659001],[-93.716283,44.659149],[-93.717718,44.659824],[-93.719238,44.660685],[-93.720648,44.66193],[-93.72127,44.662882],[-93.72127,44.663358],[-93.720913,44.663952],[-93.71913,44.665217],[-93.715111,44.666924],[-93.712929,44.667641],[-93.710861,44.66821],[-93.709069,44.668495],[-93.70673,44.668607],[-93.704613,44.66848],[-93.701592,44.668595],[-93.698273,44.669446],[-93.697076,44.670396],[-93.695389,44.67208],[-93.688791,44.677657],[-93.685281,44.681746],[-93.684272,44.682788],[-93.679896,44.685815],[-93.678356,44.68747],[-93.678081,44.688001],[-93.677605,44.690344],[-93.677636,44.691162],[-93.675849,44.692223],[-93.674949,44.69265],[-93.673377,44.692955],[-93.672004,44.69336],[-93.667961,44.695259],[-93.665534,44.695915],[-93.662162,44.696373],[-93.661336,44.696262],[-93.660774,44.696098],[-93.659904,44.695542],[-93.659172,44.694725],[-93.658256,44.693413],[-93.657859,44.692162],[-93.657339,44.690994],[-93.655835,44.689962],[-93.653372,44.690476],[-93.652838,44.69072],[-93.652121,44.691261],[-93.651541,44.691918],[-93.650656,44.694603],[-93.650198,44.695015],[-93.64913,44.695046],[-93.647971,44.694786],[-93.646948,44.694321],[-93.644719,44.693054],[-93.644724,44.692984],[-93.643947,44.692662],[-93.642267,44.692796],[-93.641099,44.692779],[-93.639433,44.693292],[-93.638426,44.694189],[-93.637529,44.695415],[-93.636807,44.6968],[-93.636357,44.69721],[-93.635936,44.697429],[-93.635021,44.697594],[-93.63275,44.697631],[-93.630994,44.69739],[-93.630096,44.69829],[-93.629986,44.698912],[-93.630279,44.700267],[-93.630217,44.70061],[-93.62962,44.701311],[-93.626913,44.702398],[-93.623128,44.705216],[-93.619176,44.706513],[-93.61893,44.706709],[-93.618141,44.707096],[-93.617994,44.707426],[-93.618067,44.707773],[-93.618708,44.708524],[-93.62264,44.711427],[-93.623525,44.712273],[-93.625234,44.714062],[-93.625905,44.714882],[-93.626517,44.716042],[-93.626685,44.716561],[-93.626776,44.717331],[-93.626735,44.718462],[-93.625235,44.721962],[-93.624898,44.722611],[-93.624471,44.72303],[-93.624434,44.723362],[-93.624654,44.723862],[-93.625235,44.724162],[-93.626151,44.724355],[-93.629162,44.723354],[-93.630881,44.723328],[-93.632132,44.723534],[-93.63258,44.723826],[-93.632714,44.724068],[-93.632824,44.724434],[-93.632805,44.725184],[-93.632677,44.725844],[-93.632403,44.726594],[-93.631218,44.728209],[-93.630347,44.72908],[-93.628943,44.730209],[-93.628455,44.731255],[-93.629263,44.733788],[-93.630499,44.735222],[-93.631369,44.736847],[-93.631328,44.737132],[-93.631542,44.738055],[-93.631048,44.738751],[-93.630334,44.73952],[-93.627921,44.741638],[-93.624553,44.744243],[-93.62403,44.744766],[-93.622535,44.746862],[-93.621535,44.749962],[-93.621679,44.752133],[-93.62194,44.75282],[-93.62188,44.753043],[-93.621518,44.753411],[-93.620974,44.753603],[-93.620428,44.753582],[-93.619894,44.753488],[-93.618952,44.753154],[-93.616671,44.751518],[-93.616337,44.75119],[-93.615541,44.749969],[-93.615084,44.749473],[-93.614321,44.748865],[-93.613789,44.74888],[-93.613256,44.749062],[-93.611834,44.749962],[-93.609834,44.752062],[-93.60862,44.754203],[-93.608748,44.75466],[-93.609767,44.755689],[-93.612834,44.757362],[-93.614789,44.75796],[-93.617097,44.758871],[-93.620077,44.759577],[-93.621967,44.760281],[-93.622168,44.760702],[-93.62226,44.761306],[-93.621744,44.762631],[-93.621735,44.762862],[-93.618726,44.764767],[-93.615717,44.766483],[-93.613734,44.767062],[-93.607034,44.767562],[-93.601034,44.769362],[-93.595634,44.773762],[-93.594134,44.775762],[-93.594334,44.776662],[-93.594486,44.777043],[-93.594908,44.777557],[-93.595493,44.77804],[-93.599045,44.780274],[-93.599613,44.780713],[-93.599814,44.781464],[-93.599813,44.782347],[-93.599439,44.782659],[-93.596134,44.783262],[-93.589934,44.783662],[-93.588234,44.783462],[-93.585234,44.782262],[-93.582633,44.781864],[-93.581974,44.782112],[-93.581721,44.782503],[-93.581414,44.786443],[-93.58125,44.790819],[-93.580769,44.792483],[-93.580499,44.793034],[-93.578663,44.794373],[-93.577809,44.794747],[-93.573733,44.795762],[-93.56978,44.796192],[-93.566933,44.796262],[-93.563337,44.796942],[-93.560768,44.797811],[-93.558776,44.798682],[-93.557037,44.799268],[-93.555829,44.799561],[-93.554749,44.799671],[-93.554199,44.799598],[-93.553778,44.799433],[-93.553119,44.79903],[-93.551532,44.797562],[-93.547988,44.795607],[-93.547316,44.795595],[-93.546478,44.795781],[-93.543569,44.796963],[-93.541132,44.798562],[-93.540735,44.799],[-93.540458,44.804766],[-93.52045,44.805024],[-93.520325,44.801974],[-93.517324,44.803207],[-93.514827,44.804131],[-93.513148,44.804613],[-93.511197,44.80497],[-93.508784,44.80497],[-93.505175,44.804422],[-93.504396,44.804373],[-93.503762,44.804533],[-93.503092,44.804832],[-93.502363,44.805998],[-93.501818,44.807114],[-93.501691,44.807782],[-93.501125,44.808831],[-93.50018,44.809565],[-93.499005,44.810006],[-93.497599,44.809922],[-93.49634,44.809167],[-93.49527,44.807992],[-93.493969,44.80625],[-93.493455,44.804964],[-93.492899,44.804424],[-93.491934,44.80434],[-93.490549,44.804517],[-93.488262,44.805558],[-93.484736,44.807446],[-93.483624,44.807677],[-93.482974,44.807383],[-93.482296,44.806225],[-93.481199,44.804577],[-93.480246,44.804257],[-93.477854,44.804215],[-93.475712,44.80434],[-93.474035,44.804907],[-93.465956,44.806271],[-93.463207,44.806628],[-93.461906,44.806523],[-93.460829,44.805963],[-93.457929,44.803363],[-93.455254,44.803186],[-93.450328,44.803476],[-93.448644,44.803774],[-93.445958,44.80455],[-93.4443,44.80539],[-93.443251,44.806313],[-93.442223,44.807782],[-93.4413,44.811328],[-93.440901,44.812126],[-93.440313,44.812629],[-93.439747,44.812674],[-93.439243,44.812944],[-93.438089,44.813007],[-93.437145,44.812797],[-93.4349,44.811475],[-93.429562,44.809618],[-93.419628,44.806863],[-93.415628,44.807672],[-93.414892,44.807692],[-93.413665,44.807447],[-93.411784,44.806874],[-93.407838,44.805443],[-93.405916,44.804686],[-93.404219,44.803623],[-93.403115,44.802785],[-93.401254,44.801047],[-93.400427,44.800134],[-93.398827,44.798763],[-93.397818,44.79778],[-93.396408,44.796957],[-93.395958,44.796896],[-93.391852,44.798093],[-93.39101,44.79843],[-93.390172,44.798552],[-93.388565,44.7986],[-93.386921,44.798369],[-93.385716,44.7978],[-93.385288,44.79747],[-93.384826,44.796963],[-93.384221,44.795195],[-93.38369,44.792807],[-93.382975,44.790762],[-93.381564,44.787123],[-93.380848,44.785691],[-93.380317,44.785385],[-93.379356,44.785303],[-93.37765,44.785482],[-93.375639,44.785985],[-93.371933,44.787225],[-93.368805,44.788165],[-93.366208,44.788901],[-93.364949,44.789131],[-93.364532,44.789106],[-93.363176,44.788817],[-93.359903,44.78658],[-93.358025,44.785564],[-93.357317,44.78551],[-93.3554,44.785595],[-93.354951,44.785672],[-93.35437,44.786346],[-93.351456,44.790537],[-93.3512,44.790752],[-93.350365,44.791209],[-93.349445,44.791402],[-93.347868,44.791365],[-93.346902,44.791041],[-93.346624,44.79082],[-93.345875,44.789933],[-93.34485,44.789043],[-93.343808,44.788463],[-93.341181,44.787215],[-93.339382,44.786622],[-93.337348,44.786346],[-93.336745,44.786386],[-93.335712,44.786673],[-93.33505,44.786986],[-93.332742,44.788727],[-93.332001,44.789505],[-93.33057,44.790598],[-93.327312,44.792209],[-93.325729,44.792666],[-93.319407,44.792817],[-93.314122,44.792471],[-93.307129,44.793946],[-93.304418,44.794412],[-93.301053,44.796107],[-93.298178,44.797425],[-93.294105,44.79902],[-93.288757,44.800478],[-93.286387,44.801353],[-93.285301,44.802067],[-93.284118,44.804473],[-93.283695,44.804988],[-93.282839,44.805647],[-93.281773,44.806127],[-93.280817,44.806354],[-93.275664,44.80661],[-93.27246,44.806874],[-93.268436,44.807644],[-93.261357,44.809348],[-93.252687,44.811186],[-93.251873,44.811476],[-93.251197,44.812],[-93.249871,44.813584],[-93.249026,44.814463],[-93.24685,44.815942],[-93.245215,44.816781],[-93.244295,44.817353],[-93.243184,44.817812],[-93.239351,44.820199],[-93.23492,44.824611],[-93.232577,44.826384],[-93.230893,44.827482],[-93.227461,44.829086],[-93.225167,44.829742],[-93.221968,44.830529],[-93.220525,44.831053],[-93.219063,44.832238],[-93.221254,44.835446],[-93.221704,44.836226],[-93.221915,44.83696],[-93.221813,44.837729],[-93.221108,44.838477],[-93.220247,44.83884],[-93.219002,44.838931],[-93.216487,44.838706],[-93.212418,44.839415],[-93.211437,44.839742],[-93.210913,44.840324],[-93.209065,44.841951],[-93.208252,44.84287],[-93.208047,44.843281],[-93.207756,44.843626],[-93.205797,44.847994],[-93.203406,44.852356],[-93.202902,44.853035],[-93.1983,44.858164],[-93.19728,44.860114],[-93.197874,44.861932],[-93.200393,44.864523],[-93.200413,44.864963],[-93.199969,44.865505],[-93.198827,44.866305],[-93.197457,44.867118],[-93.19569,44.867976],[-93.192822,44.869507],[-93.189886,44.871537],[-93.189231,44.872662],[-93.189137,44.873109],[-93.188434,44.874393],[-93.18788,44.875002],[-93.186549,44.876091],[-93.185798,44.876486],[-93.182762,44.877414],[-93.181209,44.878055],[-93.179477,44.879334],[-93.178618,44.880337],[-93.178499,44.880886],[-93.178533,44.88134],[-93.179235,44.882357],[-93.18022,44.883251],[-93.18202,44.884423],[-93.182969,44.885348],[-93.183164,44.886092],[-93.183018,44.886585],[-93.182632,44.88712],[-93.181771,44.887534],[-93.179435,44.888299],[-93.178852,44.888351],[-93.178539,44.888338],[-93.175689,44.887405],[-93.172102,44.887399],[-93.168919,44.888204],[-93.164346,44.89034],[-93.156864,44.891865],[-93.1539,44.892898],[-93.15161,44.894748],[-93.149109,44.897443],[-93.146682,44.899307],[-93.137593,44.90519],[-93.136493,44.906102],[-93.133671,44.910265],[-93.132788,44.912406],[-93.131941,44.916025],[-93.12871,44.919648],[-93.107027,44.919756],[-93.096024,44.919679],[-93.096041,44.923287],[-93.090935,44.923236],[-93.09091,44.919668],[-93.051642,44.919502],[-93.045179,44.912307],[-93.042125,44.905101],[-93.034733,44.897831],[-93.024607,44.894074],[-93.020044,44.89075],[-92.984192,44.890814],[-92.98421,44.894594],[-92.979664,44.894625],[-92.979577,44.894625],[-92.979463,44.890822],[-92.918611,44.890868],[-92.917825,44.890795],[-92.915368,44.890296],[-92.913883,44.890234],[-92.913126,44.890295],[-92.910321,44.890769],[-92.909081,44.890866],[-92.886006,44.890958],[-92.881437,44.890584],[-92.880327,44.890593],[-92.875439,44.891034],[-92.862524,44.891113],[-92.862411,44.861944],[-92.84618,44.861977],[-92.823419,44.86188],[-92.822964,44.861952],[-92.820478,44.861951],[-92.818206,44.861857],[-92.816853,44.861961],[-92.801637,44.86198],[-92.781269,44.861899],[-92.769501,44.862001],[-92.769623,44.860124],[-92.769478,44.857941],[-92.769338,44.857119],[-92.76939,44.855852],[-92.769133,44.853994],[-92.768443,44.850548],[-92.766283,44.843596],[-92.765668,44.84101],[-92.7656,44.837201],[-92.765932,44.835631],[-92.76637,44.83501],[-92.767974,44.833484],[-92.769517,44.831848],[-92.772438,44.82819],[-92.772957,44.826841],[-92.77298,44.82604],[-92.772285,44.823711],[-92.772201,44.82305],[-92.772407,44.82242],[-92.772911,44.821503],[-92.77549,44.818474],[-92.779289,44.814462],[-92.780754,44.8123],[-92.781792,44.809025],[-92.78302,44.798945],[-92.783233,44.797811],[-92.783485,44.796826],[-92.78392,44.795683],[-92.784599,44.794051],[-92.785622,44.791887],[-92.786613,44.790399],[-92.787613,44.789208],[-92.792107,44.785166],[-92.796184,44.782128],[-92.799165,44.778969],[-92.80051,44.777439],[-92.802539,44.774138],[-92.804445,44.77076],[-92.805562,44.768383],[-92.806401,44.764567],[-92.807454,44.760434],[-92.808105,44.756953],[-92.808355,44.753883],[-92.808333,44.75275],[-92.808415,44.751604],[-92.808242,44.751083],[-92.808077,44.750881],[-92.807428,44.750476],[-92.806036,44.750028],[-92.805473,44.749773],[-92.804757,44.749235],[-92.804213,44.748499],[-92.803765,44.747435],[-92.803187,44.747097],[-92.802017,44.745673],[-92.792336,44.739362],[-92.781108,44.73543],[-92.771948,44.732077],[-92.769417,44.730712],[-92.76177,44.726267],[-92.755671,44.723243],[-92.751964,44.722155],[-92.749705,44.721731],[-92.739159,44.718039],[-92.73649,44.716413],[-92.732043,44.714345],[-92.732054,44.69443],[-92.732417,44.679754],[-92.732524,44.671433],[-92.73231,44.665454],[-92.73189,44.658212],[-92.732379,44.643731],[-92.732339,44.636977],[-92.732043,44.629493],[-92.752278,44.629453],[-92.772429,44.629647],[-92.792584,44.629722],[-92.792634,44.61524],[-92.792428,44.569225],[-92.7925,44.562374],[-92.792531,44.561424],[-92.79263,44.560875],[-92.792768,44.550401],[-92.792715,44.54324],[-92.7926,44.542971],[-92.793285,44.542972],[-92.7938,44.54276],[-92.795319,44.542662],[-92.796641,44.542738],[-92.798513,44.543187],[-92.80072,44.5432],[-92.832956,44.54331],[-92.913202,44.543243],[-92.913557,44.543273],[-92.913803,44.543386],[-92.918977,44.54325],[-92.919024,44.520766],[-92.918764,44.517598],[-92.921495,44.517393],[-92.922204,44.517446],[-92.922876,44.51794],[-92.924118,44.516435],[-92.924751,44.515521],[-92.925463,44.515166],[-92.928002,44.514362],[-92.931773,44.513036],[-92.933293,44.512425],[-92.935918,44.511679],[-92.937543,44.511455],[-92.939247,44.511472],[-92.940141,44.511758],[-92.945157,44.512792],[-92.946517,44.512572],[-92.948428,44.510894],[-92.951363,44.507703],[-92.952685,44.506979],[-92.954826,44.507025],[-92.956354,44.508556],[-92.956256,44.509294],[-92.955141,44.510874],[-92.956224,44.513521],[-92.956849,44.514552],[-92.959381,44.51539],[-92.96231,44.515787],[-92.964487,44.514613],[-92.973208,44.514692],[-92.976383,44.517047],[-92.979565,44.518124],[-92.981941,44.518651],[-92.984914,44.518822],[-92.998624,44.517561],[-93.000706,44.516584],[-93.002069,44.516136],[-93.003344,44.515861],[-93.00553,44.515789],[-93.006448,44.516068],[-93.007459,44.516275],[-93.009666,44.51623],[-93.013076,44.516018],[-93.016061,44.515106],[-93.017384,44.515032],[-93.017917,44.515036],[-93.019688,44.515606],[-93.020057,44.515555],[-93.020761,44.515761],[-93.023192,44.516188],[-93.023674,44.517612],[-93.023856,44.517816],[-93.024163,44.517979],[-93.024735,44.518052],[-93.025105,44.51802],[-93.025309,44.517855],[-93.025234,44.517405],[-93.025411,44.517071],[-93.026837,44.516224],[-93.029358,44.515412],[-93.030533,44.515398],[-93.031325,44.515176],[-93.031968,44.514745],[-93.033003,44.514425],[-93.034835,44.514379],[-93.036266,44.514654],[-93.03777,44.514721],[-93.0392,44.51535],[-93.039339,44.515545],[-93.039715,44.512512],[-93.039869,44.500865],[-93.039927,44.486438],[-93.039402,44.479177],[-93.039485,44.471871],[-93.039501,44.450172],[-93.039659,44.444952],[-93.039829,44.428616],[-93.060081,44.42849],[-93.060181,44.422825],[-93.060219,44.40686],[-93.080383,44.406803],[-93.080261,44.398235],[-93.080536,44.389919],[-93.08075,44.38903],[-93.081306,44.387909],[-93.083702,44.385029],[-93.083977,44.385098],[-93.103119,44.384933],[-93.108612,44.386379],[-93.110039,44.387119],[-93.11055,44.38747],[-93.110741,44.387711],[-93.110825,44.387962],[-93.110794,44.391705],[-93.110863,44.391891],[-93.110986,44.39198],[-93.125877,44.391914],[-93.125862,44.38155],[-93.125656,44.381039],[-93.125244,44.380527],[-93.121704,44.378052],[-93.121292,44.377666],[-93.120987,44.377197],[-93.120827,44.376587],[-93.120842,44.375069],[-93.120433,44.373889],[-93.12056,44.371105],[-93.120659,44.370388],[-93.15205,44.370322],[-93.161097,44.370409],[-93.191086,44.370346],[-93.236061,44.370416],[-93.241257,44.370548],[-93.256683,44.370655],[-93.287537,44.370697],[-93.34948,44.370705],[-93.37339,44.370583],[-93.373917,44.370697],[-93.381767,44.370647],[-93.382339,44.370739],[-93.384992,44.370624],[-93.403106,44.3705],[-93.402904,44.365139],[-93.402878,44.361927],[-93.402931,44.343441],[-93.402855,44.323746],[-93.403175,44.314365],[-93.40316,44.311043],[-93.403305,44.302788],[-93.403313,44.300129],[-93.403236,44.29784],[-93.40377,44.283352],[-93.403633,44.270996],[-93.4039,44.251675],[-93.403827,44.250177],[-93.403997,44.248776],[-93.40391,44.248212],[-93.404032,44.245272],[-93.404059,44.229027],[-93.404358,44.225414],[-93.404274,44.224701],[-93.40435,44.206596],[-93.404567,44.196393]]]}},{"type":"Feature","properties":{"district":"3"},"geometry":{"type":"Polygon","coordinates":[[[-93.38967,45.241093],[-93.388635,45.241094],[-93.38866,45.237275],[-93.382723,45.237301],[-93.382756,45.233591],[-93.377698,45.233562],[-93.377787,45.227138],[-93.371824,45.227235],[-93.367492,45.227211],[-93.3672,45.226711],[-93.36706,45.226234],[-93.367058,45.22293],[-93.36681,45.222218],[-93.366503,45.221712],[-93.366615,45.221671],[-93.366081,45.221136],[-93.365668,45.22082],[-93.364717,45.220352],[-93.363646,45.219859],[-93.362775,45.219584],[-93.362094,45.219511],[-93.357528,45.219477],[-93.357611,45.212282],[-93.34819,45.212301],[-93.348186,45.212415],[-93.347454,45.212417],[-93.34662,45.212406],[-93.346673,45.212308],[-93.328388,45.212396],[-93.321804,45.212324],[-93.321373,45.212381],[-93.320005,45.212824],[-93.319358,45.21291],[-93.318247,45.212758],[-93.317386,45.212411],[-93.316716,45.212239],[-93.311771,45.212138],[-93.310495,45.21193],[-93.308708,45.212131],[-93.304401,45.212107],[-93.303138,45.212084],[-93.303142,45.212005],[-93.302371,45.212008],[-93.302372,45.211936],[-93.283373,45.211783],[-93.265859,45.211519],[-93.265872,45.197012],[-93.2658,45.197012],[-93.265793,45.196684],[-93.26586,45.19454],[-93.265915,45.194389],[-93.26607,45.184963],[-93.266222,45.165796],[-93.266451,45.155478],[-93.266661,45.140898],[-93.266703,45.140263],[-93.266781,45.140163],[-93.266851,45.133971],[-93.266761,45.13315],[-93.266888,45.124603],[-93.265777,45.124584],[-93.266367,45.124488],[-93.267075,45.124474],[-93.268733,45.124475],[-93.26873,45.124583],[-93.279952,45.124469],[-93.277185,45.118786],[-93.284435,45.118767],[-93.28498,45.120154],[-93.288107,45.11945],[-93.291079,45.11939],[-93.290706,45.118997],[-93.290542,45.118711],[-93.293046,45.118743],[-93.294476,45.119427],[-93.296092,45.121736],[-93.296059,45.119047],[-93.295957,45.118273],[-93.295492,45.116466],[-93.29507,45.115326],[-93.294796,45.114918],[-93.294337,45.114427],[-93.2934,45.113599],[-93.291458,45.112257],[-93.288867,45.110981],[-93.287946,45.110736],[-93.284727,45.108565],[-93.280327,45.105765],[-93.278327,45.103365],[-93.279927,45.089965],[-93.280227,45.088765],[-93.280126,45.083865],[-93.279026,45.080165],[-93.280815,45.071716],[-93.281593,45.071718],[-93.28249,45.072616],[-93.282989,45.073338],[-93.283892,45.075037],[-93.284386,45.077067],[-93.28442,45.077587],[-93.284139,45.079309],[-93.283761,45.080436],[-93.283447,45.080954],[-93.283155,45.081268],[-93.28234,45.081908],[-93.28168,45.082652],[-93.280861,45.083973],[-93.280682,45.084847],[-93.280681,45.085698],[-93.280818,45.086538],[-93.281063,45.087201],[-93.320721,45.087311],[-93.351108,45.08723],[-93.351288,45.086813],[-93.351091,45.080015],[-93.349819,45.065697],[-93.370255,45.065666],[-93.380402,45.065723],[-93.390503,45.06559],[-93.400695,45.065736],[-93.400803,45.047489],[-93.400659,45.037104],[-93.400715,45.033314],[-93.400638,45.014919],[-93.400879,45.003162],[-93.400675,44.991747],[-93.400609,44.982247],[-93.400419,44.978502],[-93.410466,44.978553],[-93.410512,44.973071],[-93.410511,44.972895],[-93.404296,44.973022],[-93.404315,44.971359],[-93.404763,44.971359],[-93.404742,44.970123],[-93.405563,44.970126],[-93.405563,44.967724],[-93.404693,44.967718],[-93.404702,44.967108],[-93.405563,44.967116],[-93.405556,44.964108],[-93.400759,44.964048],[-93.40088,44.955382],[-93.400542,44.944894],[-93.400619,44.942304],[-93.399347,44.942308],[-93.398846,44.941346],[-93.398742,44.94051],[-93.400619,44.940508],[-93.400614,44.935133],[-93.394993,44.935108],[-93.395308,44.934518],[-93.391424,44.934786],[-93.385675,44.935573],[-93.385577,44.935222],[-93.385147,44.935219],[-93.385009,44.935375],[-93.384919,44.93526],[-93.384918,44.935066],[-93.380829,44.935024],[-93.380821,44.932907],[-93.380924,44.932041],[-93.380924,44.930985],[-93.380811,44.930286],[-93.380806,44.929695],[-93.379437,44.93016],[-93.379365,44.930067],[-93.379948,44.929786],[-93.380346,44.929389],[-93.379089,44.929127],[-93.37915,44.926073],[-93.378181,44.926116],[-93.378181,44.926045],[-93.374643,44.926283],[-93.37068,44.927362],[-93.370636,44.920503],[-93.359167,44.920522],[-93.359146,44.920657],[-93.358921,44.920731],[-93.358617,44.92071],[-93.358264,44.920519],[-93.356875,44.920515],[-93.35671,44.9206],[-93.356432,44.920542],[-93.356164,44.920577],[-93.355606,44.920772],[-93.355162,44.92072],[-93.355538,44.92051],[-93.349597,44.92049],[-93.349617,44.920288],[-93.349446,44.920155],[-93.349503,44.919736],[-93.349673,44.919735],[-93.34953,44.919603],[-93.350539,44.913742],[-93.350682,44.910976],[-93.350465,44.908932],[-93.349888,44.905456],[-93.349813,44.900142],[-93.344254,44.900112],[-93.344254,44.899773],[-93.339157,44.899761],[-93.339142,44.898087],[-93.32901,44.898067],[-93.329002,44.894451],[-93.327723,44.894444],[-93.327721,44.890976],[-93.327667,44.890678],[-93.327454,44.890282],[-93.327446,44.889919],[-93.32769,44.889225],[-93.327751,44.888626],[-93.327667,44.888206],[-93.327466,44.887795],[-93.327177,44.887888],[-93.325348,44.888872],[-93.324926,44.888898],[-93.323023,44.890087],[-93.322403,44.890374],[-93.321241,44.890713],[-93.320608,44.890815],[-93.318825,44.890854],[-93.318756,44.873638],[-93.318828,44.861998],[-93.308677,44.862071],[-93.304389,44.861908],[-93.295084,44.861907],[-93.284026,44.862046],[-93.278307,44.861782],[-93.274469,44.861745],[-93.271561,44.86192],[-93.268149,44.86185],[-93.257988,44.861863],[-93.256886,44.861796],[-93.256565,44.861857],[-93.252993,44.86191],[-93.243714,44.861945],[-93.19794,44.862],[-93.19728,44.860114],[-93.1983,44.858164],[-93.202902,44.853035],[-93.203406,44.852356],[-93.205797,44.847994],[-93.207756,44.843626],[-93.208047,44.843281],[-93.208252,44.84287],[-93.209065,44.841951],[-93.210913,44.840324],[-93.211437,44.839742],[-93.212418,44.839415],[-93.216487,44.838706],[-93.219002,44.838931],[-93.220247,44.83884],[-93.221108,44.838477],[-93.221813,44.837729],[-93.221915,44.83696],[-93.221704,44.836226],[-93.221254,44.835446],[-93.219063,44.832238],[-93.220525,44.831053],[-93.221108,44.830807],[-93.227461,44.829086],[-93.230893,44.827482],[-93.232577,44.826384],[-93.23492,44.824611],[-93.239351,44.820199],[-93.243184,44.817812],[-93.244295,44.817353],[-93.245215,44.816781],[-93.24685,44.815942],[-93.249026,44.814463],[-93.249871,44.813584],[-93.251197,44.812],[-93.251873,44.811476],[-93.252687,44.811186],[-93.261357,44.809348],[-93.268436,44.807644],[-93.27246,44.806874],[-93.275664,44.80661],[-93.280817,44.806354],[-93.281773,44.806127],[-93.282839,44.805647],[-93.283695,44.804988],[-93.284118,44.804473],[-93.285301,44.802067],[-93.286387,44.801353],[-93.288757,44.800478],[-93.294105,44.79902],[-93.298178,44.797425],[-93.301053,44.796107],[-93.304418,44.794412],[-93.307129,44.793946],[-93.314122,44.792471],[-93.319407,44.792817],[-93.325729,44.792666],[-93.327312,44.792209],[-93.33057,44.790598],[-93.332001,44.789505],[-93.332742,44.788727],[-93.33505,44.786986],[-93.335712,44.786673],[-93.336745,44.786386],[-93.337348,44.786346],[-93.339382,44.786622],[-93.341181,44.787215],[-93.343808,44.788463],[-93.34485,44.789043],[-93.345875,44.789933],[-93.346624,44.79082],[-93.346902,44.791041],[-93.347868,44.791365],[-93.349445,44.791402],[-93.350365,44.791209],[-93.3512,44.790752],[-93.351456,44.790537],[-93.35437,44.786346],[-93.354951,44.785672],[-93.3554,44.785595],[-93.357317,44.78551],[-93.358025,44.785564],[-93.359903,44.78658],[-93.363176,44.788817],[-93.364532,44.789106],[-93.364949,44.789131],[-93.366208,44.788901],[-93.368805,44.788165],[-93.371933,44.787225],[-93.375639,44.785985],[-93.37765,44.785482],[-93.379356,44.785303],[-93.380317,44.785385],[-93.380848,44.785691],[-93.381564,44.787123],[-93.382975,44.790762],[-93.38369,44.792807],[-93.384221,44.795195],[-93.384826,44.796963],[-93.385288,44.79747],[-93.385716,44.7978],[-93.386921,44.798369],[-93.388565,44.7986],[-93.390172,44.798552],[-93.39101,44.79843],[-93.391852,44.798093],[-93.395958,44.796896],[-93.396408,44.796957],[-93.397818,44.79778],[-93.398827,44.798763],[-93.400427,44.800134],[-93.401254,44.801047],[-93.403115,44.802785],[-93.404219,44.803623],[-93.405916,44.804686],[-93.407838,44.805443],[-93.411784,44.806874],[-93.413665,44.807447],[-93.414892,44.807692],[-93.415628,44.807672],[-93.419628,44.806863],[-93.429562,44.809618],[-93.4349,44.811475],[-93.437145,44.812797],[-93.438089,44.813007],[-93.439243,44.812944],[-93.439747,44.812674],[-93.440313,44.812629],[-93.440901,44.812126],[-93.4413,44.811328],[-93.442223,44.807782],[-93.443251,44.806313],[-93.4443,44.80539],[-93.445958,44.80455],[-93.448644,44.803774],[-93.450328,44.803476],[-93.455254,44.803186],[-93.457929,44.803363],[-93.460829,44.805963],[-93.461906,44.806523],[-93.463207,44.806628],[-93.465956,44.806271],[-93.474035,44.804907],[-93.475712,44.80434],[-93.477854,44.804215],[-93.480246,44.804257],[-93.481199,44.804577],[-93.482296,44.806225],[-93.482974,44.807383],[-93.483624,44.807677],[-93.484736,44.807446],[-93.488262,44.805558],[-93.490549,44.804517],[-93.491934,44.80434],[-93.492899,44.804424],[-93.493455,44.804964],[-93.493969,44.80625],[-93.49527,44.807992],[-93.49634,44.809167],[-93.497599,44.809922],[-93.499005,44.810006],[-93.50018,44.809565],[-93.501125,44.808831],[-93.501691,44.807782],[-93.501818,44.807114],[-93.502363,44.805998],[-93.503092,44.804832],[-93.503762,44.804533],[-93.504396,44.804373],[-93.505175,44.804422],[-93.508784,44.80497],[-93.511197,44.80497],[-93.513148,44.804613],[-93.514827,44.804131],[-93.517324,44.803207],[-93.520325,44.801974],[-93.52045,44.805024],[-93.520159,44.805028],[-93.520783,44.819204],[-93.520911,44.839501],[-93.520851,44.85854],[-93.520632,44.858529],[-93.520632,44.860063],[-93.520732,44.861863],[-93.520632,44.864108],[-93.520814,44.864031],[-93.520706,44.891502],[-93.534794,44.891262],[-93.553917,44.891155],[-93.581593,44.891292],[-93.604914,44.891525],[-93.623323,44.891387],[-93.624954,44.891361],[-93.626462,44.891177],[-93.634783,44.891062],[-93.645037,44.891062],[-93.652837,44.890962],[-93.655537,44.891062],[-93.659305,44.891032],[-93.662987,44.891415],[-93.663986,44.891438],[-93.66614,44.891339],[-93.66935,44.891342],[-93.681347,44.890969],[-93.687054,44.890895],[-93.699336,44.891072],[-93.702675,44.890908],[-93.705439,44.890662],[-93.71994,44.890762],[-93.73765,44.890762],[-93.741941,44.890762],[-93.742541,44.890662],[-93.748341,44.890662],[-93.768385,44.89087],[-93.768052,44.904766],[-93.767838,44.919817],[-93.767868,44.931999],[-93.767654,44.945156],[-93.767715,44.955095],[-93.767531,44.977963],[-93.767367,44.977964],[-93.767234,44.984686],[-93.76696,44.992126],[-93.766818,45.057182],[-93.766714,45.060232],[-93.766283,45.059797],[-93.766127,45.059724],[-93.765913,45.059656],[-93.765524,45.059715],[-93.765252,45.059968],[-93.765019,45.060337],[-93.764902,45.060882],[-93.764921,45.061402],[-93.765629,45.063028],[-93.765772,45.063984],[-93.765632,45.066005],[-93.765543,45.066328],[-93.764821,45.066975],[-93.763488,45.067194],[-93.762211,45.067748],[-93.761518,45.068282],[-93.761174,45.068764],[-93.761416,45.069392],[-93.761996,45.069739],[-93.762317,45.069838],[-93.76383,45.069976],[-93.764447,45.070213],[-93.764639,45.070615],[-93.76458,45.070967],[-93.762205,45.072558],[-93.761708,45.072773],[-93.760588,45.07298],[-93.760157,45.072928],[-93.759425,45.072666],[-93.759008,45.072619],[-93.758685,45.07268],[-93.758478,45.072909],[-93.758371,45.0732],[-93.758408,45.073673],[-93.758703,45.074367],[-93.75898,45.074756],[-93.759327,45.074953],[-93.759791,45.075],[-93.76026,45.074817],[-93.760428,45.074123],[-93.760752,45.073697],[-93.760944,45.073622],[-93.761366,45.073678],[-93.761577,45.073964],[-93.761572,45.074259],[-93.761403,45.074611],[-93.761108,45.074859],[-93.760236,45.075342],[-93.759889,45.075741],[-93.759782,45.076106],[-93.760072,45.076814],[-93.760068,45.077006],[-93.759978,45.077142],[-93.759763,45.077292],[-93.758699,45.077348],[-93.758549,45.077405],[-93.758497,45.077522],[-93.758624,45.07778],[-93.760213,45.07905],[-93.761127,45.079941],[-93.761497,45.080475],[-93.76178,45.081306],[-93.761874,45.081244],[-93.761497,45.081751],[-93.760019,45.082472],[-93.758659,45.082782],[-93.757953,45.082816],[-93.757402,45.082524],[-93.757075,45.081766],[-93.756821,45.080942],[-93.756581,45.080576],[-93.755628,45.080104],[-93.755077,45.079932],[-93.753978,45.07986],[-93.752911,45.079644],[-93.752253,45.079433],[-93.749446,45.079028],[-93.748603,45.079028],[-93.74831,45.079097],[-93.746846,45.07982],[-93.74616,45.080004],[-93.745762,45.080216],[-93.744746,45.080354],[-93.744022,45.080354],[-93.742989,45.080113],[-93.741837,45.080153],[-93.740862,45.08038],[-93.739705,45.080752],[-93.738619,45.081402],[-93.738181,45.081906],[-93.737832,45.082702],[-93.737234,45.082707],[-93.736637,45.083618],[-93.735334,45.082769],[-93.734802,45.082783],[-93.733175,45.081744],[-93.73086,45.083877],[-93.730696,45.083032],[-93.730226,45.083219],[-93.728573,45.081512],[-93.727417,45.080688],[-93.727447,45.082966],[-93.727329,45.082968],[-93.727339,45.083737],[-93.727457,45.083734],[-93.727496,45.086487],[-93.717339,45.086678],[-93.717356,45.09028],[-93.722303,45.090216],[-93.722358,45.088396],[-93.727536,45.088347],[-93.727611,45.097472],[-93.729593,45.097441],[-93.729375,45.097905],[-93.729026,45.098177],[-93.72883,45.098245],[-93.727392,45.098129],[-93.726807,45.098452],[-93.726625,45.098738],[-93.726428,45.099325],[-93.726316,45.101305],[-93.725817,45.10363],[-93.724946,45.105588],[-93.723721,45.108631],[-93.72252,45.110337],[-93.722025,45.111634],[-93.721214,45.113055],[-93.720798,45.114117],[-93.720617,45.114444],[-93.720074,45.11509],[-93.717048,45.11773],[-93.715184,45.119765],[-93.714452,45.120729],[-93.71366,45.121478],[-93.712275,45.12297],[-93.71175,45.12334],[-93.708593,45.125062],[-93.707441,45.126001],[-93.707227,45.126336],[-93.707166,45.126619],[-93.70677,45.127122],[-93.705688,45.12904],[-93.704841,45.130035],[-93.70439,45.130418],[-93.70384,45.130738],[-93.702993,45.131052],[-93.702579,45.131354],[-93.702183,45.132025],[-93.701871,45.132868],[-93.701048,45.135987],[-93.700742,45.136363],[-93.7003,45.136728],[-93.698639,45.137782],[-93.698241,45.138117],[-93.697431,45.139009],[-93.696485,45.139718],[-93.695402,45.140718],[-93.694502,45.141343],[-93.690095,45.143106],[-93.689131,45.143588],[-93.687696,45.144845],[-93.686933,45.145692],[-93.686042,45.147163],[-93.685424,45.148401],[-93.684934,45.14908],[-93.684048,45.149995],[-93.683011,45.150636],[-93.681927,45.151132],[-93.681241,45.151263],[-93.680676,45.151132],[-93.679471,45.150639],[-93.678713,45.150519],[-93.677981,45.150588],[-93.676267,45.151044],[-93.676413,45.145122],[-93.635506,45.145287],[-93.635376,45.152542],[-93.630424,45.152557],[-93.630503,45.159787],[-93.630377,45.166952],[-93.629934,45.174176],[-93.638653,45.174161],[-93.639031,45.174867],[-93.639427,45.175349],[-93.642869,45.177726],[-93.644497,45.178933],[-93.64529,45.179269],[-93.647197,45.179734],[-93.647594,45.179918],[-93.648418,45.180398],[-93.651312,45.182528],[-93.651868,45.183231],[-93.652186,45.184543],[-93.652531,45.185126],[-93.653292,45.185973],[-93.654203,45.186715],[-93.65667,45.188458],[-93.657362,45.189224],[-93.658536,45.191491],[-93.658795,45.192384],[-93.658871,45.192903],[-93.658917,45.193551],[-93.65881,45.194116],[-93.658597,45.194665],[-93.658141,45.195353],[-93.657864,45.196159],[-93.657409,45.197082],[-93.657117,45.197532],[-93.65656,45.197996],[-93.655977,45.198235],[-93.654675,45.198602],[-93.654004,45.198747],[-93.652158,45.198899],[-93.650387,45.198808],[-93.649289,45.198877],[-93.648119,45.199165],[-93.646984,45.199732],[-93.646106,45.200496],[-93.64561,45.20122],[-93.645534,45.201472],[-93.645565,45.201678],[-93.645977,45.20244],[-93.646076,45.202887],[-93.646023,45.203325],[-93.645732,45.203736],[-93.645135,45.204014],[-93.643329,45.204433],[-93.642911,45.20479],[-93.642346,45.205681],[-93.642224,45.206179],[-93.642132,45.20708],[-93.641949,45.207385],[-93.641095,45.208278],[-93.639951,45.2093],[-93.639311,45.209667],[-93.638395,45.209979],[-93.637739,45.210109],[-93.637129,45.210155],[-93.636091,45.210048],[-93.635282,45.209766],[-93.634931,45.20956],[-93.634571,45.209197],[-93.634144,45.208423],[-93.633941,45.207439],[-93.633498,45.20625],[-93.633117,45.204815],[-93.632339,45.203732],[-93.63176,45.203305],[-93.63092,45.20287],[-93.630401,45.202687],[-93.629861,45.202531],[-93.628487,45.202406],[-93.625877,45.20256],[-93.624751,45.202817],[-93.62424,45.203033],[-93.623742,45.203484],[-93.623384,45.203934],[-93.623123,45.204597],[-93.623199,45.205144],[-93.623444,45.205494],[-93.624657,45.206361],[-93.625916,45.207427],[-93.626208,45.207798],[-93.6263,45.208289],[-93.626269,45.208719],[-93.625911,45.20923],[-93.625045,45.209648],[-93.624457,45.209692],[-93.62234,45.209542],[-93.621211,45.209375],[-93.620326,45.209129],[-93.619456,45.209023],[-93.618022,45.20906],[-93.616769,45.209388],[-93.616216,45.209624],[-93.615286,45.21023],[-93.614324,45.21117],[-93.613779,45.211375],[-93.612655,45.211549],[-93.612184,45.211324],[-93.611963,45.210927],[-93.611902,45.210652],[-93.611917,45.210416],[-93.612482,45.209408],[-93.612573,45.209125],[-93.612543,45.208889],[-93.612041,45.20814],[-93.611811,45.208025],[-93.611353,45.207982],[-93.610879,45.208127],[-93.610653,45.208328],[-93.610455,45.208646],[-93.610274,45.209164],[-93.6094,45.209635],[-93.608758,45.210188],[-93.6084,45.210893],[-93.608011,45.211943],[-93.607838,45.21216],[-93.607034,45.212317],[-93.606058,45.212157],[-93.605218,45.21216],[-93.605034,45.21223],[-93.604914,45.212404],[-93.604853,45.212783],[-93.604503,45.212959],[-93.604357,45.212981],[-93.604072,45.212828],[-93.602982,45.211175],[-93.602235,45.21055],[-93.601919,45.210177],[-93.601793,45.20945],[-93.602,45.208215],[-93.60196,45.208081],[-93.601505,45.207814],[-93.600622,45.207633],[-93.597863,45.207308],[-93.596938,45.207364],[-93.596399,45.207575],[-93.596155,45.207751],[-93.595523,45.208401],[-93.593912,45.209086],[-93.593561,45.209345],[-93.592966,45.210085],[-93.592722,45.210505],[-93.592523,45.211512],[-93.592462,45.212261],[-93.592523,45.212565],[-93.592676,45.21287],[-93.593422,45.213304],[-93.593847,45.213716],[-93.594238,45.214465],[-93.594324,45.214876],[-93.594125,45.215592],[-93.593846,45.216146],[-93.593838,45.216464],[-93.593737,45.216664],[-93.593972,45.217463],[-93.593938,45.217564],[-93.592687,45.218282],[-93.591918,45.218481],[-93.591163,45.218574],[-93.590818,45.218521],[-93.5905,45.218176],[-93.590487,45.217275],[-93.590381,45.216639],[-93.590218,45.216223],[-93.58985,45.215658],[-93.589889,45.215445],[-93.589475,45.214806],[-93.587503,45.214643],[-93.586895,45.214677],[-93.585924,45.214967],[-93.584853,45.215446],[-93.583316,45.216361],[-93.581553,45.216824],[-93.579937,45.217109],[-93.577525,45.218061],[-93.57634,45.218393],[-93.575469,45.218574],[-93.574488,45.218601],[-93.57364,45.218601],[-93.571837,45.218435],[-93.569971,45.218523],[-93.56892,45.219076],[-93.5666,45.221208],[-93.562718,45.223007],[-93.561523,45.224584],[-93.561346,45.225208],[-93.561109,45.226995],[-93.560577,45.227306],[-93.559747,45.226864],[-93.558997,45.225869],[-93.558607,45.225502],[-93.55791,45.225065],[-93.557626,45.224971],[-93.557059,45.224971],[-93.556681,45.225231],[-93.556168,45.225727],[-93.555488,45.226506],[-93.555087,45.226755],[-93.55452,45.22692],[-93.552875,45.227055],[-93.549797,45.226572],[-93.548635,45.226456],[-93.547965,45.226649],[-93.547523,45.226916],[-93.546473,45.228028],[-93.545778,45.22882],[-93.544975,45.230028],[-93.544517,45.230334],[-93.543998,45.230807],[-93.543739,45.231249],[-93.543464,45.232034],[-93.542915,45.232477],[-93.542636,45.232591],[-93.542066,45.232513],[-93.541524,45.232226],[-93.541269,45.232022],[-93.541124,45.231645],[-93.540942,45.23149],[-93.540592,45.231232],[-93.540061,45.231043],[-93.539413,45.230973],[-93.536753,45.23138],[-93.53557,45.231386],[-93.534662,45.231114],[-93.534355,45.230936],[-93.534107,45.230606],[-93.534071,45.23044],[-93.534294,45.228594],[-93.533531,45.22703],[-93.53347,45.226595],[-93.533531,45.226244],[-93.533393,45.225603],[-93.532156,45.223788],[-93.531288,45.222842],[-93.530536,45.222464],[-93.529899,45.222307],[-93.529075,45.222315],[-93.528678,45.22243],[-93.528236,45.222613],[-93.527275,45.223215],[-93.526038,45.224413],[-93.525636,45.224964],[-93.525305,45.225924],[-93.525244,45.226221],[-93.525275,45.226496],[-93.525733,45.227465],[-93.526588,45.228663],[-93.526635,45.228964],[-93.526175,45.229807],[-93.525824,45.230196],[-93.524954,45.230921],[-93.524558,45.231173],[-93.523364,45.231649],[-93.521789,45.232475],[-93.521399,45.233119],[-93.521338,45.233432],[-93.521475,45.234798],[-93.521368,45.23608],[-93.52114,45.236675],[-93.520537,45.237649],[-93.519895,45.238265],[-93.519315,45.23848],[-93.517228,45.238505],[-93.516417,45.238439],[-93.515784,45.238521],[-93.515335,45.238665],[-93.515097,45.238826],[-93.514745,45.239494],[-93.51467,45.239925],[-93.514835,45.240365],[-93.515968,45.24147],[-93.516425,45.241733],[-93.517575,45.242175],[-93.51969,45.242259],[-93.520315,45.242358],[-93.521168,45.242732],[-93.521702,45.243198],[-93.522266,45.243938],[-93.52243,45.244371],[-93.522177,45.245403],[-93.521934,45.245847],[-93.521653,45.246618],[-93.52007,45.246425],[-93.515342,45.24632],[-93.513134,45.245967],[-93.509524,45.244792],[-93.506256,45.243603],[-93.502681,45.242224],[-93.501598,45.241594],[-93.501635,45.245521],[-93.497333,45.242869],[-93.495123,45.241806],[-93.494036,45.24136],[-93.48239,45.237685],[-93.477681,45.236078],[-93.471082,45.234218],[-93.469952,45.233837],[-93.465232,45.231907],[-93.463065,45.231117],[-93.453899,45.227935],[-93.449763,45.226607],[-93.449707,45.226884],[-93.434362,45.221937],[-93.434298,45.222128],[-93.434036,45.222234],[-93.433899,45.222149],[-93.433466,45.222932],[-93.431932,45.222365],[-93.432307,45.221948],[-93.43256,45.221534],[-93.432055,45.221363],[-93.432075,45.221195],[-93.426799,45.219486],[-93.422821,45.21835],[-93.421259,45.217744],[-93.420963,45.21783],[-93.420167,45.217464],[-93.419559,45.218766],[-93.419633,45.219462],[-93.420208,45.219451],[-93.420206,45.2266],[-93.419497,45.226543],[-93.419006,45.226405],[-93.417054,45.225475],[-93.415942,45.225268],[-93.410454,45.225076],[-93.406986,45.224867],[-93.403798,45.224612],[-93.399651,45.224169],[-93.3988,45.224195],[-93.397007,45.224707],[-93.396145,45.22331],[-93.395913,45.223104],[-93.392058,45.223101],[-93.391025,45.223814],[-93.390762,45.223727],[-93.390251,45.223369],[-93.389743,45.223327],[-93.390194,45.22375],[-93.391182,45.224349],[-93.391839,45.225298],[-93.391611,45.225966],[-93.389675,45.228472],[-93.389302,45.229143],[-93.38924,45.22998],[-93.389831,45.230379],[-93.392002,45.230637],[-93.393114,45.231043],[-93.394942,45.231878],[-93.395907,45.232482],[-93.396318,45.233202],[-93.396149,45.234011],[-93.395546,45.234847],[-93.395812,45.235672],[-93.395901,45.236422],[-93.395871,45.237318],[-93.395482,45.2381],[-93.394786,45.238649],[-93.394215,45.23869],[-93.39262,45.23851],[-93.391212,45.238632],[-93.390496,45.238894],[-93.389952,45.239569],[-93.38968,45.240472],[-93.38967,45.241093]]]}},{"type":"Feature","properties":{"district":"4"},"geometry":{"type":"Polygon","coordinates":[[[-93.020518,45.123866],[-93.003849,45.123753],[-92.984621,45.123757],[-92.984619,45.123622],[-92.984513,45.123621],[-92.946104,45.12366],[-92.945374,45.123667],[-92.944825,45.123764],[-92.94436,45.123626],[-92.940663,45.123653],[-92.940338,45.123586],[-92.924638,45.123529],[-92.863732,45.123605],[-92.863463,45.102012],[-92.863377,45.100372],[-92.863375,45.092137],[-92.86321,45.079565],[-92.856015,45.079571],[-92.846517,45.080133],[-92.843866,45.080028],[-92.834799,45.07927],[-92.834749,45.074122],[-92.834312,45.074664],[-92.833663,45.075154],[-92.832865,45.075519],[-92.832292,45.075678],[-92.83109,45.075793],[-92.82857,45.075559],[-92.829281,45.076766],[-92.827495,45.078984],[-92.826991,45.079783],[-92.825656,45.082324],[-92.824925,45.085084],[-92.824187,45.088631],[-92.823666,45.090323],[-92.823128,45.093244],[-92.822973,45.093708],[-92.822052,45.094794],[-92.821102,45.095446],[-92.812768,45.100153],[-92.812724,45.09522],[-92.812967,45.085575],[-92.812872,45.082914],[-92.812769,45.082656],[-92.81037,45.081159],[-92.808292,45.081102],[-92.807776,45.081002],[-92.807754,45.079176],[-92.801632,45.079141],[-92.792319,45.078944],[-92.792657,45.078762],[-92.794457,45.076519],[-92.79609,45.074322],[-92.796701,45.07333],[-92.797235,45.072705],[-92.798364,45.071896],[-92.800073,45.07037],[-92.801522,45.068623],[-92.802163,45.067555],[-92.802545,45.066662],[-92.802911,45.065403],[-92.803094,45.063465],[-92.803124,45.061566],[-92.803079,45.060978],[-92.802819,45.059689],[-92.802056,45.057423],[-92.801035,45.055667],[-92.799783,45.053845],[-92.79844,45.052182],[-92.797081,45.050648],[-92.793282,45.047178],[-92.791206,45.045698],[-92.78791,45.043516],[-92.7864,45.042867],[-92.785706,45.042667],[-92.785484,45.042493],[-92.780982,45.040441],[-92.778815,45.039327],[-92.773978,45.036359],[-92.772071,45.035055],[-92.770362,45.033803],[-92.768638,45.032377],[-92.767112,45.031072],[-92.765127,45.029165],[-92.764604,45.028767],[-92.762762,45.025663],[-92.76206,45.02432],[-92.762014,45.023115],[-92.761904,45.022467],[-92.761953,45.0221],[-92.762533,45.020551],[-92.764929,45.015249],[-92.765951,45.013463],[-92.766882,45.011503],[-92.76737,45.010694],[-92.768804,45.007667],[-92.768881,45.00723],[-92.769232,45.006292],[-92.770452,45.003637],[-92.77091,45.002462],[-92.771231,45.001378],[-92.771104,45.000667],[-92.771307,44.999494],[-92.770834,44.994131],[-92.770304,44.992067],[-92.769277,44.989293],[-92.769049,44.988195],[-92.769104,44.987467],[-92.770346,44.983328],[-92.770304,44.978967],[-92.769504,44.974267],[-92.769445,44.97215],[-92.768545,44.969839],[-92.767614,44.968465],[-92.767218,44.968084],[-92.76337,44.96636],[-92.7607,44.964979],[-92.759202,44.962068],[-92.757465,44.959562],[-92.754603,44.955767],[-92.753575,44.952558],[-92.753003,44.949967],[-92.750802,44.941567],[-92.750645,44.937299],[-92.752102,44.930867],[-92.757557,44.911214],[-92.757923,44.910283],[-92.758701,44.908979],[-92.759556,44.907857],[-92.761341,44.906904],[-92.764767,44.905431],[-92.766271,44.904874],[-92.773103,44.901367],[-92.774022,44.900083],[-92.774571,44.898084],[-92.774968,44.895086],[-92.774907,44.892797],[-92.773946,44.889997],[-92.771123,44.88561],[-92.769603,44.882967],[-92.765781,44.877798],[-92.764133,44.875905],[-92.763823,44.874967],[-92.763411,44.87414],[-92.763422,44.872867],[-92.763767,44.872063],[-92.76464,44.870646],[-92.767356,44.866658],[-92.768839,44.86402],[-92.769501,44.862001],[-92.781269,44.861899],[-92.801637,44.86198],[-92.816853,44.861961],[-92.818206,44.861857],[-92.820478,44.861951],[-92.822964,44.861952],[-92.823419,44.86188],[-92.84618,44.861977],[-92.862411,44.861944],[-92.862524,44.891113],[-92.875439,44.891034],[-92.880327,44.890593],[-92.881437,44.890584],[-92.886006,44.890958],[-92.909081,44.890866],[-92.910321,44.890769],[-92.913126,44.890295],[-92.913883,44.890234],[-92.915368,44.890296],[-92.917825,44.890795],[-92.918611,44.890868],[-92.979463,44.890822],[-92.979577,44.894625],[-92.979664,44.894625],[-92.98421,44.894594],[-92.984192,44.890814],[-93.020044,44.89075],[-93.024607,44.894074],[-93.034733,44.897831],[-93.042125,44.905101],[-93.045179,44.912307],[-93.051642,44.919502],[-93.09091,44.919668],[-93.090935,44.923236],[-93.096041,44.923287],[-93.096024,44.919679],[-93.107027,44.919756],[-93.12871,44.919648],[-93.131941,44.916025],[-93.132788,44.912406],[-93.133671,44.910265],[-93.136493,44.906102],[-93.137593,44.90519],[-93.146682,44.899307],[-93.149109,44.897443],[-93.15161,44.894748],[-93.1539,44.892898],[-93.156864,44.891865],[-93.164346,44.89034],[-93.168919,44.888204],[-93.172102,44.887399],[-93.175689,44.887405],[-93.178539,44.888338],[-93.177964,44.889641],[-93.177999,44.891176],[-93.177218,44.893928],[-93.178522,44.894179],[-93.182763,44.894292],[-93.18739,44.89512],[-93.190385,44.897987],[-93.190848,44.899878],[-93.190676,44.901217],[-93.192214,44.904376],[-93.193722,44.905254],[-93.198737,44.907761],[-93.200367,44.909625],[-93.201129,44.916793],[-93.201359,44.919764],[-93.199789,44.927033],[-93.200791,44.934301],[-93.200623,44.937876],[-93.200104,44.941506],[-93.202056,44.948376],[-93.203597,44.950978],[-93.20775,44.953035],[-93.207777,44.958743],[-93.207558,44.991684],[-93.207794,45.020078],[-93.208107,45.033573],[-93.208122,45.042954],[-93.218326,45.042874],[-93.21834,45.050044],[-93.227059,45.049937],[-93.227012,45.052712],[-93.227211,45.061784],[-93.227369,45.072122],[-93.22733,45.072866],[-93.227388,45.073094],[-93.227453,45.075716],[-93.227682,45.087744],[-93.227843,45.114948],[-93.2281,45.115548],[-93.228119,45.115798],[-93.227789,45.116797],[-93.227696,45.124533],[-93.125291,45.124119],[-93.087282,45.124048],[-93.060934,45.12411],[-93.057251,45.124068],[-93.056778,45.124008],[-93.052843,45.124055],[-93.035911,45.123881],[-93.020518,45.123866]]]}},{"type":"Feature","properties":{"district":"5"},"geometry":{"type":"Polygon","coordinates":[[[-93.265777,45.124584],[-93.25087,45.1245],[-93.238025,45.124568],[-93.238621,45.124751],[-93.23572,45.124759],[-93.235761,45.124571],[-93.227696,45.124533],[-93.227789,45.116797],[-93.228119,45.115798],[-93.2281,45.115548],[-93.227843,45.114948],[-93.227682,45.087744],[-93.227453,45.075716],[-93.227388,45.073094],[-93.22733,45.072866],[-93.227369,45.072122],[-93.227211,45.061784],[-93.227012,45.052712],[-93.227059,45.049937],[-93.21834,45.050044],[-93.218326,45.042874],[-93.208122,45.042954],[-93.208107,45.033573],[-93.207794,45.020078],[-93.207558,44.991684],[-93.207777,44.958743],[-93.20775,44.953035],[-93.203597,44.950978],[-93.202056,44.948376],[-93.200104,44.941506],[-93.200623,44.937876],[-93.200791,44.934301],[-93.199789,44.927033],[-93.201359,44.919764],[-93.201129,44.916793],[-93.200367,44.909625],[-93.198737,44.907761],[-93.193722,44.905254],[-93.192214,44.904376],[-93.190676,44.901217],[-93.190848,44.899878],[-93.190385,44.897987],[-93.18739,44.89512],[-93.182763,44.894292],[-93.178522,44.894179],[-93.177218,44.893928],[-93.177999,44.891176],[-93.177964,44.889641],[-93.178539,44.888338],[-93.179435,44.888299],[-93.181771,44.887534],[-93.182474,44.88722],[-93.182632,44.88712],[-93.183018,44.886585],[-93.183164,44.886092],[-93.182969,44.885348],[-93.182381,44.884728],[-93.18163,44.884136],[-93.180038,44.883112],[-93.179032,44.882114],[-93.178533,44.88134],[-93.178499,44.880886],[-93.178618,44.880337],[-93.179477,44.879334],[-93.181209,44.878055],[-93.182762,44.877414],[-93.185798,44.876486],[-93.186549,44.876091],[-93.18788,44.875002],[-93.188434,44.874393],[-93.189137,44.873109],[-93.189231,44.872662],[-93.189886,44.871537],[-93.192822,44.869507],[-93.19569,44.867976],[-93.197457,44.867118],[-93.198827,44.866305],[-93.199969,44.865505],[-93.200413,44.864963],[-93.200393,44.864523],[-93.19794,44.862],[-93.243714,44.861945],[-93.252993,44.86191],[-93.256565,44.861857],[-93.256886,44.861796],[-93.257988,44.861863],[-93.268149,44.86185],[-93.271561,44.86192],[-93.274469,44.861745],[-93.278307,44.861782],[-93.284026,44.862046],[-93.295084,44.861907],[-93.304389,44.861908],[-93.308677,44.862071],[-93.318828,44.861998],[-93.318756,44.873638],[-93.318825,44.890854],[-93.320608,44.890815],[-93.321241,44.890713],[-93.322403,44.890374],[-93.323023,44.890087],[-93.324926,44.888898],[-93.325348,44.888872],[-93.327177,44.887888],[-93.327466,44.887795],[-93.327667,44.888206],[-93.327751,44.888626],[-93.32769,44.889225],[-93.327446,44.889919],[-93.327454,44.890282],[-93.327667,44.890678],[-93.327721,44.890976],[-93.327723,44.894444],[-93.329002,44.894451],[-93.32901,44.898067],[-93.339142,44.898087],[-93.339157,44.899761],[-93.344254,44.899773],[-93.344254,44.900112],[-93.349813,44.900142],[-93.349888,44.905456],[-93.350465,44.908932],[-93.350682,44.910976],[-93.350539,44.913742],[-93.34953,44.919603],[-93.349673,44.919735],[-93.349503,44.919736],[-93.349446,44.920155],[-93.349617,44.920288],[-93.349597,44.92049],[-93.355538,44.92051],[-93.355162,44.92072],[-93.355606,44.920772],[-93.356164,44.920577],[-93.356432,44.920542],[-93.35671,44.9206],[-93.356875,44.920515],[-93.358264,44.920519],[-93.358617,44.92071],[-93.358921,44.920731],[-93.359146,44.920657],[-93.359167,44.920522],[-93.370636,44.920503],[-93.37068,44.927362],[-93.374643,44.926283],[-93.378181,44.926045],[-93.378181,44.926116],[-93.37915,44.926073],[-93.379089,44.929127],[-93.380346,44.929389],[-93.379948,44.929786],[-93.379365,44.930067],[-93.379437,44.93016],[-93.380806,44.929695],[-93.380811,44.930286],[-93.380924,44.930985],[-93.380924,44.932041],[-93.380821,44.932907],[-93.380829,44.935024],[-93.384918,44.935066],[-93.384919,44.93526],[-93.385009,44.935375],[-93.385147,44.935219],[-93.385577,44.935222],[-93.385675,44.935573],[-93.391424,44.934786],[-93.395308,44.934518],[-93.394993,44.935108],[-93.400614,44.935133],[-93.400619,44.940508],[-93.398742,44.94051],[-93.398846,44.941346],[-93.399347,44.942308],[-93.400619,44.942304],[-93.400542,44.944894],[-93.40088,44.955382],[-93.400759,44.964048],[-93.405556,44.964108],[-93.405563,44.967116],[-93.404702,44.967108],[-93.404693,44.967718],[-93.405563,44.967724],[-93.405563,44.970126],[-93.404742,44.970123],[-93.404763,44.971359],[-93.404315,44.971359],[-93.404296,44.973022],[-93.410511,44.972895],[-93.410466,44.978553],[-93.400419,44.978502],[-93.400609,44.982247],[-93.400675,44.991747],[-93.400879,45.003162],[-93.400638,45.014919],[-93.400715,45.033314],[-93.400659,45.037104],[-93.400803,45.047489],[-93.400695,45.065736],[-93.390503,45.06559],[-93.380402,45.065723],[-93.370255,45.065666],[-93.349819,45.065697],[-93.351091,45.080015],[-93.351288,45.086813],[-93.351108,45.08723],[-93.320721,45.087311],[-93.281063,45.087201],[-93.280818,45.086538],[-93.280681,45.085698],[-93.280682,45.084847],[-93.280861,45.083973],[-93.28168,45.082652],[-93.28234,45.081908],[-93.283155,45.081268],[-93.283447,45.080954],[-93.283761,45.080436],[-93.284139,45.079309],[-93.28442,45.077587],[-93.284386,45.077067],[-93.283892,45.075037],[-93.282989,45.073338],[-93.28249,45.072616],[-93.281593,45.071718],[-93.280815,45.071716],[-93.279026,45.080165],[-93.280126,45.083865],[-93.280227,45.088765],[-93.279927,45.089965],[-93.278327,45.103365],[-93.280327,45.105765],[-93.284727,45.108565],[-93.287946,45.110736],[-93.288867,45.110981],[-93.291458,45.112257],[-93.2934,45.113599],[-93.294337,45.114427],[-93.294796,45.114918],[-93.29507,45.115326],[-93.295492,45.116466],[-93.295957,45.118273],[-93.296059,45.119047],[-93.296092,45.121736],[-93.294476,45.119427],[-93.293046,45.118743],[-93.290542,45.118711],[-93.290706,45.118997],[-93.291079,45.11939],[-93.288107,45.11945],[-93.28498,45.120154],[-93.284435,45.118767],[-93.277185,45.118786],[-93.279952,45.124469],[-93.26873,45.124583],[-93.268733,45.124475],[-93.267075,45.124474],[-93.266367,45.124488],[-93.265777,45.124584]]]}},{"type":"Feature","properties":{"district":"6"},"geometry":{"type":"Polygon","coordinates":[[[-93.51007,45.414798],[-93.500558,45.414552],[-93.488902,45.414073],[-93.463503,45.41392],[-93.439333,45.413623],[-93.439061,45.413656],[-93.438915,45.413748],[-93.419044,45.413812],[-93.417111,45.413754],[-93.409719,45.413798],[-93.409056,45.413735],[-93.396402,45.413656],[-93.375231,45.413584],[-93.367723,45.413691],[-93.357254,45.413624],[-93.354637,45.413542],[-93.295726,45.413729],[-93.295391,45.41368],[-93.271941,45.413661],[-93.250227,45.413809],[-93.242118,45.413707],[-93.237744,45.413813],[-93.209997,45.413852],[-93.162917,45.414212],[-93.142138,45.413642],[-93.12522,45.413544],[-93.101328,45.413652],[-93.093271,45.413778],[-93.083244,45.412725],[-93.07444,45.412752],[-93.065908,45.41265],[-93.063189,45.412469],[-93.052931,45.412228],[-93.019563,45.41177],[-93.018943,45.394538],[-93.018796,45.387245],[-93.018659,45.385391],[-93.018645,45.382738],[-93.018413,45.374965],[-93.019492,45.34285],[-93.019567,45.337995],[-93.019519,45.333266],[-93.019319,45.325866],[-93.019219,45.311228],[-93.019635,45.305036],[-93.019582,45.30039],[-93.019566,45.299837],[-93.019476,45.299568],[-93.01944,45.296929],[-93.01955,45.29693],[-93.019484,45.287617],[-93.019561,45.268344],[-93.019496,45.254085],[-93.019347,45.245228],[-93.019417,45.232466],[-93.019608,45.225247],[-93.019765,45.209369],[-93.019978,45.200992],[-93.020069,45.183481],[-93.020278,45.171312],[-93.020374,45.155846],[-93.020313,45.146796],[-93.020388,45.146255],[-93.020421,45.144053],[-93.020449,45.124559],[-93.020518,45.123866],[-93.035911,45.123881],[-93.052843,45.124055],[-93.056778,45.124008],[-93.057251,45.124068],[-93.060934,45.12411],[-93.087282,45.124048],[-93.125291,45.124119],[-93.141682,45.124213],[-93.15596,45.124206],[-93.169667,45.124324],[-93.20467,45.124403],[-93.235761,45.124571],[-93.23572,45.124759],[-93.238621,45.124751],[-93.238025,45.124568],[-93.25087,45.1245],[-93.266888,45.124603],[-93.266761,45.13315],[-93.266851,45.133971],[-93.266781,45.140163],[-93.266703,45.140263],[-93.266661,45.140898],[-93.266451,45.155478],[-93.266222,45.165796],[-93.26607,45.184963],[-93.265915,45.194389],[-93.26586,45.19454],[-93.265793,45.196684],[-93.2658,45.197012],[-93.265872,45.197012],[-93.265859,45.211519],[-93.283373,45.211783],[-93.302372,45.211936],[-93.302371,45.212008],[-93.303142,45.212005],[-93.303138,45.212084],[-93.304401,45.212107],[-93.308708,45.212131],[-93.310495,45.21193],[-93.311771,45.212138],[-93.316716,45.212239],[-93.317386,45.212411],[-93.318247,45.212758],[-93.319358,45.21291],[-93.320005,45.212824],[-93.321373,45.212381],[-93.321804,45.212324],[-93.328388,45.212396],[-93.346673,45.212308],[-93.34662,45.212406],[-93.347454,45.212417],[-93.348186,45.212415],[-93.34819,45.212301],[-93.357611,45.212282],[-93.357528,45.219477],[-93.362094,45.219511],[-93.362775,45.219584],[-93.363646,45.219859],[-93.364717,45.220352],[-93.365668,45.22082],[-93.366081,45.221136],[-93.366615,45.221671],[-93.366503,45.221712],[-93.36681,45.222218],[-93.367058,45.22293],[-93.36706,45.226234],[-93.3672,45.226711],[-93.367492,45.227211],[-93.371824,45.227235],[-93.377787,45.227138],[-93.377698,45.233562],[-93.382756,45.233591],[-93.382723,45.237301],[-93.38866,45.237275],[-93.388635,45.241094],[-93.38967,45.241093],[-93.38968,45.240472],[-93.389952,45.239569],[-93.390496,45.238894],[-93.391212,45.238632],[-93.39262,45.23851],[-93.394215,45.23869],[-93.394786,45.238649],[-93.395482,45.2381],[-93.395871,45.237318],[-93.395901,45.236422],[-93.395812,45.235672],[-93.395546,45.234847],[-93.396149,45.234011],[-93.396318,45.233202],[-93.395907,45.232482],[-93.394942,45.231878],[-93.393114,45.231043],[-93.392002,45.230637],[-93.389831,45.230379],[-93.38924,45.22998],[-93.389302,45.229143],[-93.389675,45.228472],[-93.391611,45.225966],[-93.391839,45.225298],[-93.391182,45.224349],[-93.390194,45.22375],[-93.389743,45.223327],[-93.390251,45.223369],[-93.390762,45.223727],[-93.391025,45.223814],[-93.392058,45.223101],[-93.395913,45.223104],[-93.396145,45.22331],[-93.397007,45.224707],[-93.3988,45.224195],[-93.399651,45.224169],[-93.403798,45.224612],[-93.406986,45.224867],[-93.410454,45.225076],[-93.415942,45.225268],[-93.417054,45.225475],[-93.419006,45.226405],[-93.419497,45.226543],[-93.420206,45.2266],[-93.420208,45.219451],[-93.419633,45.219462],[-93.419559,45.218766],[-93.420167,45.217464],[-93.420963,45.21783],[-93.421259,45.217744],[-93.422821,45.21835],[-93.426799,45.219486],[-93.432075,45.221195],[-93.432055,45.221363],[-93.43256,45.221534],[-93.432307,45.221948],[-93.431932,45.222365],[-93.433466,45.222932],[-93.433899,45.222149],[-93.434036,45.222234],[-93.434298,45.222128],[-93.434362,45.221937],[-93.449707,45.226884],[-93.449763,45.226607],[-93.453899,45.227935],[-93.463065,45.231117],[-93.465232,45.231907],[-93.469952,45.233837],[-93.471082,45.234218],[-93.477681,45.236078],[-93.48239,45.237685],[-93.494036,45.24136],[-93.495123,45.241806],[-93.497333,45.242869],[-93.501635,45.245521],[-93.501598,45.241594],[-93.502681,45.242224],[-93.506256,45.243603],[-93.509524,45.244792],[-93.513134,45.245967],[-93.515342,45.24632],[-93.52007,45.246425],[-93.521653,45.246618],[-93.521934,45.245847],[-93.522177,45.245403],[-93.52243,45.244371],[-93.522266,45.243938],[-93.521702,45.243198],[-93.521168,45.242732],[-93.520315,45.242358],[-93.51969,45.242259],[-93.517575,45.242175],[-93.516425,45.241733],[-93.515968,45.24147],[-93.514835,45.240365],[-93.51467,45.239925],[-93.514745,45.239494],[-93.515097,45.238826],[-93.515335,45.238665],[-93.515784,45.238521],[-93.516417,45.238439],[-93.517228,45.238505],[-93.519315,45.23848],[-93.519895,45.238265],[-93.520537,45.237649],[-93.52114,45.236675],[-93.521368,45.23608],[-93.521475,45.234798],[-93.521338,45.233432],[-93.521399,45.233119],[-93.521789,45.232475],[-93.523364,45.231649],[-93.524558,45.231173],[-93.524954,45.230921],[-93.525824,45.230196],[-93.526175,45.229807],[-93.526635,45.228964],[-93.526588,45.228663],[-93.525733,45.227465],[-93.525275,45.226496],[-93.525244,45.226221],[-93.525305,45.225924],[-93.525636,45.224964],[-93.526038,45.224413],[-93.527275,45.223215],[-93.528236,45.222613],[-93.528678,45.22243],[-93.529075,45.222315],[-93.529899,45.222307],[-93.530536,45.222464],[-93.531288,45.222842],[-93.532156,45.223788],[-93.533393,45.225603],[-93.533531,45.226244],[-93.53347,45.226595],[-93.533531,45.22703],[-93.534294,45.228594],[-93.534071,45.23044],[-93.534107,45.230606],[-93.534355,45.230936],[-93.534662,45.231114],[-93.53557,45.231386],[-93.536753,45.23138],[-93.539413,45.230973],[-93.540061,45.231043],[-93.540592,45.231232],[-93.540942,45.23149],[-93.541124,45.231645],[-93.541269,45.232022],[-93.541524,45.232226],[-93.542066,45.232513],[-93.542636,45.232591],[-93.542915,45.232477],[-93.543464,45.232034],[-93.543739,45.231249],[-93.543998,45.230807],[-93.544517,45.230334],[-93.544975,45.230028],[-93.545778,45.22882],[-93.546473,45.228028],[-93.547523,45.226916],[-93.547965,45.226649],[-93.548635,45.226456],[-93.549797,45.226572],[-93.552875,45.227055],[-93.55452,45.22692],[-93.555087,45.226755],[-93.555488,45.226506],[-93.556168,45.225727],[-93.556681,45.225231],[-93.557059,45.224971],[-93.557626,45.224971],[-93.55791,45.225065],[-93.558607,45.225502],[-93.558997,45.225869],[-93.559747,45.226864],[-93.560577,45.227306],[-93.561109,45.226995],[-93.561346,45.225208],[-93.561523,45.224584],[-93.562718,45.223007],[-93.5666,45.221208],[-93.56892,45.219076],[-93.569971,45.218523],[-93.571837,45.218435],[-93.57364,45.218601],[-93.574488,45.218601],[-93.575469,45.218574],[-93.57634,45.218393],[-93.577525,45.218061],[-93.579937,45.217109],[-93.581553,45.216824],[-93.583316,45.216361],[-93.584853,45.215446],[-93.585924,45.214967],[-93.586895,45.214677],[-93.587503,45.214643],[-93.589475,45.214806],[-93.589889,45.215445],[-93.58985,45.215658],[-93.590218,45.216223],[-93.590381,45.216639],[-93.590487,45.217275],[-93.5905,45.218176],[-93.590818,45.218521],[-93.591163,45.218574],[-93.591918,45.218481],[-93.592687,45.218282],[-93.593938,45.217564],[-93.593972,45.217463],[-93.593737,45.216664],[-93.593838,45.216464],[-93.593846,45.216146],[-93.594125,45.215592],[-93.594324,45.214876],[-93.594238,45.214465],[-93.593847,45.213716],[-93.593422,45.213304],[-93.592676,45.21287],[-93.592523,45.212565],[-93.592462,45.212261],[-93.592523,45.211512],[-93.592722,45.210505],[-93.592966,45.210085],[-93.593561,45.209345],[-93.593912,45.209086],[-93.595523,45.208401],[-93.596155,45.207751],[-93.596399,45.207575],[-93.596938,45.207364],[-93.597863,45.207308],[-93.600622,45.207633],[-93.601505,45.207814],[-93.60196,45.208081],[-93.602,45.208215],[-93.601793,45.20945],[-93.601919,45.210177],[-93.602235,45.21055],[-93.602982,45.211175],[-93.604072,45.212828],[-93.604357,45.212981],[-93.604503,45.212959],[-93.604853,45.212783],[-93.604914,45.212404],[-93.605034,45.21223],[-93.605218,45.21216],[-93.606058,45.212157],[-93.607034,45.212317],[-93.607838,45.21216],[-93.608011,45.211943],[-93.6084,45.210893],[-93.608758,45.210188],[-93.6094,45.209635],[-93.610274,45.209164],[-93.610455,45.208646],[-93.610653,45.208328],[-93.610879,45.208127],[-93.611353,45.207982],[-93.611811,45.208025],[-93.612041,45.20814],[-93.612543,45.208889],[-93.612573,45.209125],[-93.612482,45.209408],[-93.611917,45.210416],[-93.611902,45.210652],[-93.611963,45.210927],[-93.612184,45.211324],[-93.612655,45.211549],[-93.613779,45.211375],[-93.614324,45.21117],[-93.615286,45.21023],[-93.616216,45.209624],[-93.616769,45.209388],[-93.618022,45.20906],[-93.619456,45.209023],[-93.620326,45.209129],[-93.621211,45.209375],[-93.62234,45.209542],[-93.624457,45.209692],[-93.625045,45.209648],[-93.625911,45.20923],[-93.626269,45.208719],[-93.6263,45.208289],[-93.626208,45.207798],[-93.625916,45.207427],[-93.624657,45.206361],[-93.623444,45.205494],[-93.623199,45.205144],[-93.623123,45.204597],[-93.623384,45.203934],[-93.623742,45.203484],[-93.62424,45.203033],[-93.624751,45.202817],[-93.625877,45.20256],[-93.628487,45.202406],[-93.629861,45.202531],[-93.630401,45.202687],[-93.63092,45.20287],[-93.63176,45.203305],[-93.632339,45.203732],[-93.633117,45.204815],[-93.633498,45.20625],[-93.633941,45.207439],[-93.634144,45.208423],[-93.634571,45.209197],[-93.634931,45.20956],[-93.635282,45.209766],[-93.636091,45.210048],[-93.637129,45.210155],[-93.638395,45.209979],[-93.639311,45.209667],[-93.639951,45.2093],[-93.641095,45.208278],[-93.641949,45.207385],[-93.642132,45.20708],[-93.642224,45.206179],[-93.642346,45.205681],[-93.642911,45.20479],[-93.643329,45.204433],[-93.645466,45.203908],[-93.645732,45.203736],[-93.645917,45.203497],[-93.646023,45.203325],[-93.646076,45.202887],[-93.645977,45.20244],[-93.645565,45.201678],[-93.645534,45.201472],[-93.64561,45.20122],[-93.646106,45.200496],[-93.646644,45.199991],[-93.647221,45.199599],[-93.648119,45.199165],[-93.649289,45.198877],[-93.650387,45.198808],[-93.652158,45.198899],[-93.654004,45.198747],[-93.655977,45.198235],[-93.65656,45.197996],[-93.657117,45.197532],[-93.657409,45.197082],[-93.657864,45.196159],[-93.658141,45.195353],[-93.658597,45.194665],[-93.65881,45.194116],[-93.658917,45.193551],[-93.658795,45.192384],[-93.658536,45.191491],[-93.657362,45.189224],[-93.65667,45.188458],[-93.654203,45.186715],[-93.653292,45.185973],[-93.652292,45.184795],[-93.651868,45.183231],[-93.65159,45.18282],[-93.650692,45.182054],[-93.649486,45.181237],[-93.648418,45.180398],[-93.647197,45.179734],[-93.64529,45.179269],[-93.644497,45.178933],[-93.642869,45.177726],[-93.639427,45.175349],[-93.639031,45.174867],[-93.638653,45.174161],[-93.629934,45.174176],[-93.630377,45.166952],[-93.630503,45.159787],[-93.630424,45.152557],[-93.635376,45.152542],[-93.635506,45.145287],[-93.676413,45.145122],[-93.676267,45.151044],[-93.677981,45.150588],[-93.678713,45.150519],[-93.679471,45.150639],[-93.680676,45.151132],[-93.681241,45.151263],[-93.681927,45.151132],[-93.683011,45.150636],[-93.684048,45.149995],[-93.684934,45.14908],[-93.685424,45.148401],[-93.686042,45.147163],[-93.686933,45.145692],[-93.687696,45.144845],[-93.689131,45.143588],[-93.690095,45.143106],[-93.694502,45.141343],[-93.695402,45.140718],[-93.696485,45.139718],[-93.697431,45.139009],[-93.698241,45.138117],[-93.698639,45.137782],[-93.7003,45.136728],[-93.700742,45.136363],[-93.701048,45.135987],[-93.701871,45.132868],[-93.702183,45.132025],[-93.702579,45.131354],[-93.702993,45.131052],[-93.70384,45.130738],[-93.70439,45.130418],[-93.704841,45.130035],[-93.705688,45.12904],[-93.70677,45.127122],[-93.707166,45.126619],[-93.707227,45.126336],[-93.707441,45.126001],[-93.708593,45.125062],[-93.71175,45.12334],[-93.712275,45.12297],[-93.71366,45.121478],[-93.714452,45.120729],[-93.715184,45.119765],[-93.717048,45.11773],[-93.720074,45.11509],[-93.720617,45.114444],[-93.720798,45.114117],[-93.721214,45.113055],[-93.722025,45.111634],[-93.72252,45.110337],[-93.723721,45.108631],[-93.724946,45.105588],[-93.725817,45.10363],[-93.726316,45.101305],[-93.726428,45.099325],[-93.726625,45.098738],[-93.726807,45.098452],[-93.727392,45.098129],[-93.72883,45.098245],[-93.729026,45.098177],[-93.729375,45.097905],[-93.729593,45.097441],[-93.727611,45.097472],[-93.727536,45.088347],[-93.722358,45.088396],[-93.722303,45.090216],[-93.717356,45.09028],[-93.717339,45.086678],[-93.727496,45.086487],[-93.727457,45.083734],[-93.727339,45.083737],[-93.727329,45.082968],[-93.727447,45.082966],[-93.727417,45.080688],[-93.728573,45.081512],[-93.730226,45.083219],[-93.730696,45.083032],[-93.73086,45.083877],[-93.733175,45.081744],[-93.734802,45.082783],[-93.735334,45.082769],[-93.736637,45.083618],[-93.737234,45.082707],[-93.737832,45.082702],[-93.738181,45.081906],[-93.738619,45.081402],[-93.739705,45.080752],[-93.740862,45.08038],[-93.741837,45.080153],[-93.742989,45.080113],[-93.744022,45.080354],[-93.744746,45.080354],[-93.745762,45.080216],[-93.74616,45.080004],[-93.746846,45.07982],[-93.74831,45.079097],[-93.748603,45.079028],[-93.749446,45.079028],[-93.752253,45.079433],[-93.752911,45.079644],[-93.753978,45.07986],[-93.755077,45.079932],[-93.755628,45.080104],[-93.756581,45.080576],[-93.756821,45.080942],[-93.757075,45.081766],[-93.757402,45.082524],[-93.757953,45.082816],[-93.758659,45.082782],[-93.760019,45.082472],[-93.761497,45.081751],[-93.761874,45.081244],[-93.76178,45.081306],[-93.761497,45.080475],[-93.761127,45.079941],[-93.760213,45.07905],[-93.758624,45.07778],[-93.758497,45.077522],[-93.758549,45.077405],[-93.758699,45.077348],[-93.759763,45.077292],[-93.759978,45.077142],[-93.760068,45.077006],[-93.760072,45.076814],[-93.759782,45.076106],[-93.759889,45.075741],[-93.760236,45.075342],[-93.761108,45.074859],[-93.761403,45.074611],[-93.761572,45.074259],[-93.761577,45.073964],[-93.761366,45.073678],[-93.760944,45.073622],[-93.760752,45.073697],[-93.760428,45.074123],[-93.76026,45.074817],[-93.759791,45.075],[-93.759327,45.074953],[-93.75898,45.074756],[-93.758703,45.074367],[-93.758408,45.073673],[-93.758371,45.0732],[-93.758478,45.072909],[-93.758685,45.07268],[-93.759008,45.072619],[-93.759425,45.072666],[-93.760157,45.072928],[-93.760588,45.07298],[-93.761708,45.072773],[-93.762205,45.072558],[-93.76458,45.070967],[-93.764639,45.070615],[-93.764447,45.070213],[-93.76383,45.069976],[-93.762317,45.069838],[-93.761996,45.069739],[-93.761416,45.069392],[-93.761174,45.068764],[-93.761518,45.068282],[-93.762211,45.067748],[-93.763488,45.067194],[-93.764821,45.066975],[-93.765543,45.066328],[-93.765632,45.066005],[-93.765772,45.063984],[-93.765629,45.063028],[-93.764921,45.061402],[-93.764902,45.060882],[-93.765019,45.060337],[-93.765252,45.059968],[-93.765524,45.059715],[-93.765913,45.059656],[-93.766127,45.059724],[-93.766283,45.059797],[-93.766714,45.060232],[-93.766818,45.057182],[-93.76696,44.992126],[-93.767234,44.984686],[-93.767367,44.977964],[-93.767531,44.977963],[-93.767715,44.955095],[-93.767654,44.945156],[-93.767868,44.931999],[-93.767838,44.919817],[-93.768052,44.904766],[-93.768385,44.89087],[-93.748341,44.890662],[-93.742541,44.890662],[-93.741941,44.890762],[-93.73765,44.890762],[-93.71994,44.890762],[-93.705439,44.890662],[-93.702675,44.890908],[-93.699336,44.891072],[-93.687054,44.890895],[-93.681347,44.890969],[-93.66935,44.891342],[-93.66614,44.891339],[-93.663986,44.891438],[-93.662987,44.891415],[-93.659305,44.891032],[-93.655537,44.891062],[-93.652837,44.890962],[-93.645037,44.891062],[-93.634783,44.891062],[-93.626462,44.891177],[-93.624954,44.891361],[-93.623323,44.891387],[-93.604914,44.891525],[-93.581593,44.891292],[-93.553917,44.891155],[-93.534794,44.891262],[-93.520706,44.891502],[-93.520814,44.864031],[-93.520632,44.864108],[-93.520732,44.861863],[-93.520632,44.860063],[-93.520632,44.858529],[-93.520851,44.85854],[-93.520928,44.847677],[-93.5208,44.820036],[-93.520159,44.805028],[-93.540458,44.804766],[-93.540735,44.799],[-93.541132,44.798562],[-93.543569,44.796963],[-93.546478,44.795781],[-93.547316,44.795595],[-93.547988,44.795607],[-93.551532,44.797562],[-93.553119,44.79903],[-93.553778,44.799433],[-93.554199,44.799598],[-93.554749,44.799671],[-93.555829,44.799561],[-93.557037,44.799268],[-93.558776,44.798682],[-93.560768,44.797811],[-93.563337,44.796942],[-93.566933,44.796262],[-93.56978,44.796192],[-93.573733,44.795762],[-93.577809,44.794747],[-93.578663,44.794373],[-93.580499,44.793034],[-93.580769,44.792483],[-93.58125,44.790819],[-93.581414,44.786443],[-93.581721,44.782503],[-93.581974,44.782112],[-93.582633,44.781864],[-93.585234,44.782262],[-93.588234,44.783462],[-93.589934,44.783662],[-93.596134,44.783262],[-93.599439,44.782659],[-93.599813,44.782347],[-93.599814,44.781464],[-93.599613,44.780713],[-93.599045,44.780274],[-93.595493,44.77804],[-93.594908,44.777557],[-93.594486,44.777043],[-93.594334,44.776662],[-93.594134,44.775762],[-93.595634,44.773762],[-93.601034,44.769362],[-93.607034,44.767562],[-93.613734,44.767062],[-93.615717,44.766483],[-93.618726,44.764767],[-93.621735,44.762862],[-93.621744,44.762631],[-93.62226,44.761306],[-93.622168,44.760702],[-93.621967,44.760281],[-93.620077,44.759577],[-93.617097,44.758871],[-93.614789,44.75796],[-93.612834,44.757362],[-93.609767,44.755689],[-93.609498,44.755468],[-93.608748,44.75466],[-93.60862,44.754203],[-93.609834,44.752062],[-93.611834,44.749962],[-93.613256,44.749062],[-93.613789,44.74888],[-93.614321,44.748865],[-93.615084,44.749473],[-93.615541,44.749969],[-93.616337,44.75119],[-93.616671,44.751518],[-93.61862,44.752956],[-93.619401,44.75334],[-93.620147,44.753548],[-93.620974,44.753603],[-93.621518,44.753411],[-93.62188,44.753043],[-93.62194,44.75282],[-93.621679,44.752133],[-93.621535,44.749962],[-93.622535,44.746862],[-93.62403,44.744766],[-93.624553,44.744243],[-93.627921,44.741638],[-93.630334,44.73952],[-93.631048,44.738751],[-93.631542,44.738055],[-93.631328,44.737132],[-93.631369,44.736847],[-93.630499,44.735222],[-93.629263,44.733788],[-93.628455,44.731255],[-93.628943,44.730209],[-93.630347,44.72908],[-93.631218,44.728209],[-93.632403,44.726594],[-93.632677,44.725844],[-93.632805,44.725184],[-93.632824,44.724434],[-93.632714,44.724068],[-93.63258,44.723826],[-93.632132,44.723534],[-93.630881,44.723328],[-93.629162,44.723354],[-93.626151,44.724355],[-93.625235,44.724162],[-93.624654,44.723862],[-93.624434,44.723362],[-93.624471,44.72303],[-93.624898,44.722611],[-93.625235,44.721962],[-93.626735,44.718462],[-93.626776,44.717331],[-93.626685,44.716561],[-93.626517,44.716042],[-93.625905,44.714882],[-93.625234,44.714062],[-93.623525,44.712273],[-93.62264,44.711427],[-93.618708,44.708524],[-93.618067,44.707773],[-93.617994,44.707426],[-93.618141,44.707096],[-93.61893,44.706709],[-93.619176,44.706513],[-93.623128,44.705216],[-93.626913,44.702398],[-93.62962,44.701311],[-93.630217,44.70061],[-93.630279,44.700267],[-93.629986,44.698912],[-93.630096,44.69829],[-93.630994,44.69739],[-93.63275,44.697631],[-93.635021,44.697594],[-93.635936,44.697429],[-93.636357,44.69721],[-93.636807,44.6968],[-93.637529,44.695415],[-93.638426,44.694189],[-93.639433,44.693292],[-93.641099,44.692779],[-93.642267,44.692796],[-93.643947,44.692662],[-93.644724,44.692984],[-93.644719,44.693054],[-93.646948,44.694321],[-93.647971,44.694786],[-93.64913,44.695046],[-93.650198,44.695015],[-93.650656,44.694603],[-93.651541,44.691918],[-93.652121,44.691261],[-93.652838,44.69072],[-93.653372,44.690476],[-93.655835,44.689962],[-93.657339,44.690994],[-93.657859,44.692162],[-93.658256,44.693413],[-93.659172,44.694725],[-93.659904,44.695542],[-93.660774,44.696098],[-93.661336,44.696262],[-93.662162,44.696373],[-93.665534,44.695915],[-93.667961,44.695259],[-93.672004,44.69336],[-93.673377,44.692955],[-93.674949,44.69265],[-93.675849,44.692223],[-93.677636,44.691162],[-93.677605,44.690344],[-93.678081,44.688001],[-93.678356,44.68747],[-93.679896,44.685815],[-93.684272,44.682788],[-93.685281,44.681746],[-93.688791,44.677657],[-93.695389,44.67208],[-93.697076,44.670396],[-93.698273,44.669446],[-93.701592,44.668595],[-93.704613,44.66848],[-93.70673,44.668607],[-93.709069,44.668495],[-93.710861,44.66821],[-93.712929,44.667641],[-93.715111,44.666924],[-93.71913,44.665217],[-93.720913,44.663952],[-93.72127,44.663358],[-93.72127,44.662882],[-93.720648,44.66193],[-93.719238,44.660685],[-93.717718,44.659824],[-93.716283,44.659149],[-93.715778,44.659001],[-93.715282,44.658688],[-93.715082,44.658195],[-93.715082,44.657756],[-93.715401,44.657365],[-93.720804,44.654885],[-93.721599,44.654783],[-93.722067,44.654741],[-93.725555,44.655568],[-93.727934,44.656364],[-93.728983,44.656137],[-93.730218,44.653085],[-93.737115,44.646638],[-93.737741,44.64618],[-93.738245,44.645974],[-93.738596,44.645883],[-93.742975,44.645631],[-93.746698,44.645517],[-93.747339,44.645263],[-93.747992,44.645246],[-93.748677,44.644977],[-93.750563,44.644482],[-93.755305,44.643549],[-93.757146,44.644138],[-93.757859,44.644217],[-93.758491,44.644189],[-93.759232,44.644006],[-93.759571,44.643787],[-93.759955,44.643411],[-93.760202,44.642395],[-93.760005,44.64116],[-93.759013,44.639962],[-93.757838,44.639238],[-93.756541,44.638589],[-93.755686,44.637994],[-93.755366,44.637483],[-93.755616,44.636408],[-93.755616,44.635704],[-93.755735,44.634907],[-93.756083,44.634742],[-93.756501,44.634717],[-93.756739,44.634563],[-93.758326,44.634584],[-93.760142,44.635019],[-93.76142,44.634988],[-93.761994,44.636538],[-93.762332,44.637788],[-93.763568,44.639101],[-93.765803,44.639993],[-93.768039,44.640303],[-93.768039,44.645569],[-93.768233,44.649338],[-93.768137,44.65893],[-93.768176,44.67352],[-93.809138,44.673517],[-93.82263,44.673351],[-93.830422,44.673383],[-93.850436,44.673711],[-93.86711,44.673494],[-93.888831,44.673409],[-93.888715,44.687963],[-93.888734,44.699725],[-93.888636,44.717044],[-93.927851,44.717248],[-94.010494,44.717464],[-94.010016,44.789914],[-94.010007,44.846359],[-94.010105,44.847998],[-94.009977,44.862297],[-94.00965,44.874962],[-94.009669,44.878046],[-94.009938,44.878589],[-94.009998,44.879186],[-94.010008,44.882503],[-94.009771,44.884078],[-94.009864,44.891898],[-94.011805,44.891931],[-94.012269,44.906068],[-94.012318,44.9255],[-94.01227,44.930011],[-94.012497,44.935298],[-94.012309,44.947124],[-94.01237,44.953832],[-94.012236,44.978712],[-94.053357,44.978646],[-94.115122,44.978832],[-94.138932,44.97878],[-94.147426,44.978951],[-94.170137,44.978746],[-94.21692,44.979206],[-94.256074,44.979465],[-94.255941,45.000016],[-94.256013,45.002484],[-94.256034,45.015615],[-94.256128,45.015737],[-94.256026,45.015929],[-94.255992,45.019584],[-94.256158,45.03611],[-94.255977,45.039643],[-94.256064,45.066323],[-94.255977,45.094994],[-94.255803,45.113069],[-94.255804,45.127471],[-94.255866,45.129391],[-94.255793,45.133277],[-94.255779,45.148688],[-94.255846,45.149075],[-94.25577,45.149674],[-94.25579,45.159832],[-94.25591,45.162208],[-94.255752,45.162638],[-94.25569,45.171232],[-94.255772,45.197108],[-94.255807,45.202632],[-94.256004,45.211059],[-94.255946,45.212558],[-94.256089,45.21269],[-94.256114,45.212809],[-94.256086,45.215085],[-94.256228,45.220812],[-94.256724,45.232183],[-94.256751,45.239272],[-94.260289,45.239272],[-94.260286,45.239864],[-94.260138,45.240109],[-94.25991,45.24029],[-94.260189,45.24075],[-94.260379,45.241338],[-94.260674,45.249875],[-94.260761,45.250294],[-94.261131,45.283941],[-94.260821,45.283941],[-94.26154,45.29847],[-94.26129,45.34178],[-94.26132,45.34506],[-94.26124,45.34512],[-94.26135,45.34533],[-94.261495,45.355667],[-94.250305,45.35565],[-94.246987,45.35579],[-94.221415,45.355814],[-94.22099,45.374239],[-94.221035,45.374969],[-94.220268,45.406786],[-94.233865,45.407026],[-94.23775,45.40699],[-94.23802,45.40707],[-94.250214,45.406857],[-94.261133,45.406829],[-94.261277,45.414103],[-94.26139,45.414105],[-94.261393,45.414166],[-94.261189,45.426569],[-94.261212,45.428655],[-94.323212,45.428406],[-94.338946,45.428518],[-94.340351,45.42838],[-94.346123,45.428466],[-94.346618,45.428401],[-94.34698,45.42824],[-94.347335,45.428482],[-94.35115,45.42838],[-94.363886,45.428279],[-94.3838,45.427854],[-94.383729,45.442537],[-94.38413,45.462826],[-94.384607,45.478697],[-94.384515,45.500385],[-94.40476,45.50012],[-94.41238,45.50029],[-94.4276,45.50025],[-94.42804,45.50033],[-94.42865,45.50018],[-94.43007,45.50012],[-94.45432,45.50014],[-94.45468,45.5],[-94.45471,45.50008],[-94.46367,45.49994],[-94.49356,45.49977],[-94.505522,45.499549],[-94.50566,45.499967],[-94.505683,45.505018],[-94.505253,45.521253],[-94.505265,45.526491],[-94.50552,45.53624],[-94.505378,45.536964],[-94.50527,45.53977],[-94.50519,45.54293],[-94.50526,45.54293],[-94.50523,45.54406],[-94.50531,45.54437],[-94.50516,45.54511],[-94.50496,45.55171],[-94.50497,45.5536],[-94.505263,45.564457],[-94.505885,45.571743],[-94.50596,45.57912],[-94.50592,45.57984],[-94.5058,45.58034],[-94.506139,45.585942],[-94.500777,45.58597],[-94.500283,45.586047],[-94.498516,45.586078],[-94.496685,45.586006],[-94.489034,45.58627],[-94.47633,45.5862],[-94.47504,45.58607],[-94.466746,45.586351],[-94.434861,45.586373],[-94.40566,45.586507],[-94.387189,45.586761],[-94.387215,45.602285],[-94.38731,45.60399],[-94.38734,45.612045],[-94.383364,45.612046],[-94.36705,45.60746],[-94.36523,45.60683],[-94.3622,45.60548],[-94.3611,45.60485],[-94.35684,45.60067],[-94.35492,45.59916],[-94.3542,45.59883],[-94.34539,45.59606],[-94.34488,45.59581],[-94.34461,45.59559],[-94.34442,45.59537],[-94.34377,45.59415],[-94.34352,45.59394],[-94.33838,45.59396],[-94.33763,45.59389],[-94.33267,45.59231],[-94.32855,45.59136],[-94.32697,45.59038],[-94.32582,45.59001],[-94.32506,45.58997],[-94.31801,45.59024],[-94.31698,45.59014],[-94.31654,45.59079],[-94.31516,45.59224],[-94.30887,45.59836],[-94.30725,45.60066],[-94.30699,45.60094],[-94.30649,45.60129],[-94.30576,45.60163],[-94.30226,45.60247],[-94.30162,45.60269],[-94.3009,45.60307],[-94.2955,45.60682],[-94.293488,45.608712],[-94.294588,45.612915],[-94.294687,45.622965],[-94.29145,45.62295],[-94.28957,45.62287],[-94.28948,45.62505],[-94.28933,45.63649],[-94.28915,45.63753],[-94.28825,45.64024],[-94.28799,45.64125],[-94.28798,45.64165],[-94.2881,45.64236],[-94.28866,45.64371],[-94.28434,45.64464],[-94.26368,45.64471],[-94.26385,45.65769],[-94.26383,45.67376],[-94.25267,45.67388],[-94.25086,45.67383],[-94.22927,45.67391],[-94.189822,45.673531],[-94.186165,45.674659],[-94.183652,45.676126],[-94.182701,45.677077],[-94.1823,45.678053],[-94.1823,45.678854],[-94.182651,45.67958],[-94.183326,45.67983],[-94.184184,45.679983],[-94.185097,45.680287],[-94.185513,45.680308],[-94.187764,45.679853],[-94.191685,45.678627],[-94.194232,45.677397],[-94.195191,45.677036],[-94.196025,45.676832],[-94.19789,45.676559],[-94.199569,45.676708],[-94.201621,45.677381],[-94.203049,45.678153],[-94.2038,45.679179],[-94.20415,45.680305],[-94.204476,45.682032],[-94.204401,45.683484],[-94.204451,45.684185],[-94.205229,45.687465],[-94.207419,45.694091],[-94.210032,45.701104],[-94.210508,45.70193],[-94.211409,45.702481],[-94.215045,45.703274],[-94.220069,45.706586],[-94.221721,45.708188],[-94.223498,45.71014],[-94.224048,45.711692],[-94.224375,45.713844],[-94.224689,45.715319],[-94.224528,45.715941],[-94.223917,45.716715],[-94.223245,45.717212],[-94.219442,45.717922],[-94.21727,45.71911],[-94.214462,45.721645],[-94.214386,45.722201],[-94.214921,45.725687],[-94.215232,45.726252],[-94.215712,45.72656],[-94.221401,45.727583],[-94.225588,45.727767],[-94.227815,45.728138],[-94.232257,45.72942],[-94.234266,45.729644],[-94.236441,45.730044],[-94.237382,45.730331],[-94.241745,45.73288],[-94.242582,45.733218],[-94.244392,45.733449],[-94.2474,45.734845],[-94.247696,45.735099],[-94.247702,45.73522],[-94.248788,45.736465],[-94.249356,45.736999],[-94.250294,45.737541],[-94.250901,45.737721],[-94.2522,45.738274],[-94.253467,45.738937],[-94.255962,45.740038],[-94.257992,45.741251],[-94.258566,45.741449],[-94.259727,45.742357],[-94.260555,45.743543],[-94.260995,45.744579],[-94.261612,45.74718],[-94.262025,45.748123],[-94.262886,45.748967],[-94.264373,45.751038],[-94.26559,45.752779],[-94.266656,45.754607],[-94.266682,45.756089],[-94.265951,45.757445],[-94.265053,45.758454],[-94.26414,45.759704],[-94.263952,45.760855],[-94.264221,45.762121],[-94.264726,45.763051],[-94.266345,45.763941],[-94.26806,45.764565],[-94.270698,45.765744],[-94.272186,45.767027],[-94.272831,45.767716],[-94.272901,45.768531],[-94.272231,45.769621],[-94.271343,45.771572],[-94.270987,45.773189],[-94.271434,45.774175],[-94.271776,45.775208],[-94.272912,45.776175],[-94.273952,45.776609],[-94.27691,45.777073],[-94.278843,45.777788],[-94.281854,45.779557],[-94.282368,45.779802],[-94.283878,45.780288],[-94.284899,45.780456],[-94.288405,45.78044],[-94.290626,45.781011],[-94.291803,45.781551],[-94.294915,45.783498],[-94.296371,45.783773],[-94.299817,45.784828],[-94.301871,45.785027],[-94.303825,45.785033],[-94.305489,45.785261],[-94.306595,45.785897],[-94.308122,45.786995],[-94.309815,45.788537],[-94.312007,45.790589],[-94.312827,45.792053],[-94.31331,45.793885],[-94.313521,45.79536],[-94.313359,45.796302],[-94.312861,45.797531],[-94.312857,45.798683],[-94.31323,45.800071],[-94.31389,45.800615],[-94.314758,45.801064],[-94.315986,45.801249],[-94.317357,45.801041],[-94.319441,45.800076],[-94.320946,45.798848],[-94.322844,45.797782],[-94.324499,45.797713],[-94.327853,45.79861],[-94.329124,45.799672],[-94.33006,45.800748],[-94.331105,45.801305],[-94.333213,45.802097],[-94.334582,45.802754],[-94.335738,45.803726],[-94.337668,45.805667],[-94.340875,45.808322],[-94.344945,45.811314],[-94.349205,45.81583],[-94.350573,45.81759],[-94.352016,45.819787],[-94.353165,45.822131],[-94.352946,45.822019],[-94.351738,45.822159],[-94.347985,45.822091],[-94.325202,45.822324],[-94.276455,45.822653],[-94.261602,45.822827],[-94.240652,45.822825],[-94.212389,45.823024],[-94.212164,45.822904],[-94.211771,45.823023],[-94.208594,45.823098],[-94.177437,45.823363],[-94.135353,45.823298],[-94.124587,45.823213],[-94.041857,45.823678],[-94.006627,45.824018],[-93.990534,45.824252],[-93.960815,45.824131],[-93.948508,45.823944],[-93.938176,45.823982],[-93.927742,45.823601],[-93.885971,45.823126],[-93.880537,45.822894],[-93.875254,45.822921],[-93.867143,45.822548],[-93.846495,45.822674],[-93.825773,45.822117],[-93.780424,45.822196],[-93.763948,45.822143],[-93.763303,45.81575],[-93.762938,45.799443],[-93.762574,45.792742],[-93.762289,45.781439],[-93.762144,45.77712],[-93.761862,45.771855],[-93.761806,45.768787],[-93.761754,45.763898],[-93.762084,45.747731],[-93.76222,45.73522],[-93.761928,45.720661],[-93.761807,45.708523],[-93.761526,45.692873],[-93.760774,45.666852],[-93.760582,45.655193],[-93.760351,45.632079],[-93.760115,45.618774],[-93.760264,45.616768],[-93.75982,45.57719],[-93.759435,45.559646],[-93.738406,45.559599],[-93.655591,45.559793],[-93.643754,45.559723],[-93.622053,45.559386],[-93.590655,45.559197],[-93.582062,45.559025],[-93.58156,45.559071],[-93.558451,45.558906],[-93.5554,45.558936],[-93.555136,45.558981],[-93.555039,45.55907],[-93.554014,45.55894],[-93.543604,45.558822],[-93.527361,45.558913],[-93.510704,45.558772],[-93.510824,45.555737],[-93.510715,45.552014],[-93.510472,45.507551],[-93.510633,45.493653],[-93.510538,45.484994],[-93.510537,45.482264],[-93.510639,45.479504],[-93.510549,45.457956],[-93.510475,45.451056],[-93.510354,45.450569],[-93.510429,45.450397],[-93.510432,45.443443],[-93.510111,45.429014],[-93.510067,45.41764],[-93.510141,45.416611],[-93.51007,45.414798]]]}},{"type":"Feature","properties":{"district":"7"},"geometry":{"type":"Polygon","coordinates":[[[-94.787126,46.803943],[-94.786928,46.768963],[-94.786797,46.758784],[-94.786854,46.745953],[-94.78673,46.73961],[-94.786757,46.733245],[-94.786648,46.717222],[-94.786254,46.687863],[-94.78627,46.671089],[-94.785977,46.630402],[-94.785899,46.630199],[-94.785591,46.63009],[-94.780973,46.630102],[-94.780665,46.630009],[-94.780557,46.629879],[-94.780253,46.615549],[-94.779862,46.588201],[-94.779817,46.57199],[-94.779566,46.553082],[-94.779597,46.540699],[-94.779072,46.503506],[-94.778995,46.499954],[-94.77879,46.49901],[-94.779076,46.491003],[-94.778977,46.47707],[-94.778999,46.464064],[-94.77881,46.44089],[-94.778893,46.418469],[-94.779094,46.415692],[-94.778905,46.411582],[-94.778964,46.408674],[-94.779057,46.40817],[-94.779155,46.405843],[-94.779121,46.394215],[-94.77882,46.394012],[-94.777127,46.393263],[-94.775144,46.39224],[-94.773911,46.391938],[-94.772599,46.392007],[-94.77172,46.392429],[-94.771308,46.392986],[-94.771036,46.393792],[-94.771104,46.394943],[-94.771544,46.396164],[-94.771419,46.396535],[-94.770783,46.396771],[-94.769599,46.396856],[-94.767832,46.396685],[-94.766237,46.396239],[-94.764885,46.395713],[-94.763881,46.395072],[-94.76264,46.393829],[-94.762542,46.393193],[-94.76284,46.392548],[-94.764789,46.390874],[-94.765434,46.390228],[-94.765466,46.38993],[-94.765185,46.389609],[-94.764766,46.38949],[-94.762455,46.389612],[-94.761757,46.389469],[-94.76094,46.388957],[-94.760239,46.388363],[-94.759723,46.387713],[-94.759799,46.387157],[-94.760277,46.385947],[-94.760431,46.384972],[-94.760308,46.38391],[-94.760012,46.383122],[-94.759369,46.382705],[-94.758857,46.382514],[-94.758196,46.382621],[-94.75734,46.383026],[-94.756718,46.383608],[-94.755042,46.384523],[-94.754136,46.384454],[-94.753608,46.383814],[-94.753365,46.383123],[-94.753432,46.382122],[-94.752963,46.380111],[-94.752387,46.379323],[-94.751798,46.379053],[-94.751155,46.379118],[-94.750294,46.379395],[-94.749367,46.380301],[-94.748735,46.382295],[-94.748221,46.383313],[-94.74724,46.38414],[-94.746153,46.384669],[-94.744922,46.38482],[-94.743991,46.384728],[-94.743442,46.384481],[-94.743008,46.383991],[-94.742956,46.383419],[-94.743126,46.382935],[-94.743469,46.382288],[-94.743615,46.38178],[-94.743471,46.381305],[-94.742929,46.38051],[-94.742146,46.380014],[-94.741111,46.379995],[-94.739722,46.380533],[-94.738807,46.380965],[-94.737561,46.382019],[-94.736704,46.382394],[-94.736302,46.382839],[-94.733168,46.383897],[-94.732278,46.384047],[-94.73196,46.383999],[-94.729787,46.382274],[-94.728909,46.381633],[-94.728231,46.381241],[-94.727958,46.38071],[-94.728003,46.380305],[-94.72831,46.379798],[-94.729599,46.37891],[-94.730189,46.377957],[-94.730127,46.377473],[-94.730885,46.376421],[-94.730993,46.37559],[-94.730976,46.374959],[-94.731042,46.374845],[-94.731008,46.373861],[-94.731583,46.372348],[-94.731442,46.368605],[-94.731885,46.366906],[-94.731831,46.365473],[-94.731672,46.36418],[-94.730136,46.361776],[-94.729468,46.361181],[-94.728074,46.359699],[-94.727106,46.357439],[-94.726621,46.356523],[-94.725826,46.355473],[-94.724803,46.35453],[-94.724139,46.354039],[-94.72338,46.352948],[-94.722769,46.352321],[-94.721382,46.35154],[-94.719981,46.350974],[-94.719131,46.350836],[-94.717922,46.350791],[-94.716264,46.351944],[-94.714809,46.352254],[-94.708448,46.351219],[-94.704196,46.350395],[-94.702835,46.350004],[-94.701623,46.34991],[-94.69944,46.349981],[-94.698161,46.349743],[-94.697337,46.349425],[-94.696322,46.349429],[-94.695111,46.349586],[-94.693788,46.349653],[-94.68713,46.351038],[-94.685803,46.351021],[-94.684704,46.350842],[-94.682034,46.350027],[-94.679703,46.350093],[-94.676899,46.35046],[-94.676136,46.350662],[-94.67562,46.351223],[-94.675463,46.35203],[-94.675413,46.353374],[-94.67453,46.355817],[-94.673823,46.35821],[-94.672221,46.359754],[-94.6705,46.360558],[-94.669385,46.360755],[-94.668645,46.360621],[-94.667882,46.360262],[-94.667187,46.359836],[-94.6662,46.359051],[-94.665841,46.358041],[-94.665124,46.353242],[-94.66481,46.352143],[-94.663509,46.350236],[-94.663105,46.350012],[-94.662477,46.350034],[-94.661894,46.350371],[-94.660974,46.351201],[-94.659961,46.351932],[-94.659315,46.352187],[-94.658485,46.35212],[-94.657834,46.351829],[-94.656825,46.351178],[-94.654942,46.349719],[-94.653462,46.348678],[-94.650791,46.347043],[-94.646379,46.343286],[-94.644554,46.34209],[-94.643864,46.341549],[-94.642308,46.341358],[-94.639836,46.341746],[-94.638833,46.341719],[-94.637279,46.341423],[-94.636003,46.340661],[-94.633536,46.338413],[-94.632906,46.337569],[-94.632295,46.337059],[-94.629434,46.334262],[-94.625291,46.330401],[-94.624185,46.328912],[-94.623505,46.327604],[-94.622852,46.326665],[-94.622062,46.326405],[-94.621109,46.326769],[-94.620129,46.327318],[-94.61883,46.32776],[-94.617722,46.32756],[-94.616969,46.325676],[-94.616064,46.324814],[-94.614168,46.324549],[-94.612254,46.325051],[-94.610868,46.326227],[-94.609169,46.3284],[-94.607545,46.329468],[-94.605758,46.329951],[-94.604213,46.330051],[-94.603286,46.329552],[-94.602434,46.32885],[-94.601929,46.328134],[-94.600951,46.327217],[-94.59748,46.326553],[-94.594391,46.326784],[-94.585557,46.324378],[-94.581724,46.322126],[-94.572971,46.31594],[-94.56795,46.313941],[-94.561223,46.312424],[-94.559094,46.311203],[-94.557941,46.309627],[-94.557405,46.307735],[-94.556183,46.307136],[-94.553634,46.307115],[-94.551821,46.307501],[-94.550436,46.307532],[-94.547391,46.306376],[-94.545061,46.304756],[-94.540523,46.303504],[-94.534724,46.302797],[-94.517229,46.308816],[-94.515001,46.308338],[-94.513392,46.308195],[-94.511465,46.30863],[-94.510251,46.309431],[-94.508924,46.311339],[-94.508725,46.311962],[-94.508279,46.312493],[-94.507885,46.312863],[-94.507036,46.313207],[-94.505381,46.313468],[-94.501878,46.313519],[-94.501017,46.313847],[-94.499259,46.314739],[-94.4976,46.31521],[-94.495266,46.315011],[-94.492602,46.314252],[-94.490026,46.313898],[-94.487726,46.314268],[-94.48555,46.315187],[-94.483826,46.315805],[-94.482731,46.316738],[-94.482159,46.317682],[-94.482123,46.318502],[-94.48222,46.31953],[-94.482104,46.320247],[-94.481663,46.32089],[-94.481072,46.321473],[-94.480134,46.321727],[-94.47894,46.32153],[-94.477544,46.320664],[-94.476399,46.320351],[-94.474644,46.320406],[-94.473268,46.320594],[-94.472135,46.321019],[-94.470746,46.32135],[-94.469005,46.322074],[-94.467386,46.322569],[-94.466977,46.32301],[-94.466305,46.324601],[-94.46568,46.32573],[-94.46459,46.326954],[-94.46341,46.327783],[-94.462525,46.328853],[-94.461556,46.330221],[-94.460459,46.331163],[-94.459253,46.331459],[-94.45762,46.331406],[-94.456393,46.33079],[-94.455654,46.329628],[-94.454764,46.328468],[-94.454148,46.328079],[-94.453115,46.327934],[-94.451725,46.328305],[-94.45053,46.329442],[-94.449432,46.330295],[-94.448292,46.33085],[-94.445111,46.331791],[-94.443179,46.33187],[-94.440911,46.331605],[-94.439111,46.331344],[-94.435902,46.330598],[-94.4347,46.330522],[-94.432845,46.3314],[-94.432606,46.331661],[-94.430306,46.332414],[-94.428585,46.332587],[-94.426529,46.332336],[-94.42478,46.331765],[-94.423789,46.330743],[-94.42368,46.330106],[-94.423843,46.329111],[-94.423823,46.328271],[-94.423099,46.327697],[-94.419943,46.327216],[-94.41773,46.326789],[-94.415973,46.325872],[-94.413806,46.325363],[-94.411691,46.32508],[-94.410315,46.32453],[-94.407332,46.32298],[-94.40457,46.322437],[-94.402291,46.321566],[-94.400965,46.320733],[-94.400156,46.319991],[-94.400001,46.318821],[-94.400065,46.316519],[-94.399653,46.315296],[-94.397646,46.313806],[-94.396165,46.313031],[-94.392909,46.312801],[-94.390964,46.312798],[-94.389668,46.312659],[-94.389232,46.312446],[-94.387419,46.311061],[-94.386844,46.31034],[-94.386968,46.309119],[-94.388143,46.308032],[-94.389433,46.307477],[-94.390584,46.306858],[-94.391231,46.306124],[-94.391386,46.305241],[-94.391187,46.304161],[-94.390147,46.303494],[-94.388504,46.303439],[-94.387365,46.303542],[-94.38583,46.304156],[-94.384241,46.305482],[-94.383889,46.305898],[-94.38357,46.306709],[-94.383073,46.308451],[-94.382828,46.30893],[-94.38259,46.309224],[-94.38192,46.309457],[-94.381181,46.309239],[-94.380285,46.308232],[-94.378752,46.305826],[-94.377633,46.304223],[-94.375281,46.30244],[-94.374996,46.302292],[-94.374536,46.30127],[-94.373812,46.299208],[-94.373125,46.297881],[-94.371994,46.297139],[-94.370736,46.297166],[-94.368344,46.298334],[-94.366227,46.299201],[-94.363923,46.299988],[-94.362388,46.300154],[-94.360673,46.300008],[-94.358804,46.299063],[-94.356237,46.298139],[-94.353912,46.297051],[-94.351314,46.295643],[-94.350529,46.295407],[-94.349411,46.293381],[-94.348548,46.292597],[-94.346041,46.291074],[-94.34434,46.288254],[-94.343936,46.287813],[-94.343673,46.286628],[-94.344746,46.285264],[-94.346036,46.284223],[-94.348088,46.283008],[-94.348921,46.282331],[-94.349412,46.281502],[-94.350356,46.28051],[-94.350635,46.279859],[-94.34986,46.278367],[-94.346415,46.276616],[-94.343413,46.276931],[-94.341679,46.277705],[-94.340555,46.277294],[-94.339097,46.276458],[-94.338022,46.275562],[-94.337739,46.273972],[-94.33887,46.271288],[-94.33977,46.270087],[-94.34135,46.269223],[-94.343892,46.268677],[-94.347679,46.268193],[-94.350526,46.267175],[-94.353142,46.265618],[-94.354783,46.264214],[-94.35541,46.263417],[-94.355549,46.262705],[-94.355184,46.261803],[-94.354247,46.260768],[-94.353616,46.259941],[-94.35356,46.258689],[-94.353876,46.257458],[-94.354387,46.256032],[-94.355302,46.255095],[-94.357778,46.254218],[-94.360467,46.253516],[-94.363479,46.251971],[-94.365167,46.250656],[-94.365598,46.249967],[-94.367735,46.247614],[-94.369987,46.245365],[-94.371183,46.244011],[-94.372702,46.242954],[-94.375281,46.241827],[-94.376251,46.241645],[-94.378834,46.240462],[-94.381188,46.240324],[-94.382719,46.240377],[-94.384737,46.240205],[-94.385936,46.239556],[-94.387721,46.239009],[-94.388922,46.238166],[-94.389657,46.236905],[-94.38979,46.236058],[-94.389401,46.235132],[-94.388978,46.234367],[-94.388981,46.233166],[-94.389406,46.232374],[-94.390133,46.231863],[-94.392726,46.230749],[-94.393719,46.229955],[-94.394384,46.228711],[-94.394775,46.224815],[-94.394893,46.221758],[-94.395049,46.220838],[-94.394921,46.219161],[-94.394897,46.217265],[-94.395058,46.215362],[-94.395557,46.213723],[-94.395718,46.211859],[-94.394831,46.209394],[-94.393672,46.207866],[-94.391839,46.206292],[-94.389406,46.20505],[-94.387843,46.203846],[-94.386947,46.201793],[-94.386573,46.199633],[-94.386141,46.197723],[-94.385044,46.196702],[-94.382543,46.195654],[-94.380085,46.19426],[-94.375281,46.190316],[-94.373918,46.188082],[-94.368837,46.182658],[-94.367926,46.18188],[-94.366186,46.180083],[-94.365758,46.179502],[-94.365559,46.178871],[-94.365651,46.178212],[-94.366475,46.177018],[-94.367364,46.176659],[-94.368253,46.17641],[-94.370125,46.175603],[-94.371644,46.173991],[-94.372028,46.172081],[-94.372055,46.169261],[-94.371825,46.167891],[-94.371167,46.166393],[-94.370961,46.164919],[-94.371031,46.164161],[-94.371357,46.163226],[-94.373524,46.160631],[-94.374731,46.157842],[-94.374592,46.157093],[-94.35761,46.15717],[-94.34377,46.157104],[-94.342106,46.15704],[-94.33461,46.1571],[-94.32912,46.156847],[-94.30876,46.15719],[-94.29285,46.15716],[-94.27008,46.15729],[-94.246378,46.157128],[-94.242947,46.157299],[-94.241027,46.157161],[-94.236294,46.156989],[-94.222617,46.156957],[-94.215223,46.157049],[-94.202601,46.156975],[-94.18839,46.15705],[-94.166917,46.156599],[-94.165766,46.156393],[-94.150723,46.156042],[-94.141628,46.155917],[-94.139556,46.155979],[-94.130473,46.155934],[-94.103746,46.15601],[-94.08387,46.1562],[-94.07295,46.15645],[-94.061989,46.156389],[-94.039775,46.156488],[-94.025399,46.156364],[-94.011433,46.156351],[-94.000264,46.156474],[-93.966923,46.156615],[-93.96648,46.15655],[-93.96407,46.15653],[-93.954917,46.15654],[-93.95163,46.1566],[-93.944342,46.156565],[-93.941923,46.156591],[-93.941679,46.156649],[-93.9411,46.156587],[-93.932795,46.156539],[-93.902799,46.15691],[-93.89648,46.15678],[-93.8958,46.1569],[-93.89408,46.15691],[-93.875256,46.156544],[-93.828072,46.156497],[-93.810362,46.156585],[-93.810378,46.154928],[-93.810224,46.152263],[-93.810408,46.149769],[-93.810386,46.147586],[-93.8105,46.141431],[-93.810399,46.133762],[-93.810425,46.130567],[-93.810308,46.12714],[-93.810538,46.077456],[-93.810423,45.999962],[-93.810321,45.98308],[-93.789688,45.982617],[-93.768891,45.982525],[-93.767894,45.953023],[-93.768471,45.938447],[-93.768603,45.910411],[-93.768207,45.909311],[-93.768033,45.904222],[-93.767183,45.887129],[-93.76713,45.884853],[-93.766515,45.873496],[-93.766616,45.873179],[-93.766825,45.87291],[-93.766831,45.872658],[-93.766649,45.865822],[-93.765841,45.862109],[-93.765213,45.851054],[-93.764869,45.846898],[-93.764855,45.845459],[-93.764335,45.836853],[-93.764399,45.830789],[-93.763948,45.822143],[-93.780424,45.822196],[-93.825773,45.822117],[-93.846495,45.822674],[-93.867143,45.822548],[-93.875254,45.822921],[-93.880537,45.822894],[-93.885971,45.823126],[-93.927742,45.823601],[-93.938176,45.823982],[-93.948508,45.823944],[-93.960815,45.824131],[-93.990534,45.824252],[-94.006627,45.824018],[-94.041857,45.823678],[-94.124587,45.823213],[-94.135353,45.823298],[-94.177437,45.823363],[-94.208594,45.823098],[-94.211771,45.823023],[-94.212164,45.822904],[-94.212389,45.823024],[-94.240652,45.822825],[-94.261602,45.822827],[-94.276455,45.822653],[-94.325202,45.822324],[-94.347985,45.822091],[-94.351738,45.822159],[-94.352946,45.822019],[-94.353165,45.822131],[-94.352016,45.819787],[-94.350573,45.81759],[-94.349205,45.81583],[-94.344945,45.811314],[-94.340875,45.808322],[-94.337668,45.805667],[-94.335738,45.803726],[-94.334582,45.802754],[-94.333213,45.802097],[-94.331105,45.801305],[-94.33006,45.800748],[-94.329124,45.799672],[-94.327853,45.79861],[-94.324499,45.797713],[-94.322844,45.797782],[-94.320946,45.798848],[-94.319441,45.800076],[-94.317357,45.801041],[-94.315986,45.801249],[-94.314758,45.801064],[-94.31389,45.800615],[-94.31323,45.800071],[-94.312857,45.798683],[-94.312861,45.797531],[-94.313359,45.796302],[-94.313521,45.79536],[-94.31331,45.793885],[-94.312827,45.792053],[-94.312007,45.790589],[-94.309815,45.788537],[-94.308122,45.786995],[-94.306595,45.785897],[-94.305489,45.785261],[-94.303825,45.785033],[-94.301871,45.785027],[-94.299817,45.784828],[-94.296371,45.783773],[-94.294915,45.783498],[-94.291803,45.781551],[-94.290626,45.781011],[-94.288405,45.78044],[-94.284899,45.780456],[-94.283878,45.780288],[-94.282368,45.779802],[-94.281854,45.779557],[-94.278843,45.777788],[-94.27691,45.777073],[-94.273952,45.776609],[-94.272912,45.776175],[-94.271776,45.775208],[-94.271434,45.774175],[-94.270987,45.773189],[-94.271343,45.771572],[-94.272231,45.769621],[-94.272901,45.768531],[-94.272831,45.767716],[-94.272186,45.767027],[-94.270698,45.765744],[-94.26806,45.764565],[-94.266345,45.763941],[-94.264726,45.763051],[-94.264221,45.762121],[-94.263952,45.760855],[-94.26414,45.759704],[-94.265053,45.758454],[-94.265951,45.757445],[-94.266682,45.756089],[-94.266656,45.754607],[-94.26559,45.752779],[-94.264373,45.751038],[-94.262886,45.748967],[-94.262025,45.748123],[-94.261612,45.74718],[-94.260995,45.744579],[-94.260555,45.743543],[-94.259727,45.742357],[-94.258566,45.741449],[-94.257992,45.741251],[-94.255962,45.740038],[-94.253467,45.738937],[-94.2522,45.738274],[-94.250901,45.737721],[-94.250294,45.737541],[-94.249356,45.736999],[-94.248788,45.736465],[-94.247702,45.73522],[-94.247696,45.735099],[-94.2474,45.734845],[-94.244392,45.733449],[-94.242582,45.733218],[-94.241745,45.73288],[-94.237382,45.730331],[-94.236441,45.730044],[-94.234266,45.729644],[-94.232257,45.72942],[-94.227815,45.728138],[-94.225588,45.727767],[-94.221401,45.727583],[-94.215712,45.72656],[-94.215232,45.726252],[-94.214921,45.725687],[-94.214386,45.722201],[-94.214462,45.721645],[-94.21727,45.71911],[-94.219442,45.717922],[-94.223245,45.717212],[-94.223917,45.716715],[-94.224528,45.715941],[-94.224689,45.715319],[-94.224375,45.713844],[-94.224048,45.711692],[-94.223498,45.71014],[-94.221721,45.708188],[-94.220069,45.706586],[-94.215045,45.703274],[-94.211409,45.702481],[-94.210508,45.70193],[-94.210032,45.701104],[-94.207419,45.694091],[-94.205229,45.687465],[-94.204451,45.684185],[-94.204401,45.683484],[-94.204476,45.682032],[-94.20415,45.680305],[-94.2038,45.679179],[-94.203049,45.678153],[-94.201621,45.677381],[-94.199569,45.676708],[-94.19789,45.676559],[-94.196025,45.676832],[-94.195191,45.677036],[-94.194232,45.677397],[-94.191685,45.678627],[-94.187764,45.679853],[-94.185513,45.680308],[-94.185097,45.680287],[-94.184184,45.679983],[-94.183326,45.67983],[-94.182651,45.67958],[-94.1823,45.678854],[-94.1823,45.678053],[-94.182701,45.677077],[-94.183652,45.676126],[-94.186165,45.674659],[-94.189822,45.673531],[-94.22927,45.67391],[-94.25086,45.67383],[-94.25267,45.67388],[-94.26383,45.67376],[-94.26385,45.65769],[-94.26368,45.64471],[-94.28434,45.64464],[-94.28866,45.64371],[-94.2881,45.64236],[-94.28798,45.64165],[-94.28799,45.64125],[-94.28825,45.64024],[-94.28915,45.63753],[-94.28933,45.63649],[-94.28948,45.62505],[-94.28957,45.62287],[-94.29145,45.62295],[-94.294687,45.622965],[-94.294588,45.612915],[-94.293488,45.608712],[-94.2955,45.60682],[-94.3009,45.60307],[-94.30162,45.60269],[-94.30226,45.60247],[-94.30576,45.60163],[-94.30649,45.60129],[-94.30699,45.60094],[-94.30725,45.60066],[-94.30887,45.59836],[-94.31516,45.59224],[-94.31654,45.59079],[-94.31698,45.59014],[-94.31801,45.59024],[-94.32506,45.58997],[-94.32582,45.59001],[-94.32697,45.59038],[-94.32855,45.59136],[-94.33267,45.59231],[-94.33763,45.59389],[-94.33838,45.59396],[-94.34352,45.59394],[-94.34377,45.59415],[-94.34442,45.59537],[-94.34461,45.59559],[-94.34488,45.59581],[-94.34539,45.59606],[-94.3542,45.59883],[-94.35492,45.59916],[-94.35684,45.60067],[-94.3611,45.60485],[-94.3622,45.60548],[-94.36523,45.60683],[-94.36705,45.60746],[-94.383364,45.612046],[-94.38734,45.612045],[-94.38731,45.60399],[-94.387215,45.602285],[-94.387189,45.586761],[-94.40566,45.586507],[-94.434861,45.586373],[-94.466746,45.586351],[-94.47504,45.58607],[-94.47633,45.5862],[-94.489034,45.58627],[-94.496685,45.586006],[-94.498516,45.586078],[-94.500283,45.586047],[-94.500777,45.58597],[-94.506139,45.585942],[-94.5058,45.58034],[-94.50592,45.57984],[-94.50596,45.57912],[-94.505885,45.571743],[-94.505263,45.564457],[-94.50497,45.5536],[-94.50496,45.55171],[-94.50516,45.54511],[-94.50531,45.54437],[-94.50523,45.54406],[-94.50526,45.54293],[-94.50519,45.54293],[-94.50527,45.53977],[-94.505378,45.536964],[-94.50552,45.53624],[-94.505265,45.526491],[-94.505253,45.521253],[-94.505683,45.505018],[-94.50566,45.499967],[-94.505522,45.499549],[-94.49356,45.49977],[-94.46367,45.49994],[-94.45471,45.50008],[-94.45468,45.5],[-94.45432,45.50014],[-94.43007,45.50012],[-94.42865,45.50018],[-94.42804,45.50033],[-94.4276,45.50025],[-94.41238,45.50029],[-94.40476,45.50012],[-94.384515,45.500385],[-94.384607,45.478697],[-94.38413,45.462826],[-94.383729,45.442537],[-94.3838,45.427854],[-94.363886,45.428279],[-94.35115,45.42838],[-94.347335,45.428482],[-94.34698,45.42824],[-94.346618,45.428401],[-94.346123,45.428466],[-94.340351,45.42838],[-94.338946,45.428518],[-94.323212,45.428406],[-94.261212,45.428655],[-94.261189,45.426569],[-94.261393,45.414166],[-94.26139,45.414105],[-94.261277,45.414103],[-94.261133,45.406829],[-94.250214,45.406857],[-94.23802,45.40707],[-94.23775,45.40699],[-94.233865,45.407026],[-94.220268,45.406786],[-94.221035,45.374969],[-94.22099,45.374239],[-94.221415,45.355814],[-94.246987,45.35579],[-94.250305,45.35565],[-94.261495,45.355667],[-94.26135,45.34533],[-94.26124,45.34512],[-94.26132,45.34506],[-94.26129,45.34178],[-94.26154,45.29847],[-94.260821,45.283941],[-94.261131,45.283941],[-94.260761,45.250294],[-94.260674,45.249875],[-94.260379,45.241338],[-94.260189,45.24075],[-94.25991,45.24029],[-94.260138,45.240109],[-94.260286,45.239864],[-94.260289,45.239272],[-94.256751,45.239272],[-94.256724,45.232183],[-94.256228,45.220812],[-94.256086,45.215085],[-94.256114,45.212809],[-94.256089,45.21269],[-94.255946,45.212558],[-94.256004,45.211059],[-94.255807,45.202632],[-94.255772,45.197108],[-94.25569,45.171232],[-94.255752,45.162638],[-94.25591,45.162208],[-94.25579,45.159832],[-94.25577,45.149674],[-94.255846,45.149075],[-94.255779,45.148688],[-94.255793,45.133277],[-94.255866,45.129391],[-94.255804,45.127471],[-94.255803,45.113069],[-94.255977,45.094994],[-94.256064,45.066323],[-94.255977,45.039643],[-94.256158,45.03611],[-94.255992,45.019584],[-94.256026,45.015929],[-94.256128,45.015737],[-94.256034,45.015615],[-94.256013,45.002484],[-94.255941,45.000016],[-94.256074,44.979465],[-94.21692,44.979206],[-94.170137,44.978746],[-94.147426,44.978951],[-94.138932,44.97878],[-94.115122,44.978832],[-94.053357,44.978646],[-94.012236,44.978712],[-94.01237,44.953832],[-94.012309,44.947124],[-94.012497,44.935298],[-94.01227,44.930011],[-94.012318,44.9255],[-94.012269,44.906068],[-94.011805,44.891931],[-94.009864,44.891898],[-94.009771,44.884078],[-94.010008,44.882503],[-94.009998,44.879186],[-94.009938,44.878589],[-94.009669,44.878046],[-94.00965,44.874962],[-94.009977,44.862297],[-94.010105,44.847998],[-94.010007,44.846359],[-94.010016,44.789914],[-94.010494,44.717464],[-93.927851,44.717248],[-93.888636,44.717044],[-93.888734,44.699725],[-93.888715,44.687963],[-93.888831,44.673409],[-93.86711,44.673494],[-93.850436,44.673711],[-93.830422,44.673383],[-93.82263,44.673351],[-93.809138,44.673517],[-93.768176,44.67352],[-93.768137,44.65893],[-93.768233,44.649338],[-93.768039,44.645569],[-93.768039,44.640303],[-93.77024,44.640081],[-93.771361,44.639774],[-93.772344,44.639334],[-93.772554,44.639077],[-93.772353,44.638511],[-93.771822,44.638357],[-93.767772,44.638658],[-93.767536,44.638634],[-93.766793,44.638274],[-93.76576,44.637218],[-93.764715,44.635953],[-93.763961,44.634757],[-93.763662,44.634146],[-93.765734,44.633218],[-93.768691,44.631452],[-93.771079,44.630639],[-93.772456,44.630288],[-93.772975,44.630342],[-93.773283,44.630437],[-93.773492,44.630623],[-93.773523,44.630849],[-93.772468,44.633307],[-93.772105,44.634439],[-93.77238,44.636422],[-93.772944,44.6373],[-93.773371,44.637635],[-93.77415,44.637826],[-93.775187,44.637681],[-93.77653,44.636613],[-93.778728,44.633867],[-93.781429,44.632135],[-93.782731,44.631552],[-93.784856,44.63125],[-93.786438,44.630849],[-93.787925,44.630329],[-93.790874,44.628589],[-93.791774,44.628664],[-93.792116,44.628983],[-93.792428,44.630008],[-93.792943,44.632395],[-93.793545,44.633021],[-93.794619,44.633765],[-93.79567,44.634154],[-93.797642,44.634662],[-93.799011,44.63491],[-93.799661,44.634933],[-93.80312,44.634638],[-93.804033,44.634263],[-93.806237,44.633647],[-93.808456,44.633292],[-93.810345,44.633245],[-93.812683,44.633363],[-93.814666,44.633316],[-93.815516,44.632985],[-93.816071,44.632175],[-93.817381,44.62968],[-93.817995,44.629019],[-93.82818,44.623648],[-93.829849,44.622879],[-93.83203,44.621659],[-93.836536,44.618479],[-93.837286,44.618535],[-93.837985,44.619114],[-93.838224,44.619409],[-93.839206,44.622319],[-93.840055,44.623666],[-93.84091,44.624452],[-93.842443,44.624963],[-93.842833,44.625261],[-93.844443,44.625663],[-93.845061,44.625558],[-93.845488,44.625367],[-93.846043,44.624963],[-93.846221,44.624391],[-93.846083,44.623323],[-93.845366,44.6224],[-93.844343,44.621652],[-93.842467,44.620538],[-93.841337,44.619333],[-93.841249,44.618565],[-93.841374,44.618348],[-93.84258,44.61747],[-93.842983,44.617614],[-93.845651,44.619479],[-93.846808,44.620636],[-93.848508,44.621793],[-93.850491,44.622006],[-93.853136,44.621722],[-93.857678,44.621095],[-93.858449,44.620754],[-93.858708,44.620329],[-93.858581,44.619967],[-93.858358,44.61977],[-93.857506,44.619579],[-93.856308,44.619477],[-93.855173,44.61921],[-93.854429,44.618845],[-93.853884,44.618241],[-93.853888,44.617904],[-93.854055,44.617139],[-93.854584,44.616261],[-93.855521,44.614987],[-93.856237,44.613784],[-93.857263,44.611614],[-93.85774,44.61118],[-93.858483,44.610659],[-93.860019,44.609196],[-93.860515,44.608086],[-93.860397,44.606977],[-93.860515,44.606198],[-93.861318,44.605418],[-93.86238,44.60497],[-93.865025,44.604285],[-93.867929,44.602845],[-93.868921,44.602443],[-93.870696,44.602502],[-93.871443,44.602863],[-93.871611,44.603021],[-93.872313,44.603845],[-93.87268,44.604501],[-93.872588,44.60531],[-93.872634,44.606218],[-93.873043,44.606663],[-93.873381,44.606805],[-93.87387,44.606843],[-93.875243,44.606663],[-93.876738,44.606187],[-93.877898,44.605722],[-93.878264,44.605195],[-93.878127,44.604356],[-93.877242,44.603677],[-93.876586,44.603051],[-93.876235,44.602113],[-93.876235,44.601381],[-93.876601,44.600488],[-93.877181,44.600282],[-93.880767,44.600915],[-93.881865,44.600808],[-93.882308,44.600343],[-93.882155,44.599084],[-93.881789,44.597993],[-93.881865,44.597207],[-93.882384,44.596215],[-93.883406,44.595483],[-93.884657,44.595063],[-93.885893,44.595071],[-93.887495,44.595437],[-93.889112,44.596536],[-93.890153,44.596802],[-93.890712,44.596626],[-93.891461,44.595979],[-93.891608,44.59548],[-93.891622,44.594995],[-93.891755,44.594378],[-93.891975,44.59407],[-93.893429,44.592792],[-93.894737,44.592025],[-93.895232,44.591392],[-93.895693,44.590635],[-93.896441,44.58977],[-93.897346,44.589269],[-93.898582,44.588991],[-93.899551,44.588898],[-93.900947,44.588615],[-93.901915,44.58814],[-93.902479,44.587647],[-93.902828,44.587065],[-93.9029,44.586617],[-93.90273,44.586071],[-93.901888,44.585551],[-93.900909,44.585499],[-93.900348,44.58558],[-93.897689,44.587289],[-93.897017,44.587289],[-93.895702,44.586979],[-93.893813,44.585878],[-93.892714,44.584985],[-93.892562,44.584253],[-93.892791,44.583627],[-93.89366,44.582689],[-93.894988,44.58143],[-93.895644,44.580079],[-93.895064,44.578714],[-93.894596,44.578322],[-93.894291,44.577901],[-93.894515,44.57542],[-93.894677,44.575017],[-93.895125,44.574542],[-93.896289,44.573978],[-93.898869,44.573342],[-93.900226,44.572686],[-93.901076,44.571931],[-93.901366,44.570886],[-93.901213,44.570153],[-93.90042,44.569421],[-93.899169,44.569154],[-93.897719,44.569207],[-93.896468,44.569574],[-93.895659,44.569627],[-93.894637,44.569467],[-93.893981,44.569261],[-93.892882,44.568628],[-93.892226,44.567582],[-93.891722,44.567064],[-93.891066,44.566591],[-93.890914,44.566117],[-93.891356,44.565652],[-93.894728,44.564454],[-93.896407,44.563356],[-93.897872,44.562051],[-93.899123,44.559594],[-93.899855,44.55745],[-93.900298,44.555413],[-93.900145,44.554948],[-93.899489,44.554475],[-93.897597,44.554315],[-93.895613,44.554368],[-93.893508,44.553682],[-93.892409,44.552949],[-93.891677,44.552217],[-93.891249,44.550286],[-93.891097,44.548875],[-93.891249,44.547044],[-93.891323,44.546769],[-93.891649,44.546191],[-93.892124,44.545832],[-93.892598,44.545626],[-93.895555,44.545035],[-93.896665,44.544695],[-93.897552,44.544619],[-93.898617,44.54469],[-93.89895,44.544838],[-93.899254,44.545116],[-93.899487,44.545474],[-93.899487,44.546011],[-93.899397,44.546468],[-93.898558,44.54841],[-93.898619,44.550035],[-93.899642,44.551446],[-93.899943,44.551763],[-93.900374,44.552018],[-93.90161,44.552278],[-93.902861,44.552331],[-93.904677,44.551973],[-93.906737,44.551088],[-93.91024,44.548005],[-93.911307,44.546514],[-93.911401,44.545644],[-93.910405,44.543163],[-93.91046,44.542302],[-93.911056,44.541002],[-93.911386,44.539847],[-93.911849,44.539264],[-93.912267,44.538458],[-93.912222,44.538055],[-93.911844,44.537663],[-93.91058,44.537448],[-93.909615,44.537536],[-93.905815,44.53837],[-93.904443,44.538563],[-93.903762,44.538491],[-93.9028,44.538171],[-93.901364,44.536974],[-93.900785,44.535886],[-93.900513,44.534983],[-93.9011,44.533301],[-93.901427,44.532739],[-93.901793,44.531434],[-93.901732,44.530542],[-93.901503,44.529969],[-93.901043,44.529463],[-93.897877,44.528317],[-93.897432,44.528022],[-93.896046,44.526811],[-93.895203,44.526407],[-93.893919,44.526211],[-93.892605,44.526147],[-93.890155,44.526724],[-93.889042,44.526775],[-93.888217,44.526512],[-93.887862,44.526168],[-93.887567,44.525652],[-93.887147,44.524364],[-93.886602,44.523037],[-93.886128,44.521527],[-93.885679,44.520074],[-93.885426,44.518929],[-93.885373,44.518209],[-93.885391,44.517858],[-93.885568,44.517457],[-93.886198,44.517045],[-93.886992,44.516313],[-93.887511,44.515062],[-93.887587,44.514177],[-93.887877,44.512506],[-93.887877,44.51219],[-93.887512,44.510554],[-93.887247,44.509744],[-93.886951,44.506207],[-93.886997,44.505318],[-93.887107,44.504805],[-93.88731,44.504431],[-93.887933,44.503948],[-93.890841,44.503843],[-93.891107,44.503023],[-93.891118,44.502701],[-93.890876,44.501992],[-93.889878,44.500388],[-93.889777,44.499723],[-93.889775,44.49839],[-93.889896,44.498167],[-93.891824,44.4973],[-93.892347,44.496941],[-93.893038,44.496392],[-93.893834,44.495554],[-93.894071,44.494764],[-93.894267,44.493031],[-93.89443,44.492475],[-93.894718,44.491973],[-93.895208,44.491448],[-93.895455,44.491225],[-93.896084,44.490854],[-93.897429,44.4905],[-93.898931,44.490368],[-93.900358,44.490336],[-93.902015,44.490136],[-93.902402,44.490023],[-93.902694,44.489843],[-93.903214,44.489307],[-93.903689,44.488434],[-93.904011,44.487466],[-93.90419,44.485465],[-93.904204,44.483269],[-93.904347,44.482205],[-93.904684,44.48106],[-93.90484,44.479682],[-93.905088,44.479131],[-93.905753,44.476889],[-93.907037,44.47367],[-93.907497,44.472847],[-93.908309,44.472087],[-93.909282,44.471521],[-93.909913,44.471307],[-93.910919,44.47112],[-93.913544,44.471186],[-93.914383,44.471473],[-93.917366,44.473044],[-93.918863,44.473954],[-93.919565,44.474276],[-93.920285,44.47439],[-93.921157,44.474314],[-93.921897,44.474124],[-93.922465,44.47384],[-93.925935,44.471299],[-93.926826,44.470333],[-93.927034,44.469916],[-93.926883,44.469555],[-93.926466,44.469233],[-93.924342,44.468778],[-93.922712,44.468285],[-93.921138,44.467413],[-93.92051,44.466644],[-93.919746,44.466214],[-93.917415,44.463939],[-93.916802,44.463163],[-93.91682,44.462594],[-93.916989,44.462224],[-93.917227,44.461959],[-93.917511,44.461795],[-93.91777,44.461741],[-93.918583,44.461749],[-93.920194,44.461958],[-93.921862,44.461733],[-93.922282,44.462515],[-93.922532,44.462709],[-93.922994,44.462908],[-93.92368,44.463025],[-93.923967,44.462968],[-93.923997,44.462611],[-93.923639,44.462027],[-93.92218,44.46082],[-93.922084,44.460006],[-93.922571,44.459316],[-93.922593,44.459051],[-93.922786,44.458697],[-93.923559,44.458532],[-93.923752,44.458416],[-93.925042,44.458221],[-93.927259,44.458544],[-93.92793,44.458421],[-93.928422,44.458198],[-93.929563,44.457305],[-93.92955,44.45664],[-93.960087,44.456675],[-93.994971,44.456618],[-94.000244,44.456487],[-94.11933,44.456875],[-94.13109,44.45679],[-94.1502,44.45647],[-94.17144,44.45659],[-94.17189,44.45671],[-94.172148,44.456946],[-94.19115,44.45661],[-94.20101,44.45657],[-94.201704,44.456626],[-94.211212,44.456549],[-94.230217,44.456672],[-94.23142,44.45662],[-94.24813,44.45659],[-94.257732,44.456601],[-94.259701,44.45669],[-94.26249,44.45661],[-94.33522,44.45672],[-94.36885,44.45665],[-94.3698,44.45663],[-94.37196,44.45626],[-94.37249,44.45629],[-94.37337,44.45653],[-94.374,44.45662],[-94.38106,44.45665],[-94.39924,44.45649],[-94.40946,44.45648],[-94.40993,44.45653],[-94.41045,44.45646],[-94.41383,44.45643],[-94.45218,44.45635],[-94.46035,44.45627],[-94.513017,44.456449],[-94.54797,44.45611],[-94.548949,44.455939],[-94.550168,44.45597],[-94.55397,44.45587],[-94.55649,44.45587],[-94.55684,44.45593],[-94.55727,44.45611],[-94.57297,44.45589],[-94.59321,44.45591],[-94.60084,44.455979],[-94.64731,44.45605],[-94.71752,44.45635],[-94.725393,44.456296],[-94.73449,44.45638],[-94.74358,44.45632],[-94.744064,44.456404],[-94.762654,44.456283],[-94.763675,44.456444],[-94.768115,44.456446],[-94.78063,44.45665],[-94.780983,44.457493],[-94.781379,44.45772],[-94.781915,44.457646],[-94.782799,44.457376],[-94.786204,44.456845],[-94.788041,44.456293],[-94.789078,44.456192],[-94.789781,44.456226],[-94.790475,44.456401],[-94.790946,44.456676],[-94.792745,44.458047],[-94.793867,44.458781],[-94.794067,44.459056],[-94.794118,44.459276],[-94.794078,44.459491],[-94.793204,44.460096],[-94.793021,44.460322],[-94.793037,44.460624],[-94.793368,44.460882],[-94.795318,44.461565],[-94.796714,44.462183],[-94.797153,44.462413],[-94.798498,44.463351],[-94.80088,44.464747],[-94.801487,44.465021],[-94.802994,44.465279],[-94.804623,44.465162],[-94.805201,44.465244],[-94.805634,44.465484],[-94.806237,44.466034],[-94.806445,44.466426],[-94.806396,44.466699],[-94.806237,44.466792],[-94.805471,44.466936],[-94.804723,44.466915],[-94.80426,44.466807],[-94.803853,44.466673],[-94.803199,44.466321],[-94.802424,44.466156],[-94.801347,44.466322],[-94.800325,44.466641],[-94.798925,44.467251],[-94.79829,44.467634],[-94.797693,44.468317],[-94.797653,44.468916],[-94.797851,44.469312],[-94.798125,44.469579],[-94.798574,44.469722],[-94.798783,44.469702],[-94.799006,44.469623],[-94.799093,44.469508],[-94.799299,44.468433],[-94.799438,44.468179],[-94.799824,44.467854],[-94.800614,44.467622],[-94.801526,44.467603],[-94.802286,44.467695],[-94.805211,44.468734],[-94.807038,44.46951],[-94.807561,44.469784],[-94.808952,44.470715],[-94.809912,44.471191],[-94.810028,44.471307],[-94.811125,44.473578],[-94.81114,44.474061],[-94.810626,44.474668],[-94.810442,44.47504],[-94.810414,44.475854],[-94.81051,44.476107],[-94.810562,44.476616],[-94.810379,44.477916],[-94.810467,44.478921],[-94.810832,44.480195],[-94.810973,44.481057],[-94.811112,44.481447],[-94.811243,44.481603],[-94.811435,44.481726],[-94.811949,44.481846],[-94.81222,44.481838],[-94.812504,44.481722],[-94.815748,44.479241],[-94.816186,44.479088],[-94.816913,44.478986],[-94.817393,44.479082],[-94.817639,44.479362],[-94.817918,44.480202],[-94.817937,44.48124],[-94.817858,44.481562],[-94.817661,44.481786],[-94.817211,44.481994],[-94.815391,44.482238],[-94.814923,44.482403],[-94.814516,44.482893],[-94.814394,44.483467],[-94.814464,44.483956],[-94.81488,44.48445],[-94.815441,44.484663],[-94.815725,44.484701],[-94.816116,44.484623],[-94.816345,44.484468],[-94.816695,44.483744],[-94.817072,44.483189],[-94.817271,44.48303],[-94.817493,44.482961],[-94.818043,44.482959],[-94.818419,44.483047],[-94.821503,44.484333],[-94.822212,44.484787],[-94.823741,44.48549],[-94.824169,44.485554],[-94.824582,44.4855],[-94.82523,44.485255],[-94.825579,44.484913],[-94.826267,44.483847],[-94.826636,44.483075],[-94.826816,44.482892],[-94.827066,44.482857],[-94.827616,44.482973],[-94.828255,44.48351],[-94.828509,44.483967],[-94.828731,44.484777],[-94.828845,44.48562],[-94.829257,44.486552],[-94.831006,44.488254],[-94.831926,44.488979],[-94.834078,44.489632],[-94.834898,44.48976],[-94.835508,44.489761],[-94.836234,44.489655],[-94.836582,44.489536],[-94.836912,44.489368],[-94.8375,44.488739],[-94.837998,44.488504],[-94.838284,44.488468],[-94.838591,44.488681],[-94.838793,44.489126],[-94.838627,44.490032],[-94.838682,44.49045],[-94.838798,44.490625],[-94.839976,44.491688],[-94.841173,44.492113],[-94.841825,44.492249],[-94.845377,44.492537],[-94.845982,44.492514],[-94.847499,44.492158],[-94.849454,44.49195],[-94.849844,44.491768],[-94.850043,44.491559],[-94.850087,44.491147],[-94.849908,44.490455],[-94.849946,44.490312],[-94.850099,44.490186],[-94.850787,44.489909],[-94.852557,44.489696],[-94.853247,44.489673],[-94.853785,44.489759],[-94.854107,44.48989],[-94.854399,44.490131],[-94.854669,44.490493],[-94.855071,44.491239],[-94.855311,44.492024],[-94.855304,44.492199],[-94.855114,44.492491],[-94.852853,44.493412],[-94.85191,44.494136],[-94.851739,44.494506],[-94.851713,44.494865],[-94.851908,44.495363],[-94.852358,44.495563],[-94.853255,44.495588],[-94.856327,44.494899],[-94.858472,44.494795],[-94.861848,44.495082],[-94.862569,44.495229],[-94.863743,44.49555],[-94.864097,44.495774],[-94.864428,44.496408],[-94.864531,44.496904],[-94.86481,44.497557],[-94.865241,44.497979],[-94.865824,44.498218],[-94.865727,44.481093],[-94.865522,44.468108],[-94.865512,44.456706],[-94.865889,44.387273],[-94.866071,44.368944],[-94.866186,44.340249],[-94.836198,44.340493],[-94.83632,44.326326],[-94.836216,44.326044],[-94.805979,44.326119],[-94.806114,44.319826],[-94.806185,44.311637],[-94.761266,44.31169],[-94.761719,44.310881],[-94.76188,44.310391],[-94.761555,44.30453],[-94.761447,44.303915],[-94.759682,44.301539],[-94.759287,44.301212],[-94.755911,44.299086],[-94.755928,44.297199],[-94.745804,44.297222],[-94.745819,44.293619],[-94.745914,44.292935],[-94.745888,44.287182],[-94.745992,44.285259],[-94.745882,44.284792],[-94.745856,44.283634],[-94.745917,44.278989],[-94.745895,44.260538],[-94.74613,44.249984],[-94.7461,44.245739],[-94.74587,44.240169],[-94.745837,44.236132],[-94.745973,44.212],[-94.745944,44.195958],[-94.745916,44.195842],[-94.73927,44.195858],[-94.738853,44.167869],[-94.738536,44.151515],[-94.738373,44.115981],[-94.738611,44.109099],[-94.738569,44.108957],[-94.738344,44.108898],[-94.769392,44.108574],[-94.790947,44.108265],[-94.798798,44.108317],[-94.819831,44.108247],[-94.859803,44.108016],[-94.859261,44.093557],[-94.859355,44.071774],[-94.859187,44.050093],[-94.859297,44.038616],[-94.859301,44.026477],[-94.859196,44.018267],[-94.859145,43.991464],[-94.859274,43.962758],[-94.859113,43.933956],[-94.859291,43.929432],[-94.859194,43.891647],[-94.859318,43.874956],[-94.859388,43.848093],[-94.895468,43.847744],[-94.916412,43.847624],[-94.934612,43.84779],[-94.958529,43.847758],[-95.01914,43.847861],[-95.0308,43.847999],[-95.048381,43.848072],[-95.049833,43.847902],[-95.099427,43.847919],[-95.102458,43.84808],[-95.117893,43.847895],[-95.155579,43.847865],[-95.18077,43.847653],[-95.190529,43.847752],[-95.196168,43.847692],[-95.198135,43.847783],[-95.206058,43.847853],[-95.208782,43.847857],[-95.208848,43.847752],[-95.211049,43.847883],[-95.220868,43.847966],[-95.264822,43.848062],[-95.266187,43.848178],[-95.267193,43.847988],[-95.268392,43.848067],[-95.295802,43.848069],[-95.32581,43.847959],[-95.330885,43.847838],[-95.338773,43.847837],[-95.34032,43.848042],[-95.356141,43.84803],[-95.375277,43.847907],[-95.452502,43.847953],[-95.46738,43.847876],[-95.48246,43.84794],[-95.524784,43.847913],[-95.5425,43.84797],[-95.613613,43.847893],[-95.644184,43.848091],[-95.662766,43.848046],[-95.663096,43.848109],[-95.6633,43.848225],[-95.665853,43.848059],[-95.671884,43.847952],[-95.67336,43.847971],[-95.673767,43.84804],[-95.692323,43.848018],[-95.698126,43.848042],[-95.70622,43.8482],[-95.712286,43.848154],[-95.72358,43.84821],[-95.737949,43.848176],[-95.744348,43.848042],[-95.752726,43.847971],[-95.763838,43.848164],[-95.76381,43.8482],[-95.772647,43.848162],[-95.772828,43.848106],[-95.772864,43.847927],[-95.778726,43.847889],[-95.7871,43.84822],[-95.793374,43.848203],[-95.8038,43.84837],[-95.809268,43.848292],[-95.810219,43.848156],[-95.812512,43.848264],[-95.84392,43.84848],[-95.854063,43.848487],[-95.863367,43.848375],[-95.874358,43.848532],[-95.903327,43.848586],[-95.92423,43.849],[-95.943665,43.848712],[-95.974744,43.848793],[-95.993899,43.848896],[-96.017234,43.849122],[-96.023601,43.849072],[-96.023862,43.849123],[-96.032936,43.849055],[-96.06712,43.849028],[-96.11295,43.84876],[-96.11388,43.84869],[-96.116436,43.848776],[-96.142669,43.848675],[-96.24488,43.84859],[-96.290634,43.848729],[-96.31238,43.84893],[-96.33209,43.84888],[-96.35569,43.84895],[-96.36847,43.84906],[-96.3916,43.84912],[-96.4087,43.84935],[-96.43138,43.84949],[-96.452988,43.849507],[-96.453289,43.854706],[-96.453277,43.859884],[-96.45335,43.861359],[-96.453205,43.861421],[-96.453385,43.881488],[-96.453311,43.881896],[-96.453286,43.883162],[-96.453533,43.906408],[-96.453375,43.911795],[-96.453443,43.93215],[-96.453415,43.934597],[-96.453332,43.934833],[-96.453321,43.935293],[-96.45333,43.951571],[-96.453167,43.966261],[-96.453233,43.966447],[-96.453242,43.966989],[-96.45341,43.967166],[-96.453291,43.96718],[-96.453387,43.978069],[-96.453306,43.979135],[-96.453283,43.994724],[-96.453085,44.000975],[-96.453291,44.007042],[-96.453172,44.014395],[-96.453404,44.025431],[-96.453301,44.03655],[-96.45323,44.036684],[-96.45311,44.051431],[-96.453159,44.093851],[-96.452959,44.120917],[-96.452942,44.143119],[-96.452843,44.154139],[-96.452765,44.155216],[-96.452706,44.183779],[-96.452773,44.19678],[-96.45256,44.231953],[-96.452534,44.240303],[-96.4526,44.244713],[-96.452519,44.248487],[-96.452711,44.254374],[-96.452532,44.254427],[-96.452471,44.271969],[-96.452413,44.273804],[-96.452571,44.282432],[-96.452449,44.282574],[-96.45243,44.282738],[-96.4525,44.285687],[-96.452275,44.302118],[-96.452422,44.311131],[-96.452242,44.313945],[-96.452356,44.3246],[-96.452539,44.325792],[-96.452359,44.328098],[-96.452225,44.340507],[-96.451962,44.342311],[-96.452193,44.345529],[-96.45232,44.354871],[-96.452315,44.359335],[-96.452206,44.362761],[-96.452238,44.374942],[-96.452167,44.383594],[-96.45206,44.385727],[-96.451922,44.448185],[-96.451971,44.455899],[-96.451869,44.458876],[-96.452143,44.470506],[-96.451948,44.47093],[-96.451839,44.488021],[-96.451827,44.50001],[-96.45194,44.50534],[-96.451577,44.505848],[-96.451972,44.506234],[-96.451466,44.506703],[-96.451545,44.506961],[-96.451941,44.514018],[-96.45197,44.517893],[-96.45188,44.526386],[-96.452102,44.526972],[-96.45207,44.531551],[-96.451739,44.542938],[-96.451888,44.544057],[-96.451597,44.623633],[-96.451688,44.627236],[-96.451566,44.631349],[-96.45159,44.646683],[-96.451442,44.670738],[-96.451482,44.701914],[-96.451472,44.703346],[-96.451451,44.703483],[-96.451285,44.703695],[-96.451414,44.707225],[-96.451234,44.718273],[-96.451334,44.738729],[-96.451478,44.747019],[-96.451643,44.749952],[-96.451589,44.76051],[-96.451479,44.761246],[-96.451559,44.761877],[-96.451503,44.769103],[-96.451683,44.776075],[-96.451871,44.790488],[-96.451714,44.79348],[-96.451748,44.805565],[-96.451462,44.80557],[-96.45144,44.806361],[-96.451476,44.819523],[-96.451606,44.823387],[-96.451545,44.826534],[-96.451643,44.843509],[-96.451612,44.867945],[-96.451662,44.872581],[-96.451953,44.874963],[-96.452008,44.885039],[-96.451916,44.890098],[-96.451826,44.890258],[-96.451874,44.906419],[-96.451834,44.90661],[-96.451622,44.906915],[-96.451641,44.907444],[-96.451865,44.908449],[-96.452033,44.910435],[-96.452013,44.910758],[-96.45188,44.911081],[-96.451871,44.930437],[-96.451938,44.951944],[-96.451962,44.952357],[-96.452141,44.953115],[-96.451946,44.954843],[-96.45197,44.962516],[-96.452098,44.96272],[-96.452342,44.962785],[-96.452102,44.965637],[-96.452026,44.968425],[-96.452247,44.977145],[-96.452031,44.977386],[-96.452025,44.979448],[-96.451994,45.001492],[-96.452199,45.030925],[-96.452171,45.038112],[-96.45224,45.042347],[-96.452182,45.049473],[-96.45225,45.050108],[-96.452229,45.06676],[-96.452172,45.067285],[-96.452097,45.076839],[-96.452225,45.07768],[-96.452221,45.088252],[-96.452339,45.094262],[-96.4524,45.09476],[-96.45233,45.108102],[-96.452239,45.108962],[-96.452469,45.122462],[-96.452429,45.124229],[-96.452626,45.125274],[-96.452071,45.151078],[-96.452007,45.151706],[-96.452353,45.165635],[-96.45238,45.171542],[-96.452684,45.182322],[-96.452555,45.190929],[-96.452452,45.191589],[-96.452296,45.19628],[-96.452452,45.204929],[-96.452618,45.224635],[-96.452974,45.272592],[-96.452972,45.283024],[-96.45306,45.283601],[-96.452984,45.28642],[-96.453097,45.291508],[-96.452985,45.293825],[-96.453097,45.300751],[-96.453415,45.301172],[-96.453965,45.301585],[-96.45448,45.301851],[-96.456514,45.303326],[-96.456995,45.30388],[-96.457282,45.30486],[-96.457469,45.307174],[-96.457582,45.307586],[-96.458367,45.308828],[-96.460138,45.311094],[-96.46191,45.313884],[-96.46266,45.314643],[-96.463669,45.315301],[-96.463753,45.31542],[-96.465596,45.316376],[-96.466644,45.317162],[-96.468027,45.318619],[-96.468457,45.31936],[-96.468756,45.320564],[-96.468864,45.323626],[-96.469246,45.324941],[-96.471098,45.327283],[-96.471884,45.328663],[-96.472782,45.33],[-96.473814,45.331237],[-96.474542,45.33232],[-96.475284,45.334031],[-96.476598,45.336351],[-96.478135,45.338507],[-96.479323,45.339644],[-96.480258,45.340739],[-96.480916,45.342072],[-96.481406,45.343788],[-96.482024,45.34555],[-96.482556,45.346273],[-96.484396,45.348269],[-96.485907,45.350634],[-96.48792,45.355296],[-96.489065,45.357071],[-96.490502,45.358099],[-96.492889,45.359447],[-96.502006,45.365473],[-96.504617,45.366682],[-96.506321,45.36732],[-96.510531,45.368498],[-96.512922,45.370161],[-96.514413,45.371408],[-96.516086,45.372666],[-96.521787,45.375645],[-96.524965,45.376573],[-96.528464,45.377823],[-96.530944,45.378495],[-96.533961,45.379061],[-96.536956,45.37982],[-96.539722,45.380338],[-96.542556,45.380566],[-96.545973,45.38105],[-96.549278,45.382131],[-96.552091,45.383172],[-96.554652,45.383948],[-96.559146,45.385171],[-96.562142,45.38609],[-96.568081,45.388849],[-96.578879,45.392295],[-96.581362,45.393465],[-96.584764,45.395705],[-96.591117,45.398558],[-96.593258,45.399656],[-96.596006,45.400947],[-96.60118,45.403181],[-96.6038,45.403972],[-96.606602,45.404625],[-96.609485,45.405431],[-96.615231,45.407245],[-96.617726,45.408092],[-96.619752,45.408884],[-96.621913,45.409096],[-96.625648,45.408542],[-96.627905,45.408729],[-96.631204,45.409239],[-96.63362,45.409813],[-96.635889,45.409943],[-96.637757,45.409767],[-96.640623,45.409228],[-96.643007,45.408948],[-96.644462,45.408892],[-96.646375,45.409498],[-96.647886,45.410123],[-96.648952,45.41031],[-96.65043,45.410298],[-96.657113,45.409315],[-96.662258,45.409011],[-96.663885,45.409197],[-96.667046,45.410068],[-96.670301,45.410545],[-96.675447,45.410216],[-96.680454,45.410499],[-96.683753,45.411556],[-96.68664,45.413266],[-96.690043,45.415491],[-96.692541,45.417338],[-96.695738,45.420014],[-96.697377,45.421506],[-96.702006,45.426247],[-96.70423,45.428674],[-96.708562,45.434221],[-96.710786,45.43693],[-96.720545,45.447508],[-96.722529,45.449499],[-96.72425,45.451482],[-96.726211,45.45328],[-96.728184,45.454795],[-96.731396,45.45702],[-96.732739,45.458737],[-96.734454,45.461608],[-96.735643,45.463945],[-96.736837,45.466775],[-96.737618,45.469403],[-96.738055,45.472064],[-96.738446,45.473499],[-96.738916,45.474402],[-96.741281,45.477022],[-96.742509,45.478723],[-96.743486,45.480649],[-96.74359,45.481746],[-96.743544,45.482891],[-96.743683,45.484439],[-96.744475,45.48618],[-96.745487,45.488712],[-96.746739,45.491106],[-96.748107,45.493363],[-96.750347,45.497375],[-96.751886,45.499961],[-96.752865,45.502163],[-96.760591,45.514895],[-96.763432,45.520007],[-96.76528,45.521414],[-96.768351,45.523934],[-96.770976,45.526426],[-96.772374,45.528941],[-96.776315,45.531588],[-96.781036,45.535972],[-96.784863,45.5413],[-96.790525,45.547341],[-96.79384,45.550724],[-96.799102,45.554225],[-96.801987,45.555414],[-96.803872,45.557175],[-96.804111,45.557507],[-96.805657,45.558791],[-96.823973,45.575664],[-96.835451,45.586129],[-96.841333,45.591372],[-96.84239,45.592577],[-96.843286,45.593314],[-96.844566,45.594546],[-96.846894,45.596614],[-96.85072,45.59986],[-96.856834,45.605378],[-96.856648,45.607146],[-96.856191,45.609864],[-96.854784,45.61205],[-96.852439,45.61511],[-96.851501,45.617951],[-96.851345,45.619372],[-96.851598,45.619755],[-96.850059,45.623594],[-96.850163,45.62496],[-96.848001,45.629712],[-96.845671,45.636149],[-96.844211,45.639583],[-96.842271,45.6431],[-96.840746,45.645294],[-96.838648,45.647509],[-96.835769,45.649648],[-96.832659,45.651716],[-96.831277,45.652105],[-96.829332,45.652345],[-96.827428,45.653067],[-96.826884,45.653474],[-96.825336,45.654999],[-96.824177,45.655684],[-96.82118,45.656922],[-96.813786,45.660914],[-96.804255,45.666329],[-96.802468,45.667276],[-96.800156,45.668355],[-96.795432,45.669991],[-96.79363,45.67072],[-96.791775,45.671724],[-96.789368,45.673448],[-96.776765,45.68005],[-96.762062,45.686882],[-96.760866,45.687518],[-96.759312,45.688744],[-96.757174,45.690957],[-96.755506,45.693135],[-96.75035,45.698782],[-96.745086,45.701576],[-96.738243,45.704663],[-96.726821,45.710347],[-96.711157,45.717561],[-96.707663,45.719007],[-96.701481,45.72125],[-96.691511,45.724465],[-96.687224,45.725931],[-96.672665,45.732336],[-96.670625,45.733523],[-96.662595,45.738682],[-96.659477,45.740922],[-96.652226,45.746809],[-96.650792,45.748782],[-96.649469,45.750765],[-96.647423,45.754339],[-96.646525,45.755436],[-96.644162,45.757806],[-96.643186,45.758638],[-96.641941,45.759871],[-96.641031,45.761759],[-96.640153,45.76392],[-96.63918,45.767112],[-96.639015,45.768722],[-96.639127,45.769086],[-96.63905,45.769523],[-96.638895,45.76968],[-96.638773,45.769968],[-96.638847,45.770209],[-96.639474,45.770806],[-96.639717,45.771152],[-96.639533,45.771592],[-96.639222,45.772096],[-96.637183,45.773342],[-96.636337,45.774023],[-96.635106,45.774508],[-96.634368,45.7745],[-96.634147,45.774562],[-96.633796,45.77514],[-96.633612,45.775659],[-96.633858,45.775964],[-96.634374,45.776408],[-96.63439,45.776739],[-96.634203,45.777699],[-96.634062,45.777916],[-96.632876,45.777908],[-96.632577,45.778004],[-96.632126,45.778277],[-96.63174,45.77874],[-96.631333,45.779067],[-96.630951,45.779226],[-96.630318,45.779303],[-96.630144,45.779431],[-96.630073,45.779745],[-96.630542,45.780998],[-96.630345,45.78238],[-96.629426,45.784211],[-96.627778,45.786239],[-96.625347,45.787924],[-96.623244,45.788885],[-96.619713,45.790313],[-96.618195,45.791063],[-96.613858,45.793434],[-96.612512,45.794442],[-96.610452,45.796184],[-96.609209,45.797353],[-96.607621,45.79907],[-96.604903,45.802417],[-96.603867,45.803594],[-96.601863,45.806343],[-96.600493,45.807641],[-96.597729,45.810802],[-96.596704,45.811801],[-96.593216,45.813873],[-96.591881,45.814462],[-96.588532,45.815663],[-96.587093,45.816445],[-96.585423,45.817622],[-96.584778,45.818146],[-96.583085,45.820024],[-96.58117,45.823015],[-96.57974,45.82582],[-96.579068,45.828594],[-96.578246,45.831552],[-96.577946,45.832375],[-96.577484,45.833108],[-96.577276,45.833721],[-96.57748,45.835559],[-96.577534,45.83793],[-96.575836,45.841384],[-96.575227,45.842437],[-96.574517,45.844044],[-96.574286,45.845614],[-96.574391,45.845907],[-96.574051,45.848148],[-96.573952,45.850037],[-96.574063,45.850528],[-96.573849,45.851483],[-96.573517,45.854747],[-96.573079,45.861524],[-96.573291,45.862647],[-96.573613,45.863317],[-96.574037,45.86397],[-96.574417,45.86501],[-96.574667,45.866816],[-96.573639,45.868823],[-96.572946,45.869734],[-96.572229,45.870935],[-96.571871,45.871846],[-96.571823,45.873337],[-96.572651,45.876474],[-96.572488,45.878696],[-96.572038,45.880209],[-96.571,45.882421],[-96.57085,45.883179],[-96.570907,45.883872],[-96.571527,45.885958],[-96.571354,45.886674],[-96.571008,45.887076],[-96.569569,45.887606],[-96.568866,45.888023],[-96.568321,45.891409],[-96.568734,45.893536],[-96.568941,45.89525],[-96.568789,45.89625],[-96.568274,45.897968],[-96.568555,45.901045],[-96.568184,45.903451],[-96.567837,45.903579],[-96.567451,45.904001],[-96.567366,45.904149],[-96.567083,45.905548],[-96.566439,45.906453],[-96.566243,45.907341],[-96.566353,45.907719],[-96.566384,45.908175],[-96.566188,45.908663],[-96.565968,45.908937],[-96.564719,45.909184],[-96.564554,45.909304],[-96.564451,45.909513],[-96.564491,45.909694],[-96.56464,45.909831],[-96.565379,45.910215],[-96.565512,45.910681],[-96.565983,45.911026],[-96.567154,45.911668],[-96.567539,45.912052],[-96.56794,45.912096],[-96.568718,45.911509],[-96.569027,45.911428],[-96.569416,45.911392],[-96.569877,45.911458],[-96.570186,45.912039],[-96.569996,45.913524],[-96.569633,45.913781],[-96.569657,45.91427],[-96.56958,45.914731],[-96.569378,45.915098],[-96.569127,45.915303],[-96.569099,45.917037],[-96.568858,45.917087],[-96.567631,45.916824],[-96.566562,45.916931],[-96.565157,45.919288],[-96.564866,45.919403],[-96.564297,45.919394],[-96.564128,45.919438],[-96.564002,45.919561],[-96.563921,45.920123],[-96.564082,45.920745],[-96.564324,45.921084],[-96.564802,45.924637],[-96.564781,45.925642],[-96.564594,45.926902],[-96.564961,45.930076],[-96.564192,45.933975],[-96.563896,45.93481],[-96.562804,45.937095],[-96.561983,45.940528],[-96.561867,45.942878],[-96.561334,45.945655],[-96.561609,45.946763],[-96.562136,45.947716],[-96.562674,45.948242],[-96.56325,45.94859],[-96.563963,45.949291],[-96.564803,45.950348],[-96.565215,45.952076],[-96.565431,45.953506],[-96.565219,45.956144],[-96.565334,45.957326],[-96.566163,45.957826],[-96.567859,45.958477],[-96.568154,45.958796],[-96.568154,45.958911],[-96.569137,45.960647],[-96.569301,45.960807],[-96.569334,45.961104],[-96.569694,45.962133],[-96.569825,45.96227],[-96.570251,45.963527],[-96.57035,45.963595],[-96.570612,45.965263],[-96.570645,45.965972],[-96.570912,45.966681],[-96.570936,45.967775],[-96.571073,45.969265],[-96.571208,45.969784],[-96.57122,45.9705],[-96.571828,45.973484],[-96.571924,45.973555],[-96.572031,45.974543],[-96.572211,45.975166],[-96.572255,45.976014],[-96.572382,45.976155],[-96.572365,45.976842],[-96.572491,45.97705],[-96.572482,45.979431],[-96.572384,45.980231],[-96.572319,45.981945],[-96.572417,45.988229],[-96.572614,45.990902],[-96.572942,45.992707],[-96.573506,46.001304],[-96.573605,46.001555],[-96.573605,46.002309],[-96.573736,46.002538],[-96.573835,46.003589],[-96.574064,46.004434],[-96.57436,46.005097],[-96.575803,46.007268],[-96.575869,46.007999],[-96.575705,46.008479],[-96.575541,46.009667],[-96.575377,46.01001],[-96.574821,46.013643],[-96.574553,46.014348],[-96.574515,46.015078],[-96.574216,46.01576],[-96.574243,46.016536],[-96.57469,46.018091],[-96.575306,46.018963],[-96.5764,46.02164],[-96.576564,46.021848],[-96.577073,46.022974],[-96.577536,46.024851],[-96.577875,46.027034],[-96.577866,46.027357],[-96.577654,46.028242],[-96.576962,46.029898],[-96.576011,46.032624],[-96.574473,46.036549],[-96.574041,46.037357],[-96.572044,46.040312],[-96.571373,46.041441],[-96.569836,46.0445],[-96.566561,46.050348],[-96.566368,46.050832],[-96.566321,46.051503],[-96.566113,46.051778],[-96.565878,46.05195],[-96.563832,46.053106],[-96.562427,46.054004],[-96.56104,46.055251],[-96.560409,46.055917],[-96.560089,46.056563],[-96.559891,46.057157],[-96.559108,46.058523],[-96.559009,46.05902],[-96.559111,46.059879],[-96.559062,46.060489],[-96.558866,46.060857],[-96.558351,46.061396],[-96.558156,46.061841],[-96.558204,46.062196],[-96.558525,46.062914],[-96.558486,46.0632],[-96.558231,46.063606],[-96.556971,46.064451],[-96.556798,46.064749],[-96.556764,46.068231],[-96.556831,46.069884],[-96.556952,46.070158],[-96.55765,46.07082],[-96.557838,46.071637],[-96.557871,46.072499],[-96.557728,46.073245],[-96.557397,46.073772],[-96.556558,46.074762],[-96.556415,46.075032],[-96.556406,46.075355],[-96.556542,46.075701],[-96.556997,46.076264],[-96.55723,46.076702],[-96.557345,46.077161],[-96.557292,46.077627],[-96.556911,46.078171],[-96.556083,46.078812],[-96.555862,46.079135],[-96.555721,46.079644],[-96.555651,46.081224],[-96.555523,46.082078],[-96.555209,46.082685],[-96.554601,46.083453],[-96.554424,46.083827],[-96.554411,46.084079],[-96.554642,46.084552],[-96.555494,46.085403],[-96.555641,46.086149],[-96.555775,46.08642],[-96.557061,46.08729],[-96.557277,46.087532],[-96.557351,46.087741],[-96.557328,46.088206],[-96.556999,46.08877],[-96.55697,46.088948],[-96.557365,46.089984],[-96.557363,46.090555],[-96.557194,46.090815],[-96.556674,46.091258],[-96.556427,46.091721],[-96.556432,46.091935],[-96.556687,46.092557],[-96.556709,46.092986],[-96.556594,46.093372],[-96.556272,46.094009],[-96.556395,46.094356],[-96.557279,46.095149],[-96.557463,46.095482],[-96.55741,46.095873],[-96.556925,46.096545],[-96.556735,46.096954],[-96.556808,46.097596],[-96.557253,46.09844],[-96.558409,46.099964],[-96.558707,46.100498],[-96.558756,46.10082],[-96.558661,46.101098],[-96.557919,46.101987],[-96.557934,46.102521],[-96.558125,46.102814],[-96.558895,46.103343],[-96.559127,46.103621],[-96.559161,46.103978],[-96.559028,46.104761],[-96.559116,46.10504],[-96.560692,46.106171],[-96.560892,46.106422],[-96.561112,46.10705],[-96.561302,46.107262],[-96.561824,46.107553],[-96.562522,46.107778],[-96.562992,46.108156],[-96.56321,46.108818],[-96.563129,46.110055],[-96.564461,46.110605],[-96.564938,46.110934],[-96.565221,46.111457],[-96.565723,46.111963],[-96.565718,46.112544],[-96.566116,46.113405],[-96.566648,46.114121],[-96.56692,46.11475],[-96.566358,46.115115],[-96.565114,46.115451],[-96.562815,46.116251],[-96.56117,46.1162],[-96.560234,46.116568],[-96.562083,46.11913],[-96.56257,46.119515],[-96.563339,46.119655],[-96.566086,46.119384],[-96.566565,46.119404],[-96.566899,46.119516],[-96.567241,46.119749],[-96.567464,46.12],[-96.567554,46.120252],[-96.56765,46.121295],[-96.567852,46.122291],[-96.568133,46.122931],[-96.568399,46.123294],[-96.570188,46.123995],[-96.571523,46.124209],[-96.571999,46.124567],[-96.572181,46.12491],[-96.571914,46.125465],[-96.57171,46.12567],[-96.571299,46.125911],[-96.569679,46.126061],[-96.570095,46.128074],[-96.570069,46.128577],[-96.569811,46.129045],[-96.569507,46.12942],[-96.568761,46.130062],[-96.56858,46.130352],[-96.569032,46.130577],[-96.570211,46.13048],[-96.570919,46.130564],[-96.57134,46.130819],[-96.571379,46.131101],[-96.571047,46.131401],[-96.57023,46.131769],[-96.568632,46.132303],[-96.568705,46.133157],[-96.568875,46.133417],[-96.569201,46.133642],[-96.57118,46.13448],[-96.571778,46.134923],[-96.571864,46.135156],[-96.57183,46.13555],[-96.571303,46.136367],[-96.571209,46.136826],[-96.57152,46.137354],[-96.572025,46.137851],[-96.572687,46.138353],[-96.572875,46.138687],[-96.572903,46.139187],[-96.572677,46.140141],[-96.572785,46.14049],[-96.573126,46.140888],[-96.574505,46.141751],[-96.574968,46.142179],[-96.575016,46.142571],[-96.574741,46.143296],[-96.574732,46.143584],[-96.574884,46.143886],[-96.575417,46.144222],[-96.576386,46.144483],[-96.576838,46.144653],[-96.577175,46.144873],[-96.57739,46.145114],[-96.577471,46.145321],[-96.577457,46.14618],[-96.577527,46.146569],[-96.578181,46.147019],[-96.579119,46.147304],[-96.579281,46.147441],[-96.579367,46.147685],[-96.579369,46.147972],[-96.57918,46.148712],[-96.579202,46.149106],[-96.579428,46.149657],[-96.580273,46.151076],[-96.580296,46.151505],[-96.58012,46.151801],[-96.578854,46.152742],[-96.578554,46.152882],[-96.578349,46.153186],[-96.578253,46.153576],[-96.578394,46.1561],[-96.578357,46.156532],[-96.578029,46.157132],[-96.577178,46.158161],[-96.576265,46.159582],[-96.578002,46.160674],[-96.579332,46.160766],[-96.579913,46.161151],[-96.579917,46.161481],[-96.579547,46.161866],[-96.578772,46.162309],[-96.577289,46.162899],[-96.57732,46.163838],[-96.577488,46.164176],[-96.577806,46.164546],[-96.577864,46.164755],[-96.577798,46.164966],[-96.577235,46.165608],[-96.57702,46.166036],[-96.577519,46.166436],[-96.578642,46.166372],[-96.580071,46.166572],[-96.580573,46.166811],[-96.580706,46.167229],[-96.580608,46.167648],[-96.580091,46.167934],[-96.579202,46.168173],[-96.576742,46.167972],[-96.57529,46.168486],[-96.575281,46.169011],[-96.575502,46.169489],[-96.575642,46.16964],[-96.576623,46.170265],[-96.577601,46.170382],[-96.579006,46.169801],[-96.579654,46.169725],[-96.582112,46.169773],[-96.583179,46.169838],[-96.583774,46.170132],[-96.583862,46.170599],[-96.583476,46.171149],[-96.58253,46.171421],[-96.580147,46.171719],[-96.579498,46.171691],[-96.578635,46.171366],[-96.578159,46.171281],[-96.577011,46.171546],[-96.577147,46.172401],[-96.5771,46.172795],[-96.577038,46.173006],[-96.576758,46.17343],[-96.576636,46.173944],[-96.577822,46.174376],[-96.578459,46.174372],[-96.579059,46.174126],[-96.580044,46.173363],[-96.580693,46.173366],[-96.581617,46.173932],[-96.582264,46.173799],[-96.582538,46.173483],[-96.582613,46.173088],[-96.582944,46.172772],[-96.583522,46.172663],[-96.583818,46.173072],[-96.583779,46.173563],[-96.583324,46.174154],[-96.582292,46.174918],[-96.579683,46.176361],[-96.579141,46.176832],[-96.579598,46.177127],[-96.580632,46.177317],[-96.584337,46.177272],[-96.585619,46.177344],[-96.586007,46.176851],[-96.585774,46.176056],[-96.585585,46.175734],[-96.585627,46.175417],[-96.586247,46.175466],[-96.58748,46.176361],[-96.588087,46.176417],[-96.588884,46.176235],[-96.590163,46.174905],[-96.591059,46.174544],[-96.592044,46.174603],[-96.592682,46.175211],[-96.591847,46.176948],[-96.592076,46.178107],[-96.591665,46.178496],[-96.589332,46.178734],[-96.588387,46.179084],[-96.588878,46.180335],[-96.589128,46.181183],[-96.589253,46.181285],[-96.589233,46.181395],[-96.588745,46.181649],[-96.588467,46.181675],[-96.587234,46.181296],[-96.586551,46.181479],[-96.586151,46.181812],[-96.586182,46.182342],[-96.586559,46.182775],[-96.587247,46.183044],[-96.590727,46.183987],[-96.591301,46.184338],[-96.591572,46.184682],[-96.591277,46.185063],[-96.589106,46.185552],[-96.587428,46.185801],[-96.587466,46.186075],[-96.587652,46.186198],[-96.589004,46.186386],[-96.589481,46.186656],[-96.589641,46.186918],[-96.589568,46.187199],[-96.589391,46.187321],[-96.588748,46.187545],[-96.587957,46.187702],[-96.587485,46.187912],[-96.587293,46.188199],[-96.587413,46.188655],[-96.588505,46.189691],[-96.589169,46.189875],[-96.590189,46.189887],[-96.590494,46.190123],[-96.590538,46.190474],[-96.590226,46.190794],[-96.588918,46.191278],[-96.587459,46.192067],[-96.587326,46.192262],[-96.58734,46.192546],[-96.587943,46.193378],[-96.587933,46.193638],[-96.587801,46.193831],[-96.587362,46.194002],[-96.586045,46.193879],[-96.585397,46.193958],[-96.585102,46.194198],[-96.585077,46.194624],[-96.585224,46.194811],[-96.58546,46.194948],[-96.585993,46.19507],[-96.587268,46.195161],[-96.589742,46.195125],[-96.590523,46.195194],[-96.59081,46.195274],[-96.591031,46.195424],[-96.591176,46.195571],[-96.591226,46.195747],[-96.591112,46.19602],[-96.590776,46.196333],[-96.590261,46.19663],[-96.589635,46.196879],[-96.588988,46.196994],[-96.585483,46.197002],[-96.585047,46.197106],[-96.584629,46.197511],[-96.5844,46.198022],[-96.584345,46.198445],[-96.58447,46.199008],[-96.584429,46.199293],[-96.583677,46.200735],[-96.583674,46.201163],[-96.584008,46.201403],[-96.584461,46.20146],[-96.586579,46.201215],[-96.587016,46.201315],[-96.587273,46.201492],[-96.587349,46.201625],[-96.587227,46.201971],[-96.586618,46.202423],[-96.58449,46.203419],[-96.584269,46.20374],[-96.584258,46.204094],[-96.584563,46.204328],[-96.58496,46.204395],[-96.5873,46.204163],[-96.588277,46.204213],[-96.588618,46.204295],[-96.588919,46.20449],[-96.589027,46.204946],[-96.588768,46.205525],[-96.588348,46.205975],[-96.587895,46.206721],[-96.587595,46.206967],[-96.586962,46.207198],[-96.585214,46.207242],[-96.584404,46.207335],[-96.583949,46.207616],[-96.583761,46.208059],[-96.583822,46.208342],[-96.584069,46.208568],[-96.586571,46.209834],[-96.587056,46.209967],[-96.587516,46.209929],[-96.588209,46.209697],[-96.589988,46.208562],[-96.590792,46.208463],[-96.591114,46.20869],[-96.591162,46.209118],[-96.589523,46.210853],[-96.588515,46.212489],[-96.58844,46.212879],[-96.588618,46.213094],[-96.589059,46.213277],[-96.589969,46.213401],[-96.592179,46.213542],[-96.592484,46.213673],[-96.592792,46.213914],[-96.59289,46.214154],[-96.592852,46.214402],[-96.592246,46.215109],[-96.591662,46.216027],[-96.591525,46.216411],[-96.591523,46.217416],[-96.591742,46.218115],[-96.591987,46.21847],[-96.592643,46.218872],[-96.59326,46.21905],[-96.595209,46.219342],[-96.595566,46.219546],[-96.595777,46.219788],[-96.595822,46.220109],[-96.595698,46.220712],[-96.595,46.221987],[-96.594789,46.222506],[-96.594683,46.222932],[-96.594713,46.223507],[-96.594994,46.224119],[-96.596008,46.225159],[-96.596593,46.22566],[-96.596914,46.226111],[-96.597103,46.226484],[-96.59739,46.227763],[-96.597792,46.22888],[-96.59779,46.229454],[-96.597458,46.230331],[-96.597201,46.230723],[-96.596969,46.231572],[-96.596934,46.232266],[-96.596865,46.232266],[-96.597157,46.233296],[-96.597772,46.234095],[-96.598783,46.235056],[-96.598741,46.235077],[-96.59905,46.235723],[-96.598961,46.236149],[-96.598222,46.237416],[-96.597966,46.238259],[-96.598211,46.240484],[-96.598688,46.241922],[-96.598729,46.242317],[-96.598529,46.242758],[-96.597954,46.243168],[-96.59688,46.243595],[-96.596135,46.243717],[-96.595234,46.244065],[-96.594855,46.24436],[-96.594374,46.245194],[-96.593906,46.245524],[-96.593516,46.245617],[-96.593105,46.245622],[-96.592716,46.24553],[-96.591619,46.245058],[-96.591139,46.245028],[-96.590737,46.245092],[-96.589835,46.24536],[-96.588659,46.245882],[-96.588182,46.246017],[-96.587811,46.246267],[-96.586053,46.247025],[-96.585531,46.247321],[-96.584665,46.24808],[-96.584188,46.248675],[-96.583902,46.249177],[-96.583749,46.24952],[-96.583715,46.249807],[-96.583879,46.250184],[-96.584196,46.250416],[-96.584635,46.250519],[-96.585202,46.250514],[-96.5859,46.250384],[-96.587052,46.249985],[-96.588525,46.249605],[-96.58959,46.249466],[-96.589951,46.24948],[-96.591343,46.249741],[-96.5923,46.250338],[-96.592907,46.250829],[-96.593913,46.252],[-96.595091,46.252907],[-96.595326,46.253186],[-96.595375,46.253398],[-96.595348,46.253649],[-96.595238,46.253848],[-96.593497,46.254967],[-96.59293,46.255651],[-96.592693,46.256165],[-96.592637,46.256558],[-96.592727,46.256984],[-96.592928,46.257313],[-96.594369,46.259179],[-96.596305,46.260525],[-96.59704,46.260858],[-96.597959,46.261091],[-96.599898,46.261272],[-96.60024,46.261491],[-96.600402,46.26175],[-96.600355,46.26217],[-96.599348,46.26326],[-96.598911,46.264105],[-96.598931,46.26471],[-96.598736,46.265283],[-96.596899,46.267805],[-96.59683,46.268142],[-96.597221,46.269144],[-96.597499,46.269612],[-96.597612,46.270006],[-96.597433,46.270413],[-96.597126,46.270732],[-96.596184,46.271307],[-96.59604,46.271511],[-96.596096,46.271714],[-96.596262,46.271904],[-96.597233,46.272496],[-96.597346,46.272813],[-96.597202,46.273081],[-96.596603,46.273375],[-96.59566,46.273568],[-96.595456,46.273716],[-96.595264,46.274247],[-96.595406,46.27558],[-96.595947,46.277185],[-96.596206,46.277607],[-96.596573,46.277998],[-96.598388,46.279295],[-96.598823,46.279508],[-96.599656,46.279596],[-96.600002,46.279853],[-96.600284,46.280252],[-96.600451,46.280634],[-96.600451,46.281095],[-96.600286,46.281649],[-96.600025,46.282111],[-96.599467,46.282767],[-96.598049,46.283901],[-96.59746,46.284239],[-96.595843,46.284969],[-96.595247,46.285323],[-96.594953,46.285678],[-96.594826,46.286024],[-96.594864,46.286344],[-96.595232,46.286519],[-96.596288,46.286591],[-96.599843,46.28571],[-96.600931,46.285683],[-96.601968,46.285904],[-96.60225,46.286179],[-96.602366,46.286552],[-96.602175,46.286907],[-96.601855,46.287209],[-96.60133,46.287396],[-96.600742,46.287476],[-96.597964,46.287611],[-96.596659,46.287855],[-96.596287,46.288019],[-96.596045,46.28829],[-96.595879,46.288725],[-96.595867,46.289186],[-96.595939,46.290174],[-96.596219,46.290962],[-96.596682,46.291527],[-96.597573,46.291937],[-96.598273,46.292132],[-96.599579,46.292334],[-96.602042,46.292413],[-96.6029,46.292696],[-96.604756,46.292892],[-96.605332,46.293034],[-96.605678,46.293282],[-96.605845,46.293583],[-96.605833,46.293867],[-96.605705,46.294152],[-96.605411,46.294489],[-96.604516,46.294987],[-96.602579,46.295611],[-96.600818,46.296285],[-96.598437,46.296819],[-96.597733,46.297121],[-96.597426,46.297405],[-96.597286,46.29776],[-96.59721,46.298165],[-96.597325,46.29841],[-96.597581,46.298623],[-96.600728,46.300351],[-96.60096,46.30061],[-96.601461,46.300607],[-96.601565,46.300724],[-96.602344,46.301073],[-96.603405,46.302087],[-96.603527,46.302246],[-96.603586,46.30253],[-96.603453,46.302873],[-96.603047,46.303244],[-96.601512,46.303966],[-96.60092,46.304368],[-96.600464,46.304791],[-96.600181,46.305293],[-96.600038,46.305712],[-96.599957,46.306285],[-96.600044,46.307396],[-96.600307,46.308039],[-96.600275,46.308838],[-96.599967,46.309265],[-96.59907,46.309972],[-96.598483,46.311017],[-96.598324,46.311544],[-96.598176,46.312511],[-96.598353,46.313947],[-96.598225,46.314732],[-96.597894,46.315178],[-96.59701,46.316059],[-96.596792,46.316538],[-96.596767,46.317004],[-96.596999,46.31759],[-96.597349,46.317853],[-96.598317,46.318192],[-96.600181,46.318633],[-96.600971,46.319144],[-96.601204,46.319498],[-96.60123,46.319638],[-96.600599,46.322218],[-96.600645,46.322947],[-96.600903,46.323642],[-96.600792,46.324247],[-96.599907,46.325259],[-96.599788,46.325571],[-96.599775,46.326466],[-96.600027,46.326817],[-96.600418,46.326984],[-96.601036,46.327008],[-96.602152,46.326639],[-96.603661,46.326411],[-96.604822,46.325942],[-96.605174,46.325885],[-96.60558,46.325923],[-96.605931,46.326133],[-96.606113,46.32639],[-96.606138,46.326604],[-96.606054,46.326845],[-96.605715,46.327203],[-96.604512,46.327982],[-96.601757,46.328496],[-96.600672,46.328814],[-96.600025,46.329109],[-96.599583,46.329411],[-96.5994,46.329661],[-96.599379,46.329984],[-96.59966,46.330481],[-96.599937,46.330693],[-96.60055,46.330961],[-96.601444,46.331139],[-96.602578,46.331171],[-96.604067,46.330974],[-96.605332,46.33102],[-96.605892,46.331083],[-96.606159,46.331191],[-96.606484,46.331421],[-96.606562,46.331569],[-96.607433,46.332075],[-96.607879,46.332556],[-96.608514,46.333559],[-96.608748,46.334974],[-96.608954,46.335639],[-96.609614,46.336193],[-96.610725,46.336715],[-96.611201,46.336855],[-96.612995,46.336989],[-96.614129,46.337325],[-96.614985,46.337899],[-96.615493,46.338398],[-96.61563,46.338639],[-96.615862,46.338781],[-96.616645,46.339525],[-96.617527,46.339721],[-96.619524,46.339908],[-96.619854,46.34001],[-96.620245,46.340243],[-96.620414,46.340423],[-96.620415,46.341176],[-96.620158,46.34178],[-96.619169,46.343243],[-96.618147,46.344296],[-96.616432,46.345575],[-96.616202,46.345895],[-96.616202,46.34642],[-96.616302,46.346512],[-96.616334,46.34676],[-96.616674,46.347388],[-96.61712,46.347631],[-96.617565,46.34772],[-96.619834,46.347721],[-96.620789,46.347607],[-96.621219,46.347628],[-96.623271,46.348251],[-96.62529,46.348671],[-96.627844,46.349417],[-96.628622,46.349987],[-96.628899,46.350452],[-96.629392,46.351567],[-96.629395,46.352249],[-96.629107,46.353199],[-96.629039,46.353974],[-96.629403,46.354319],[-96.629683,46.354409],[-96.630095,46.354403],[-96.630679,46.354264],[-96.631342,46.353864],[-96.632342,46.353086],[-96.632905,46.352833],[-96.63428,46.352585],[-96.635715,46.352609],[-96.636789,46.35248],[-96.63752,46.352196],[-96.638825,46.351972],[-96.639692,46.351737],[-96.640364,46.35147],[-96.640747,46.351228],[-96.641973,46.350256],[-96.642566,46.35004],[-96.643333,46.34998],[-96.644185,46.350122],[-96.644639,46.350294],[-96.645194,46.350669],[-96.645604,46.351086],[-96.645655,46.351504],[-96.646466,46.352705],[-96.646813,46.353606],[-96.647134,46.354735],[-96.648356,46.357184],[-96.648478,46.35765],[-96.64845,46.358081],[-96.648156,46.358618],[-96.647605,46.359089],[-96.645645,46.359731],[-96.644464,46.360226],[-96.643694,46.360695],[-96.643134,46.361267],[-96.643071,46.361623],[-96.643185,46.361935],[-96.643756,46.362347],[-96.64441,46.362554],[-96.646352,46.362759],[-96.647658,46.362794],[-96.649103,46.363062],[-96.652547,46.364436],[-96.653942,46.365182],[-96.654977,46.365937],[-96.655453,46.366486],[-96.6556,46.366755],[-96.656075,46.368525],[-96.656326,46.369074],[-96.656714,46.369621],[-96.657379,46.370124],[-96.657881,46.370378],[-96.659731,46.370926],[-96.660121,46.371213],[-96.660379,46.371563],[-96.660232,46.371976],[-96.659955,46.372279],[-96.659276,46.37272],[-96.658024,46.373357],[-96.657689,46.373631],[-96.657555,46.373899],[-96.657558,46.374115],[-96.657656,46.374318],[-96.657804,46.374419],[-96.658071,46.374526],[-96.658329,46.374537],[-96.659642,46.37435],[-96.661849,46.374404],[-96.664277,46.374325],[-96.665379,46.374518],[-96.666026,46.374744],[-96.666632,46.37508],[-96.667135,46.375579],[-96.667422,46.376117],[-96.667464,46.376872],[-96.667369,46.377626],[-96.666923,46.378908],[-96.666818,46.379889],[-96.667677,46.381588],[-96.66829,46.382421],[-96.669284,46.383516],[-96.669637,46.384379],[-96.669565,46.384916],[-96.669289,46.385496],[-96.6688,46.386129],[-96.668357,46.386528],[-96.668129,46.387188],[-96.668178,46.387618],[-96.668305,46.387814],[-96.668552,46.387998],[-96.670709,46.389046],[-96.671027,46.389494],[-96.67098,46.389779],[-96.670593,46.390002],[-96.668855,46.389866],[-96.668338,46.389886],[-96.668007,46.389981],[-96.667654,46.390243],[-96.667516,46.390514],[-96.667528,46.390908],[-96.667709,46.391244],[-96.667998,46.391495],[-96.668381,46.391624],[-96.669257,46.391628],[-96.671871,46.390948],[-96.673801,46.390536],[-96.674413,46.390573],[-96.674683,46.390678],[-96.675078,46.390962],[-96.675248,46.391338],[-96.675199,46.391839],[-96.674899,46.392214],[-96.673256,46.393313],[-96.672875,46.393655],[-96.672451,46.394348],[-96.672409,46.394635],[-96.672486,46.39528],[-96.672624,46.395589],[-96.672913,46.395964],[-96.673802,46.396768],[-96.674275,46.397762],[-96.674841,46.398485],[-96.676056,46.399556],[-96.676743,46.4008],[-96.677591,46.402766],[-96.677873,46.403607],[-96.678319,46.404492],[-96.67974,46.406371],[-96.680505,46.407108],[-96.681038,46.40745],[-96.681322,46.407538],[-96.681731,46.40758],[-96.682344,46.407515],[-96.683401,46.407142],[-96.686017,46.405913],[-96.686722,46.40569],[-96.687484,46.405564],[-96.687981,46.405655],[-96.688307,46.405836],[-96.689113,46.406834],[-96.689278,46.407213],[-96.689444,46.408468],[-96.689846,46.409246],[-96.689881,46.409672],[-96.689649,46.409952],[-96.689208,46.410255],[-96.686143,46.411666],[-96.685315,46.412096],[-96.68497,46.412364],[-96.684812,46.412704],[-96.68486,46.413386],[-96.685087,46.413864],[-96.685355,46.414212],[-96.68587,46.414488],[-96.686675,46.414596],[-96.688032,46.414396],[-96.691595,46.414204],[-96.69292,46.413909],[-96.695831,46.41275],[-96.697197,46.412576],[-96.698114,46.412676],[-96.699068,46.41304],[-96.700131,46.413825],[-96.70155,46.415063],[-96.701738,46.415359],[-96.701853,46.415893],[-96.701798,46.41614],[-96.701517,46.416483],[-96.70114,46.416729],[-96.700592,46.41693],[-96.698938,46.417214],[-96.697594,46.417223],[-96.696896,46.417094],[-96.695923,46.416686],[-96.694373,46.415627],[-96.693991,46.415507],[-96.693631,46.415485],[-96.693082,46.415582],[-96.692627,46.415817],[-96.692248,46.416111],[-96.691957,46.416568],[-96.691984,46.417142],[-96.692197,46.417697],[-96.692945,46.418997],[-96.693103,46.419635],[-96.693002,46.420315],[-96.692693,46.421296],[-96.692676,46.421655],[-96.692834,46.421879],[-96.693313,46.422085],[-96.693775,46.422104],[-96.694253,46.421961],[-96.695811,46.420912],[-96.69669,46.420411],[-96.697709,46.419919],[-96.698668,46.419656],[-96.699551,46.419282],[-96.702731,46.417619],[-96.703401,46.417433],[-96.70386,46.417453],[-96.704301,46.417695],[-96.704581,46.417995],[-96.70483,46.418728],[-96.704695,46.419404],[-96.704391,46.419883],[-96.702975,46.421557],[-96.702391,46.422475],[-96.702176,46.423104],[-96.702212,46.424361],[-96.702108,46.425078],[-96.701987,46.425315],[-96.701654,46.425677],[-96.701087,46.425983],[-96.700527,46.426048],[-96.699305,46.425934],[-96.698955,46.426143],[-96.698855,46.426383],[-96.698929,46.426699],[-96.699214,46.426906],[-96.699676,46.427104],[-96.70042,46.427249],[-96.701348,46.427202],[-96.702188,46.427024],[-96.704148,46.426233],[-96.704456,46.426229],[-96.704705,46.426406],[-96.704743,46.426722],[-96.704597,46.426912],[-96.704222,46.427159],[-96.702824,46.427702],[-96.702172,46.428051],[-96.701742,46.42836],[-96.701154,46.42895],[-96.700874,46.429293],[-96.700753,46.429714],[-96.700889,46.43002],[-96.701231,46.430236],[-96.701567,46.430324],[-96.702136,46.430321],[-96.702832,46.430177],[-96.704461,46.429131],[-96.704954,46.428935],[-96.705709,46.428814],[-96.706327,46.428842],[-96.706751,46.428975],[-96.707347,46.429375],[-96.707655,46.429787],[-96.70776,46.430212],[-96.707655,46.430963],[-96.707424,46.431514],[-96.707037,46.432102],[-96.706452,46.432649],[-96.704984,46.433443],[-96.704406,46.433896],[-96.704287,46.434426],[-96.70442,46.434897],[-96.704396,46.435184],[-96.70413,46.435652],[-96.703209,46.436566],[-96.70312,46.436918],[-96.703269,46.437295],[-96.704013,46.437675],[-96.704603,46.438178],[-96.704942,46.438246],[-96.705301,46.438048],[-96.705997,46.437009],[-96.706698,46.43648],[-96.707453,46.436043],[-96.708342,46.435764],[-96.71045,46.435605],[-96.711629,46.435689],[-96.711934,46.435819],[-96.71224,46.436062],[-96.712485,46.436704],[-96.712273,46.437699],[-96.712313,46.4378],[-96.71248,46.437884],[-96.712783,46.437883],[-96.713755,46.437547],[-96.714356,46.437212],[-96.71573,46.437318],[-96.716103,46.43713],[-96.716224,46.43693],[-96.716176,46.436649],[-96.715586,46.436246],[-96.715074,46.436079],[-96.714497,46.435717],[-96.714101,46.435432],[-96.71375,46.434955],[-96.713784,46.434562],[-96.714195,46.434112],[-96.714597,46.433959],[-96.715418,46.433977],[-96.71601,46.434101],[-96.716436,46.434363],[-96.716824,46.434743],[-96.71707,46.435216],[-96.717407,46.436416],[-96.717229,46.437231],[-96.717237,46.437914],[-96.717549,46.438825],[-96.717927,46.439374],[-96.718794,46.439879],[-96.71943,46.440021],[-96.720302,46.439978],[-96.721069,46.439553],[-96.721271,46.439523],[-96.721604,46.439603],[-96.721853,46.439829],[-96.721897,46.440077],[-96.721736,46.440454],[-96.721557,46.440671],[-96.721148,46.440947],[-96.719114,46.441644],[-96.718273,46.441825],[-96.71725,46.441902],[-96.715976,46.4418],[-96.71448,46.44154],[-96.71284,46.441096],[-96.712487,46.441121],[-96.712303,46.441288],[-96.712278,46.441749],[-96.712396,46.441982],[-96.712683,46.442133],[-96.713318,46.442273],[-96.71454,46.443238],[-96.715838,46.443877],[-96.716216,46.444166],[-96.716362,46.444627],[-96.715924,46.444992],[-96.715294,46.445271],[-96.712287,46.446081],[-96.711388,46.446464],[-96.71127,46.446705],[-96.712703,46.447856],[-96.712989,46.448446],[-96.713347,46.448761],[-96.714208,46.448708],[-96.715036,46.448406],[-96.715296,46.447931],[-96.715393,46.447359],[-96.715363,46.446747],[-96.715529,46.446409],[-96.715887,46.446259],[-96.715941,46.446401],[-96.716216,46.446563],[-96.716772,46.446613],[-96.717067,46.446469],[-96.717386,46.446148],[-96.717816,46.446033],[-96.718605,46.446197],[-96.719464,46.44653],[-96.720358,46.446701],[-96.720811,46.447007],[-96.721296,46.447639],[-96.721565,46.448151],[-96.721706,46.448822],[-96.721645,46.449123],[-96.721347,46.449363],[-96.720929,46.449498],[-96.72042,46.449534],[-96.719252,46.449382],[-96.717596,46.449346],[-96.715474,46.449383],[-96.714217,46.449584],[-96.713456,46.44989],[-96.713102,46.450199],[-96.712962,46.450545],[-96.712961,46.451011],[-96.713305,46.451716],[-96.713704,46.452258],[-96.714201,46.452623],[-96.714954,46.452857],[-96.717086,46.453084],[-96.717513,46.4536],[-96.717573,46.453885],[-96.717481,46.45409],[-96.717593,46.454365],[-96.717295,46.455388],[-96.717002,46.455726],[-96.716682,46.455957],[-96.716064,46.455961],[-96.715585,46.455836],[-96.714536,46.455144],[-96.713998,46.454939],[-96.713533,46.45493],[-96.712931,46.455031],[-96.71222,46.455446],[-96.712108,46.455674],[-96.712087,46.456142],[-96.712236,46.456672],[-96.712379,46.456903],[-96.712381,46.457863],[-96.712233,46.458466],[-96.711614,46.459532],[-96.711611,46.459783],[-96.711718,46.459985],[-96.712159,46.460383],[-96.712724,46.460698],[-96.713146,46.460835],[-96.714354,46.461028],[-96.718004,46.461329],[-96.718543,46.461601],[-96.718714,46.46186],[-96.718729,46.462075],[-96.718658,46.462209],[-96.71735,46.463274],[-96.71726,46.463476],[-96.717098,46.463616],[-96.714056,46.464905],[-96.713672,46.465012],[-96.713303,46.465306],[-96.71299,46.465634],[-96.712862,46.465907],[-96.712907,46.466226],[-96.713184,46.466486],[-96.713521,46.466651],[-96.71383,46.466673],[-96.715212,46.466378],[-96.716186,46.466394],[-96.716512,46.466501],[-96.716895,46.466744],[-96.717591,46.467579],[-96.718164,46.467819],[-96.71852,46.467814],[-96.719282,46.467336],[-96.719574,46.466838],[-96.720632,46.465646],[-96.721034,46.465317],[-96.721416,46.465222],[-96.721813,46.465344],[-96.722358,46.465729],[-96.722896,46.466344],[-96.723083,46.466717],[-96.723098,46.466968],[-96.722926,46.467228],[-96.723061,46.468013],[-96.723017,46.468515],[-96.722811,46.46892],[-96.722517,46.469169],[-96.720949,46.46971],[-96.720579,46.469961],[-96.719991,46.470551],[-96.719649,46.470771],[-96.719225,46.470901],[-96.718295,46.470912],[-96.715571,46.470479],[-96.714649,46.470553],[-96.714262,46.470888],[-96.714115,46.47134],[-96.714261,46.471865],[-96.714606,46.472261],[-96.715254,46.472545],[-96.717351,46.472753],[-96.718869,46.473359],[-96.719742,46.473384],[-96.720234,46.473201],[-96.720831,46.472708],[-96.721074,46.472198],[-96.721142,46.471588],[-96.721259,46.471237],[-96.721423,46.470933],[-96.7216,46.470803],[-96.722084,46.470687],[-96.723114,46.470763],[-96.723555,46.470868],[-96.724664,46.471255],[-96.726422,46.47168],[-96.726936,46.472035],[-96.727147,46.472282],[-96.727237,46.472778],[-96.727018,46.474101],[-96.72651,46.475269],[-96.726599,46.475985],[-96.72679,46.476278],[-96.727149,46.476482],[-96.728029,46.476742],[-96.728483,46.476813],[-96.728786,46.476769],[-96.729202,46.476915],[-96.729692,46.477285],[-96.729874,46.477659],[-96.729877,46.478051],[-96.730305,46.478586],[-96.73057,46.478756],[-96.730871,46.478803],[-96.73126,46.478712],[-96.731704,46.478411],[-96.731903,46.478163],[-96.732162,46.478147],[-96.732494,46.47824],[-96.732781,46.478534],[-96.732786,46.479652],[-96.732848,46.479863],[-96.733138,46.480204],[-96.733554,46.480472],[-96.733928,46.480592],[-96.734701,46.480627],[-96.735278,46.48048],[-96.735604,46.480249],[-96.735707,46.480046],[-96.735699,46.479579],[-96.735317,46.478724],[-96.735258,46.47826],[-96.735485,46.477788],[-96.736001,46.477497],[-96.736457,46.47743],[-96.737072,46.477472],[-96.738092,46.477812],[-96.738609,46.478164],[-96.738875,46.478706],[-96.7389,46.479133],[-96.738602,46.4797],[-96.737322,46.481046],[-96.736823,46.481412],[-96.736186,46.481716],[-96.734514,46.481946],[-96.733133,46.482243],[-96.732624,46.482595],[-96.732463,46.482936],[-96.732556,46.483358],[-96.733053,46.483858],[-96.735406,46.484889],[-96.736739,46.485167],[-96.738074,46.485287],[-96.738639,46.48548],[-96.739128,46.485801],[-96.739429,46.486092],[-96.739576,46.486322],[-96.739679,46.486747],[-96.739615,46.487103],[-96.739289,46.487511],[-96.738461,46.488105],[-96.738153,46.488236],[-96.737655,46.488332],[-96.736931,46.488318],[-96.735514,46.488104],[-96.734894,46.488081],[-96.734464,46.488265],[-96.73415,46.488591],[-96.734136,46.488948],[-96.734267,46.489102],[-96.735087,46.489844],[-96.736703,46.491063],[-96.736914,46.491311],[-96.736976,46.491561],[-96.736933,46.491811],[-96.736809,46.491968],[-96.736328,46.492235],[-96.73598,46.492303],[-96.733715,46.492397],[-96.733481,46.492472],[-96.733205,46.492686],[-96.733203,46.492969],[-96.733612,46.493548],[-96.734725,46.494491],[-96.734927,46.49478],[-96.734948,46.49496],[-96.734895,46.495282],[-96.734701,46.495574],[-96.733755,46.496181],[-96.733471,46.496524],[-96.733393,46.496695],[-96.733393,46.496983],[-96.733535,46.497214],[-96.733923,46.497502],[-96.734704,46.497768],[-96.737794,46.497664],[-96.738186,46.497752],[-96.738577,46.498039],[-96.738645,46.498257],[-96.738614,46.498595],[-96.738364,46.499074],[-96.73803,46.499383],[-96.737665,46.499569],[-96.737376,46.499859],[-96.736656,46.500267],[-96.736466,46.500519],[-96.736459,46.500837],[-96.737006,46.501212],[-96.737496,46.501327],[-96.738271,46.501349],[-96.739036,46.501256],[-96.739951,46.501014],[-96.740705,46.500528],[-96.740879,46.500266],[-96.741181,46.499486],[-96.741519,46.49922],[-96.741928,46.499243],[-96.742276,46.499458],[-96.74241,46.499689],[-96.742415,46.499976],[-96.742141,46.500477],[-96.740148,46.501499],[-96.738571,46.50279],[-96.736692,46.504599],[-96.735959,46.505096],[-96.735228,46.505261],[-96.73487,46.505229],[-96.734612,46.505109],[-96.73447,46.505005],[-96.734346,46.504769],[-96.734364,46.503548],[-96.734211,46.503408],[-96.733982,46.503333],[-96.733674,46.503348],[-96.733482,46.503467],[-96.733264,46.504057],[-96.733305,46.504632],[-96.733991,46.506436],[-96.734379,46.506983],[-96.734843,46.507322],[-96.735233,46.507498],[-96.737615,46.508198],[-96.738356,46.508588],[-96.73884,46.50905],[-96.739605,46.51011],[-96.740374,46.510786],[-96.740445,46.511104],[-96.740352,46.511346],[-96.74,46.51153],[-96.739075,46.511556],[-96.736789,46.510763],[-96.736133,46.510659],[-96.735259,46.510723],[-96.734861,46.510891],[-96.734434,46.511251],[-96.734213,46.51173],[-96.734216,46.512125],[-96.734362,46.512393],[-96.734601,46.512582],[-96.736505,46.513432],[-96.737237,46.513993],[-96.737602,46.514427],[-96.737926,46.515087],[-96.738014,46.515659],[-96.737886,46.51619],[-96.737451,46.516956],[-96.737444,46.517492],[-96.73776,46.517861],[-96.739145,46.518975],[-96.739981,46.520047],[-96.740465,46.520312],[-96.74082,46.520294],[-96.741404,46.519945],[-96.741785,46.519516],[-96.742072,46.519309],[-96.742593,46.519157],[-96.743057,46.51914],[-96.743512,46.51921],[-96.744027,46.519391],[-96.744614,46.519687],[-96.745217,46.520175],[-96.74517,46.520453],[-96.744937,46.520595],[-96.744593,46.52067],[-96.742598,46.520473],[-96.742188,46.5205],[-96.741695,46.520693],[-96.740445,46.521556],[-96.739846,46.521766],[-96.738872,46.521852],[-96.737894,46.521791],[-96.737601,46.521861],[-96.737254,46.522123],[-96.737083,46.522422],[-96.736741,46.52413],[-96.736783,46.524452],[-96.737173,46.525074],[-96.737761,46.525361],[-96.73852,46.525471],[-96.73991,46.52545],[-96.741434,46.524928],[-96.742444,46.524778],[-96.744768,46.524711],[-96.745136,46.524819],[-96.745335,46.524982],[-96.745481,46.525326],[-96.745281,46.525573],[-96.744085,46.526062],[-96.743605,46.526335],[-96.743401,46.526544],[-96.742885,46.527599],[-96.742059,46.528716],[-96.74205,46.529291],[-96.742374,46.531038],[-96.742985,46.533154],[-96.743244,46.533623],[-96.743662,46.533941],[-96.743975,46.534069],[-96.744821,46.534274],[-96.745787,46.534399],[-96.746102,46.534635],[-96.746165,46.534881],[-96.74613,46.535022],[-96.745895,46.535213],[-96.745441,46.535381],[-96.744626,46.535484],[-96.743227,46.535488],[-96.741944,46.535373],[-96.738616,46.534594],[-96.738011,46.534602],[-96.737835,46.534777],[-96.737823,46.535135],[-96.737993,46.535547],[-96.738213,46.535789],[-96.738799,46.53614],[-96.739698,46.536493],[-96.741767,46.537054],[-96.74248,46.537621],[-96.742655,46.538104],[-96.742587,46.538314],[-96.742427,46.538455],[-96.742126,46.538652],[-96.741621,46.538832],[-96.74086,46.538937],[-96.738687,46.538925],[-96.738329,46.539053],[-96.73826,46.539294],[-96.738473,46.539491],[-96.739016,46.539692],[-96.739622,46.539776],[-96.741793,46.539855],[-96.742523,46.540024],[-96.743349,46.540319],[-96.743858,46.540368],[-96.744103,46.540316],[-96.744527,46.540053],[-96.745773,46.53905],[-96.746339,46.538873],[-96.746802,46.538859],[-96.748059,46.539272],[-96.749146,46.53982],[-96.749917,46.540351],[-96.750116,46.540759],[-96.750063,46.540932],[-96.749579,46.541308],[-96.748647,46.541632],[-96.746117,46.542003],[-96.745136,46.542046],[-96.74411,46.541821],[-96.742103,46.54075],[-96.741609,46.54065],[-96.741196,46.540671],[-96.740826,46.540799],[-96.740422,46.541077],[-96.739011,46.542341],[-96.738729,46.542762],[-96.738715,46.543228],[-96.738969,46.543578],[-96.739706,46.543873],[-96.741797,46.543916],[-96.742794,46.543734],[-96.744346,46.543162],[-96.744995,46.543038],[-96.745564,46.543026],[-96.746324,46.543139],[-96.74862,46.543694],[-96.749723,46.543768],[-96.750544,46.544131],[-96.750576,46.544552],[-96.750416,46.544809],[-96.748021,46.54564],[-96.747575,46.545989],[-96.746898,46.546919],[-96.746172,46.547576],[-96.745536,46.547998],[-96.74495,46.548225],[-96.744491,46.54826],[-96.744197,46.548191],[-96.743591,46.547804],[-96.743207,46.547378],[-96.742441,46.545848],[-96.742262,46.545629],[-96.741866,46.545347],[-96.741242,46.545318],[-96.740974,46.545424],[-96.740701,46.545641],[-96.740497,46.546195],[-96.740569,46.546838],[-96.740777,46.547357],[-96.741062,46.54778],[-96.74226,46.548627],[-96.743412,46.549646],[-96.744407,46.550278],[-96.745214,46.550598],[-96.745824,46.55065],[-96.746267,46.550557],[-96.746928,46.550215],[-96.747827,46.549622],[-96.748262,46.549428],[-96.748871,46.549375],[-96.749212,46.549585],[-96.749208,46.550087],[-96.748991,46.550404],[-96.748263,46.551104],[-96.747896,46.551579],[-96.747209,46.553165],[-96.745944,46.555212],[-96.74583,46.555723],[-96.746043,46.556084],[-96.746668,46.55632],[-96.747287,46.55631],[-96.751448,46.555568],[-96.751907,46.555541],[-96.752962,46.555717],[-96.753316,46.555858],[-96.754215,46.556449],[-96.754397,46.556818],[-96.754352,46.557101],[-96.754144,46.557501],[-96.753592,46.557865],[-96.751251,46.558305],[-96.747598,46.558414],[-96.747028,46.558579],[-96.746785,46.558849],[-96.746741,46.559133],[-96.746951,46.559536],[-96.748077,46.560327],[-96.749256,46.560781],[-96.75162,46.561329],[-96.752344,46.56167],[-96.752465,46.561786],[-96.752481,46.562171],[-96.751968,46.56261],[-96.751481,46.562809],[-96.750921,46.562857],[-96.748394,46.562345],[-96.747722,46.562307],[-96.747072,46.562418],[-96.746571,46.56273],[-96.746368,46.56302],[-96.746105,46.564917],[-96.745891,46.565157],[-96.745561,46.565258],[-96.745202,46.565248],[-96.744773,46.565049],[-96.742578,46.563471],[-96.7423,46.56341],[-96.741977,46.563477],[-96.741762,46.563678],[-96.74175,46.563997],[-96.742039,46.564375],[-96.74284,46.564988],[-96.743179,46.565349],[-96.743298,46.565735],[-96.743273,46.566668],[-96.74345,46.566928],[-96.74367,46.567079],[-96.744234,46.567246],[-96.745829,46.56712],[-96.746762,46.567122],[-96.747155,46.567206],[-96.747447,46.567452],[-96.747386,46.567915],[-96.747112,46.568262],[-96.745607,46.56925],[-96.745172,46.569607],[-96.745009,46.569833],[-96.744954,46.570009],[-96.745002,46.57033],[-96.745197,46.570664],[-96.74539,46.570833],[-96.745826,46.571088],[-96.746926,46.571397],[-96.748422,46.571489],[-96.748938,46.571451],[-96.751406,46.570809],[-96.752071,46.570776],[-96.752462,46.571005],[-96.752759,46.571384],[-96.752897,46.571838],[-96.752669,46.572606],[-96.752278,46.573066],[-96.75161,46.573394],[-96.750741,46.573612],[-96.750129,46.573673],[-96.748996,46.573583],[-96.747941,46.573403],[-96.747372,46.573392],[-96.747014,46.573434],[-96.746606,46.573653],[-96.746221,46.574035],[-96.746119,46.574422],[-96.746252,46.57499],[-96.746615,46.575546],[-96.747096,46.575875],[-96.747425,46.576008],[-96.748179,46.576142],[-96.750858,46.576332],[-96.752412,46.576328],[-96.753065,46.576216],[-96.753722,46.576005],[-96.754136,46.575733],[-96.754577,46.575291],[-96.755128,46.574521],[-96.755479,46.574312],[-96.75584,46.574313],[-96.756296,46.57465],[-96.75651,46.575055],[-96.756547,46.575449],[-96.75644,46.576237],[-96.756494,46.576631],[-96.756641,46.576899],[-96.75742,46.577617],[-96.7575,46.57783],[-96.757458,46.578005],[-96.757179,46.578158],[-96.755592,46.578008],[-96.754511,46.57807],[-96.753847,46.578265],[-96.753243,46.578661],[-96.752863,46.579086],[-96.752711,46.579392],[-96.752581,46.579961],[-96.752447,46.581652],[-96.752307,46.581921],[-96.752103,46.582084],[-96.751559,46.582163],[-96.750817,46.582006],[-96.749825,46.581431],[-96.748803,46.580665],[-96.748406,46.580592],[-96.747787,46.580639],[-96.747237,46.580959],[-96.747148,46.581201],[-96.747153,46.581525],[-96.747266,46.582022],[-96.747759,46.582813],[-96.748531,46.583394],[-96.749132,46.583674],[-96.749834,46.583799],[-96.750404,46.583808],[-96.752523,46.583519],[-96.753086,46.583267],[-96.75446,46.582291],[-96.754865,46.582135],[-96.755327,46.582105],[-96.756897,46.582332],[-96.757667,46.582327],[-96.758332,46.582062],[-96.759147,46.58162],[-96.759918,46.581421],[-96.760518,46.581508],[-96.760901,46.581843],[-96.761049,46.582151],[-96.761159,46.582649],[-96.761087,46.583041],[-96.760862,46.58329],[-96.760383,46.583541],[-96.759145,46.583798],[-96.758219,46.583867],[-96.755891,46.583796],[-96.754859,46.583867],[-96.753229,46.584326],[-96.751325,46.584674],[-96.751051,46.584836],[-96.750787,46.585185],[-96.750758,46.585722],[-96.750889,46.586108],[-96.751617,46.58706],[-96.752137,46.588025],[-96.75254,46.588293],[-96.753035,46.588393],[-96.753584,46.588302],[-96.754584,46.587851],[-96.756143,46.587019],[-96.756769,46.586862],[-96.757493,46.586882],[-96.758959,46.587235],[-96.760597,46.587994],[-96.761735,46.588618],[-96.762356,46.589052],[-96.762608,46.589324],[-96.763002,46.590455],[-96.763069,46.590992],[-96.762886,46.591473],[-96.762214,46.591967],[-96.76174,46.592107],[-96.760964,46.592103],[-96.759339,46.591556],[-96.758333,46.591397],[-96.757617,46.591479],[-96.757292,46.591591],[-96.756603,46.591964],[-96.756191,46.592288],[-96.755666,46.59299],[-96.75552,46.593335],[-96.755356,46.594372],[-96.75544,46.594907],[-96.755615,46.595127],[-96.755984,46.595379],[-96.756479,46.595507],[-96.757254,46.595524],[-96.761351,46.594166],[-96.762316,46.594047],[-96.763027,46.594123],[-96.763863,46.594599],[-96.764212,46.594996],[-96.764684,46.595909],[-96.764948,46.596933],[-96.76514,46.597381],[-96.765471,46.598024],[-96.765732,46.598348],[-96.766304,46.59876],[-96.767054,46.598887],[-96.767616,46.598833],[-96.76818,46.598655],[-96.768808,46.598338],[-96.769487,46.597845],[-96.76981,46.597164],[-96.769844,46.595943],[-96.770118,46.595564],[-96.770455,46.595486],[-96.770756,46.595532],[-96.771207,46.595826],[-96.771579,46.596213],[-96.771849,46.596938],[-96.771914,46.599007],[-96.772506,46.600325],[-96.772529,46.600718],[-96.772436,46.600923],[-96.772131,46.601166],[-96.770461,46.601806],[-96.770132,46.602166],[-96.770104,46.60238],[-96.770171,46.602513],[-96.770569,46.602741],[-96.77199,46.603251],[-96.772251,46.603471],[-96.772236,46.60383],[-96.772113,46.603987],[-96.771732,46.604228],[-96.769926,46.604665],[-96.768896,46.605068],[-96.768509,46.605362],[-96.768349,46.605587],[-96.768205,46.605932],[-96.768246,46.606324],[-96.768422,46.606543],[-96.768724,46.606682],[-96.769747,46.606736],[-96.772466,46.60632],[-96.775519,46.605443],[-96.776445,46.605427],[-96.777226,46.605712],[-96.778304,46.606437],[-96.778728,46.606966],[-96.778832,46.60746],[-96.778716,46.607694],[-96.778311,46.607961],[-96.777525,46.608123],[-96.775788,46.608258],[-96.774696,46.608474],[-96.773209,46.608882],[-96.772896,46.609006],[-96.772511,46.609293],[-96.77242,46.609606],[-96.772435,46.609785],[-96.772521,46.609875],[-96.773796,46.61048],[-96.774278,46.610805],[-96.77447,46.611018],[-96.774661,46.611651],[-96.774623,46.612028],[-96.774008,46.613661],[-96.773675,46.614022],[-96.773362,46.614206],[-96.773118,46.614262],[-96.771566,46.614217],[-96.771123,46.614305],[-96.770868,46.614481],[-96.770735,46.614674],[-96.770731,46.614996],[-96.770843,46.61527],[-96.771192,46.615668],[-96.771964,46.616142],[-96.772805,46.616414],[-96.773525,46.616393],[-96.774069,46.616196],[-96.77458,46.615842],[-96.775464,46.614962],[-96.776359,46.614216],[-96.777021,46.613944],[-96.777883,46.613822],[-96.778595,46.613901],[-96.779659,46.614265],[-96.780508,46.614732],[-96.781238,46.615382],[-96.78152,46.616285],[-96.781533,46.616549],[-96.78129,46.616971],[-96.780831,46.617247],[-96.780281,46.617335],[-96.779359,46.61733],[-96.777162,46.616926],[-96.776243,46.616852],[-96.775564,46.617104],[-96.774998,46.617523],[-96.774835,46.617787],[-96.774796,46.618074],[-96.774825,46.618577],[-96.77503,46.619555],[-96.775115,46.620739],[-96.775281,46.621076],[-96.775532,46.621201],[-96.775993,46.621241],[-96.776239,46.621191],[-96.776744,46.620938],[-96.778022,46.620042],[-96.778616,46.619736],[-96.779258,46.619505],[-96.779878,46.619485],[-96.780676,46.619637],[-96.78115,46.619914],[-96.781598,46.620354],[-96.782283,46.621551],[-96.782862,46.621957],[-96.783305,46.622142],[-96.783561,46.622153],[-96.784062,46.621973],[-96.784636,46.621516],[-96.784822,46.620996],[-96.784856,46.619581],[-96.785016,46.619169],[-96.785177,46.619031],[-96.785674,46.618864],[-96.78647,46.618885],[-96.787022,46.619205],[-96.787259,46.619439],[-96.787537,46.620053],[-96.787406,46.620944],[-96.786848,46.621827],[-96.786298,46.622421],[-96.785378,46.622995],[-96.784852,46.623215],[-96.783484,46.623518],[-96.782139,46.624106],[-96.781296,46.624377],[-96.780493,46.624492],[-96.779048,46.624431],[-96.778179,46.624504],[-96.77798,46.624616],[-96.77788,46.624817],[-96.778009,46.625198],[-96.778332,46.625428],[-96.779126,46.625685],[-96.780312,46.625774],[-96.780829,46.625775],[-96.7821,46.625611],[-96.784517,46.624929],[-96.786594,46.624003],[-96.787403,46.623887],[-96.788632,46.623983],[-96.790136,46.624357],[-96.790905,46.624647],[-96.791306,46.624971],[-96.791312,46.625219],[-96.791225,46.625386],[-96.790541,46.625757],[-96.787468,46.626386],[-96.78628,46.626915],[-96.78563,46.627509],[-96.785329,46.628043],[-96.785234,46.628613],[-96.785241,46.629866],[-96.785117,46.630138],[-96.784723,46.630416],[-96.784337,46.630526],[-96.78292,46.630644],[-96.782442,46.630774],[-96.782097,46.631073],[-96.78209,46.631284],[-96.782179,46.631412],[-96.782569,46.631642],[-96.783,46.631717],[-96.784165,46.631558],[-96.784595,46.631432],[-96.78523,46.631127],[-96.787102,46.629855],[-96.788204,46.629322],[-96.788855,46.629212],[-96.789829,46.629297],[-96.790894,46.629636],[-96.791944,46.630155],[-96.793869,46.630771],[-96.79497,46.631526],[-96.795425,46.631562],[-96.795794,46.631435],[-96.796041,46.631209],[-96.795979,46.630531],[-96.795681,46.629509],[-96.795746,46.629153],[-96.795989,46.628878],[-96.796573,46.628665],[-96.797282,46.628717],[-96.798041,46.629195],[-96.798175,46.629466],[-96.79821,46.630041],[-96.798128,46.630326],[-96.798039,46.630327],[-96.797103,46.631866],[-96.796405,46.632819],[-96.79604,46.63318],[-96.792964,46.634258],[-96.792301,46.634823],[-96.792234,46.635005],[-96.791935,46.635367],[-96.791935,46.635481],[-96.791568,46.636162],[-96.791367,46.636843],[-96.791298,46.637503],[-96.791076,46.638346],[-96.790782,46.638669],[-96.787294,46.639823],[-96.786075,46.640133],[-96.785878,46.640249],[-96.785815,46.640523],[-96.785982,46.640772],[-96.786615,46.641129],[-96.789461,46.641642],[-96.790191,46.641908],[-96.790491,46.642132],[-96.790826,46.64256],[-96.790864,46.642992],[-96.791245,46.644292],[-96.791471,46.644683],[-96.792354,46.645355],[-96.793733,46.646078],[-96.794158,46.646447],[-96.794122,46.646652],[-96.793854,46.646899],[-96.792825,46.64725],[-96.791134,46.647616],[-96.790869,46.647794],[-96.790531,46.648313],[-96.790558,46.648815],[-96.790653,46.649066],[-96.792224,46.650247],[-96.794186,46.651866],[-96.79507,46.652492],[-96.796153,46.653143],[-96.796679,46.653377],[-96.798131,46.653532],[-96.798657,46.65379],[-96.79895,46.654112],[-96.798936,46.655204],[-96.798798,46.655613],[-96.79882,46.656477],[-96.799045,46.65705],[-96.799037,46.657596],[-96.798667,46.658092],[-96.797504,46.658532],[-96.79717,46.658756],[-96.797035,46.659004],[-96.796917,46.659562],[-96.79718,46.659935],[-96.798183,46.660254],[-96.799346,46.660427],[-96.799857,46.660613],[-96.800044,46.660918],[-96.800023,46.661104],[-96.799648,46.661401],[-96.798161,46.661584],[-96.797646,46.661775],[-96.797222,46.662282],[-96.797389,46.662813],[-96.798477,46.664234],[-96.798676,46.664815],[-96.798601,46.665272],[-96.798186,46.665613],[-96.797505,46.665779],[-96.796159,46.665754],[-96.795511,46.665854],[-96.795237,46.666203],[-96.795503,46.666601],[-96.796523,46.667035],[-96.79756,46.667011],[-96.799831,46.666452],[-96.800736,46.666576],[-96.801653,46.666985],[-96.801863,46.667164],[-96.802074,46.667508],[-96.802165,46.667897],[-96.801962,46.668175],[-96.801342,46.668428],[-96.798823,46.669018],[-96.797786,46.668919],[-96.797117,46.668567],[-96.796132,46.66753],[-96.795594,46.667228],[-96.795034,46.667228],[-96.794072,46.667972],[-96.79367,46.668532],[-96.793447,46.669202],[-96.793511,46.669772],[-96.794424,46.670908],[-96.794474,46.671344],[-96.794172,46.671575],[-96.792189,46.67155],[-96.791947,46.671648],[-96.791427,46.672045],[-96.791324,46.67239],[-96.791354,46.672817],[-96.791555,46.673229],[-96.792014,46.673677],[-96.792683,46.674017],[-96.79327,46.674089],[-96.794233,46.673904],[-96.795706,46.673394],[-96.796731,46.673172],[-96.797735,46.673353],[-96.798879,46.674032],[-96.79937,46.674875],[-96.79951,46.675245],[-96.799487,46.676012],[-96.79936,46.676571],[-96.79946,46.677807],[-96.799342,46.678261],[-96.79911,46.678518],[-96.798842,46.678647],[-96.797251,46.678616],[-96.7967,46.678714],[-96.796407,46.678873],[-96.795996,46.679275],[-96.795166,46.679549],[-96.794767,46.679549],[-96.794369,46.679458],[-96.793904,46.679138],[-96.793672,46.678864],[-96.793374,46.677538],[-96.793142,46.677173],[-96.792577,46.676738],[-96.792145,46.676555],[-96.788825,46.676555],[-96.788095,46.676737],[-96.787597,46.676989],[-96.78753,46.677103],[-96.78743,46.677446],[-96.787497,46.677811],[-96.787696,46.678223],[-96.788326,46.678634],[-96.790417,46.679754],[-96.792609,46.680783],[-96.793173,46.680943],[-96.793903,46.681423],[-96.794468,46.682109],[-96.794567,46.682337],[-96.7947,46.682428],[-96.794833,46.682817],[-96.794799,46.683297],[-96.794401,46.683502],[-96.793967,46.683569],[-96.793499,46.683566],[-96.792031,46.683303],[-96.791298,46.68309],[-96.789703,46.681885],[-96.789236,46.681697],[-96.788434,46.681691],[-96.788133,46.681828],[-96.787729,46.682307],[-96.787557,46.682973],[-96.787617,46.683916],[-96.787846,46.684561],[-96.787842,46.684974],[-96.787607,46.685203],[-96.787073,46.685199],[-96.786173,46.684756],[-96.785707,46.684615],[-96.785073,46.684634],[-96.784503,46.684813],[-96.784066,46.68527],[-96.783928,46.685729],[-96.784123,46.68672],[-96.784338,46.686811],[-96.78447,46.687132],[-96.784703,46.687384],[-96.785369,46.687683],[-96.786201,46.687821],[-96.787866,46.687823],[-96.789296,46.688192],[-96.789795,46.688422],[-96.790626,46.689133],[-96.790625,46.689957],[-96.790325,46.690324],[-96.789625,46.690666],[-96.786829,46.691121],[-96.786295,46.691303],[-96.786095,46.691463],[-96.785995,46.691898],[-96.786294,46.692289],[-96.787292,46.693],[-96.787292,46.693229],[-96.786858,46.693549],[-96.785559,46.693662],[-96.785126,46.693891],[-96.784925,46.694372],[-96.784958,46.695036],[-96.78519,46.695792],[-96.785555,46.696274],[-96.786418,46.69813],[-96.787116,46.698818],[-96.787315,46.699208],[-96.787847,46.69985],[-96.788079,46.70024],[-96.788012,46.700629],[-96.787578,46.700927],[-96.786879,46.700971],[-96.785214,46.700809],[-96.784415,46.700853],[-96.784249,46.701013],[-96.784215,46.701448],[-96.784514,46.70177],[-96.785779,46.702115],[-96.786711,46.702208],[-96.788542,46.702211],[-96.789807,46.702304],[-96.790905,46.702969],[-96.791204,46.703359],[-96.791204,46.703747],[-96.789503,46.704684],[-96.787948,46.705163],[-96.785922,46.705547],[-96.784505,46.705585],[-96.784031,46.705792],[-96.783827,46.705977],[-96.783859,46.706442],[-96.783962,46.706437],[-96.784062,46.706643],[-96.784894,46.707213],[-96.785526,46.707508],[-96.787221,46.707916],[-96.788619,46.708392],[-96.789452,46.709077],[-96.789585,46.709351],[-96.789553,46.709557],[-96.789188,46.709946],[-96.788059,46.710246],[-96.786231,46.710411],[-96.784967,46.710711],[-96.783971,46.711125],[-96.783574,46.711423],[-96.78354,46.711768],[-96.784001,46.712202],[-96.785026,46.712572],[-96.786877,46.713084],[-96.787503,46.713589],[-96.787468,46.713998],[-96.786471,46.714791],[-96.784411,46.715918],[-96.782553,46.716317],[-96.782121,46.716499],[-96.78212,46.716888],[-96.782252,46.717117],[-96.782817,46.717508],[-96.783781,46.717807],[-96.785212,46.717946],[-96.786741,46.717996],[-96.787772,46.718158],[-96.788404,46.717999],[-96.789137,46.717542],[-96.789537,46.717429],[-96.790169,46.717453],[-96.7908,46.717614],[-96.791232,46.718004],[-96.791197,46.718874],[-96.790931,46.719284],[-96.790267,46.71965],[-96.786348,46.719902],[-96.784754,46.720496],[-96.784023,46.720861],[-96.782894,46.721226],[-96.7811,46.722048],[-96.779904,46.722917],[-96.779775,46.723303],[-96.77981,46.723688],[-96.780507,46.724296],[-96.781795,46.724718],[-96.781995,46.724921],[-96.78203,46.725193],[-96.7818,46.725308],[-96.780647,46.72552],[-96.779988,46.725752],[-96.779497,46.72614],[-96.779136,46.726642],[-96.779146,46.728117],[-96.779246,46.728298],[-96.779321,46.729567],[-96.779616,46.729951],[-96.779971,46.730136],[-96.780494,46.730032],[-96.780724,46.729856],[-96.780956,46.729523],[-96.78096,46.729344],[-96.78142,46.729038],[-96.781976,46.728844],[-96.78253,46.728874],[-96.783016,46.728994],[-96.783338,46.729245],[-96.784075,46.730061],[-96.784232,46.730444],[-96.784223,46.731142],[-96.784551,46.731878],[-96.784546,46.732705],[-96.784212,46.733001],[-96.78184,46.733125],[-96.781105,46.733349],[-96.780903,46.733532],[-96.780768,46.733807],[-96.780765,46.734289],[-96.780897,46.734565],[-96.78176,46.735258],[-96.782593,46.735609],[-96.783091,46.735955],[-96.783156,46.736138],[-96.783122,46.73646],[-96.782821,46.736733],[-96.782284,46.736983],[-96.781513,46.737207],[-96.781145,46.73755],[-96.780943,46.737938],[-96.780939,46.738421],[-96.781105,46.738696],[-96.782864,46.740291],[-96.782829,46.740588],[-96.782661,46.740772],[-96.782193,46.740928],[-96.781088,46.740968],[-96.780522,46.741195],[-96.780352,46.741423],[-96.780451,46.741769],[-96.780782,46.742159],[-96.781215,46.742392],[-96.782282,46.742604],[-96.786321,46.74256],[-96.786889,46.742725],[-96.787287,46.742979],[-96.787353,46.74314],[-96.787215,46.743782],[-96.786845,46.744216],[-96.786475,46.744513],[-96.785842,46.744646],[-96.785206,46.744618],[-96.782105,46.743935],[-96.781138,46.744021],[-96.780737,46.744178],[-96.780433,46.74459],[-96.780298,46.745004],[-96.780363,46.745464],[-96.780499,46.745737],[-96.780834,46.745963],[-96.784312,46.746505],[-96.785518,46.746906],[-96.787128,46.747694],[-96.787668,46.748239],[-96.787639,46.748813],[-96.787474,46.748976],[-96.786674,46.749167],[-96.784465,46.748684],[-96.78333,46.748717],[-96.782997,46.748835],[-96.782599,46.74916],[-96.782537,46.749548],[-96.782783,46.750409],[-96.783289,46.750909],[-96.783792,46.751179],[-96.784663,46.751424],[-96.786268,46.751615],[-96.787304,46.751697],[-96.788838,46.751567],[-96.789377,46.751999],[-96.789314,46.752366],[-96.789181,46.752529],[-96.788983,46.752668],[-96.788383,46.752858],[-96.786579,46.752783],[-96.785107,46.752407],[-96.784171,46.752439],[-96.783139,46.752769],[-96.782708,46.75305],[-96.78275,46.753945],[-96.782852,46.754242],[-96.782988,46.754516],[-96.783492,46.754832],[-96.784329,46.754985],[-96.784796,46.754912],[-96.785965,46.754924],[-96.787235,46.755095],[-96.78871,46.755655],[-96.789282,46.756063],[-96.789789,46.756609],[-96.789789,46.756701],[-96.789755,46.757021],[-96.789389,46.757501],[-96.788359,46.757866],[-96.78766,46.757934],[-96.787129,46.757774],[-96.785932,46.756951],[-96.784769,46.756403],[-96.783505,46.756471],[-96.783106,46.756585],[-96.78294,46.756745],[-96.782906,46.757819],[-96.783238,46.758687],[-96.783371,46.758733],[-96.783338,46.758802],[-96.783604,46.759076],[-96.78387,46.75919],[-96.7848,46.759373],[-96.785831,46.759488],[-96.786529,46.759739],[-96.787294,46.760356],[-96.787293,46.761042],[-96.786395,46.761864],[-96.785763,46.762024],[-96.784766,46.762115],[-96.784001,46.762001],[-96.783469,46.761772],[-96.782206,46.760995],[-96.781076,46.7604],[-96.780345,46.760195],[-96.779081,46.760194],[-96.778217,46.760422],[-96.777984,46.760582],[-96.777851,46.760925],[-96.77785,46.761588],[-96.778249,46.762433],[-96.778913,46.762845],[-96.779645,46.763051],[-96.78297,46.762892],[-96.785397,46.763258],[-96.786494,46.763601],[-96.787857,46.76415],[-96.78912,46.764858],[-96.789519,46.765361],[-96.789519,46.766024],[-96.789352,46.766252],[-96.788853,46.766458],[-96.788388,46.766503],[-96.787856,46.766503],[-96.785689,46.76623],[-96.780992,46.765312],[-96.778797,46.764533],[-96.778396,46.764506],[-96.778238,46.764531],[-96.778179,46.764644],[-96.776817,46.764969],[-96.776418,46.76522],[-96.775686,46.766043],[-96.775453,46.766751],[-96.775485,46.767185],[-96.775751,46.767528],[-96.776183,46.767802],[-96.778976,46.76842],[-96.780639,46.768535],[-96.786059,46.76913],[-96.787056,46.769473],[-96.78802,46.769976],[-96.789217,46.77121],[-96.78935,46.771553],[-96.789549,46.771759],[-96.790048,46.773404],[-96.790079,46.774569],[-96.789813,46.774797],[-96.789514,46.774911],[-96.788882,46.775002],[-96.786522,46.774132],[-96.785923,46.773993],[-96.784992,46.774085],[-96.784294,46.774312],[-96.783728,46.774746],[-96.783628,46.774952],[-96.783542,46.774963],[-96.783172,46.775957],[-96.783095,46.776396],[-96.783161,46.777219],[-96.783394,46.777653],[-96.783394,46.77779],[-96.783793,46.778247],[-96.784192,46.778407],[-96.785886,46.778547],[-96.787209,46.778356],[-96.788145,46.77803],[-96.791379,46.776168],[-96.792155,46.77593],[-96.794444,46.775834],[-96.795056,46.775947],[-96.795924,46.776285],[-96.796501,46.776665],[-96.796756,46.776999],[-96.796722,46.777464],[-96.796365,46.77786],[-96.795684,46.778387],[-96.793322,46.779923],[-96.791861,46.781485],[-96.790675,46.782501],[-96.788214,46.783686],[-96.78728,46.784759],[-96.78714,46.785146],[-96.787136,46.785651],[-96.787568,46.786177],[-96.788002,46.786497],[-96.7899,46.787023],[-96.790233,46.787297],[-96.790234,46.788029],[-96.789356,46.788977],[-96.789301,46.789379],[-96.789568,46.789562],[-96.790067,46.789562],[-96.790467,46.789472],[-96.791345,46.788842],[-96.792636,46.788432],[-96.793477,46.788383],[-96.79433,46.788555],[-96.795096,46.788806],[-96.796195,46.789881],[-96.796992,46.791572],[-96.796959,46.79244],[-96.796693,46.792783],[-96.795029,46.793583],[-96.794663,46.793811],[-96.794397,46.794108],[-96.794263,46.794634],[-96.794396,46.795091],[-96.794629,46.795479],[-96.794928,46.795776],[-96.795627,46.796233],[-96.796558,46.796553],[-96.797024,46.796622],[-96.799613,46.796257],[-96.80135,46.796313],[-96.80207,46.796722],[-96.802196,46.797334],[-96.801904,46.797743],[-96.801243,46.798093],[-96.798229,46.798725],[-96.796596,46.79922],[-96.795915,46.799755],[-96.795575,46.800504],[-96.795585,46.801194],[-96.796352,46.803135],[-96.796616,46.803378],[-96.796941,46.803936],[-96.79751,46.804335],[-96.798287,46.804651],[-96.799221,46.804757],[-96.801681,46.804121],[-96.802633,46.804232],[-96.803163,46.804476],[-96.803192,46.805039],[-96.80292,46.805589],[-96.801918,46.805898],[-96.79821,46.806128],[-96.796897,46.806352],[-96.796027,46.806828],[-96.795803,46.807174],[-96.79573,46.807733],[-96.795964,46.808228],[-96.796581,46.808705],[-96.797578,46.809259],[-96.798584,46.809531],[-96.800106,46.809687],[-96.801224,46.810042],[-96.802065,46.810562],[-96.802604,46.811194],[-96.80275,46.81169],[-96.802609,46.812108],[-96.802138,46.812526],[-96.800474,46.813642],[-96.799773,46.814307],[-96.799468,46.815506],[-96.799562,46.81662],[-96.800105,46.818247],[-96.80017,46.81881],[-96.80016,46.819664],[-96.799751,46.820606],[-96.799112,46.821432],[-96.798327,46.821967],[-96.797444,46.822398],[-96.79428,46.822367],[-96.793252,46.822507],[-96.792395,46.823037],[-96.792083,46.823816],[-96.793096,46.826014],[-96.792847,46.826824],[-96.792395,46.827292],[-96.791581,46.827733],[-96.790657,46.827705],[-96.789846,46.827533],[-96.788085,46.82691],[-96.783503,46.826224],[-96.782817,46.825788],[-96.782237,46.82521],[-96.781679,46.82479],[-96.78104,46.824697],[-96.780398,46.824938],[-96.780136,46.825429],[-96.780647,46.826366],[-96.783077,46.82806],[-96.785269,46.829351],[-96.787579,46.830576],[-96.791881,46.831833],[-96.793086,46.832419],[-96.793959,46.833064],[-96.79379,46.833892],[-96.793187,46.834244],[-96.792651,46.834303],[-96.792052,46.83428],[-96.790787,46.833929],[-96.78839,46.832869],[-96.786862,46.832468],[-96.786117,46.832449],[-96.785095,46.832774],[-96.784455,46.833299],[-96.783834,46.834092],[-96.783357,46.834999],[-96.783004,46.835763],[-96.782887,46.836283],[-96.783212,46.836942],[-96.784102,46.837863],[-96.787103,46.838816],[-96.787865,46.839324],[-96.788087,46.839991],[-96.787849,46.840546],[-96.787532,46.840912],[-96.786801,46.841198],[-96.785785,46.841341],[-96.783736,46.841198],[-96.781894,46.840864],[-96.778321,46.838959],[-96.777067,46.838657],[-96.775918,46.838666],[-96.775015,46.839046],[-96.774648,46.839647],[-96.774848,46.840331],[-96.775716,46.841383],[-96.776284,46.841784],[-96.780108,46.843754],[-96.780909,46.844322],[-96.781544,46.845107],[-96.781827,46.845641],[-96.78151,46.846994],[-96.780006,46.848222],[-96.779484,46.84855],[-96.778634,46.848836],[-96.776515,46.849144],[-96.774303,46.849789],[-96.773586,46.85026],[-96.77332,46.850731],[-96.773247,46.851272],[-96.773534,46.851688],[-96.774144,46.852205],[-96.774953,46.852482],[-96.776591,46.852482],[-96.777237,46.852318],[-96.780503,46.85112],[-96.7825,46.851017],[-96.783544,46.851345],[-96.784097,46.851632],[-96.784579,46.852052],[-96.78506,46.852697],[-96.785469,46.853414],[-96.785592,46.854212],[-96.785326,46.855154],[-96.784374,46.855707],[-96.783742,46.855727],[-96.779776,46.854356],[-96.777667,46.853782],[-96.776489,46.853915],[-96.775998,46.854294],[-96.775854,46.854601],[-96.776079,46.855533],[-96.776919,46.856762],[-96.777646,46.857479],[-96.779515,46.858656],[-96.781066,46.859312],[-96.782418,46.860059],[-96.783452,46.86095],[-96.783959,46.861663],[-96.784079,46.862384],[-96.783972,46.863034],[-96.782958,46.864463],[-96.781318,46.866255],[-96.781194,46.866528],[-96.780689,46.867179],[-96.780457,46.868527],[-96.78181,46.870138],[-96.782022,46.87078],[-96.781718,46.871418],[-96.780919,46.872063],[-96.77931,46.872719],[-96.776258,46.873763],[-96.776096,46.874182],[-96.776071,46.874436],[-96.776572,46.875212],[-96.779373,46.87622],[-96.780168,46.876956],[-96.781362,46.87921],[-96.781331,46.879687],[-96.78086,46.88006],[-96.780338,46.880291],[-96.779657,46.880229],[-96.778925,46.87985],[-96.778188,46.879349],[-96.776572,46.878993],[-96.7762,46.878968],[-96.775473,46.879067],[-96.774001,46.880292],[-96.772886,46.881332],[-96.772176,46.881492],[-96.771665,46.881187],[-96.771314,46.880592],[-96.771284,46.879944],[-96.771976,46.878238],[-96.771795,46.877816],[-96.771299,46.877412],[-96.770651,46.877275],[-96.77001,46.87745],[-96.769499,46.877732],[-96.769202,46.878159],[-96.768429,46.879508],[-96.76729,46.883472],[-96.767363,46.883952],[-96.767779,46.884735],[-96.76825,46.885012],[-96.768669,46.885073],[-96.771499,46.884183],[-96.772391,46.884165],[-96.773054,46.884379],[-96.773558,46.884722],[-96.773863,46.885073],[-96.774114,46.885744],[-96.774419,46.888215],[-96.774633,46.888833],[-96.774656,46.889435],[-96.774485,46.889843],[-96.773862,46.890319],[-96.772057,46.890578],[-96.770022,46.891388],[-96.769558,46.891963],[-96.769444,46.89259],[-96.769745,46.893214],[-96.770425,46.893615],[-96.771523,46.893904],[-96.773727,46.893897],[-96.77571,46.894162],[-96.776404,46.894763],[-96.776633,46.895872],[-96.776381,46.89696],[-96.776034,46.897977],[-96.775502,46.898694],[-96.774673,46.899274],[-96.773738,46.899587],[-96.771271,46.899873],[-96.770658,46.900263],[-96.770277,46.900729],[-96.770485,46.901492],[-96.771337,46.902053],[-96.772704,46.902486],[-96.773398,46.90281],[-96.773826,46.903631],[-96.77378,46.903897],[-96.773557,46.904204],[-96.772924,46.904637],[-96.771733,46.905885],[-96.771225,46.906278],[-96.770751,46.906521],[-96.770288,46.906544],[-96.769571,46.906405],[-96.769063,46.906116],[-96.768566,46.905562],[-96.76786,46.905134],[-96.767063,46.904833],[-96.765895,46.904879],[-96.765086,46.905377],[-96.764658,46.906625],[-96.764457,46.907463],[-96.763374,46.909655],[-96.763331,46.910463],[-96.763562,46.911055],[-96.763923,46.911676],[-96.764082,46.912138],[-96.764082,46.9126],[-96.763634,46.913236],[-96.762537,46.914217],[-96.761613,46.914679],[-96.760097,46.915084],[-96.759793,46.915531],[-96.759822,46.91608],[-96.75971,46.916383],[-96.759378,46.916513],[-96.759014,46.916435],[-96.758205,46.915113],[-96.757729,46.914506],[-96.757223,46.914044],[-96.756501,46.913712],[-96.75575,46.913625],[-96.755014,46.913813],[-96.754538,46.91442],[-96.754494,46.91504],[-96.755134,46.915968],[-96.755773,46.916546],[-96.75683,46.91728],[-96.758064,46.917936],[-96.76009,46.918724],[-96.761269,46.919547],[-96.762482,46.920736],[-96.76299,46.921562],[-96.763181,46.922472],[-96.763192,46.923128],[-96.762922,46.92354],[-96.761974,46.92389],[-96.761233,46.924017],[-96.76026,46.923869],[-96.756937,46.922514],[-96.754249,46.922641],[-96.753444,46.922874],[-96.752936,46.923107],[-96.752654,46.923543],[-96.752797,46.924086],[-96.753257,46.924563],[-96.75463,46.925075],[-96.756662,46.925499],[-96.758842,46.92571],[-96.761741,46.925753],[-96.763731,46.926197],[-96.764853,46.926938],[-96.765382,46.927615],[-96.765361,46.928356],[-96.764694,46.928925],[-96.763764,46.92927],[-96.763035,46.929387],[-96.762355,46.929245],[-96.759604,46.927764],[-96.758884,46.927467],[-96.75808,46.927425],[-96.757423,46.927658],[-96.756725,46.927996],[-96.756323,46.928589],[-96.756238,46.929033],[-96.756402,46.929547],[-96.756858,46.930213],[-96.757457,46.930763],[-96.759514,46.931443],[-96.76029,46.931582],[-96.761089,46.931899],[-96.761393,46.932204],[-96.761576,46.93302],[-96.761527,46.933764],[-96.761693,46.934558],[-96.762192,46.934897],[-96.762861,46.934877],[-96.763335,46.934677],[-96.764472,46.933754],[-96.76516,46.93352],[-96.767586,46.932984],[-96.768561,46.932557],[-96.770249,46.931667],[-96.77134,46.931411],[-96.77251,46.931314],[-96.773556,46.931064],[-96.774387,46.930826],[-96.774893,46.930546],[-96.775295,46.930083],[-96.775454,46.929619],[-96.775344,46.929205],[-96.775027,46.928705],[-96.774893,46.928291],[-96.774893,46.927827],[-96.775381,46.926999],[-96.776681,46.925721],[-96.777196,46.925639],[-96.777852,46.925694],[-96.77828,46.92604],[-96.778408,46.926505],[-96.778326,46.927717],[-96.778845,46.928136],[-96.779711,46.928327],[-96.780367,46.928013],[-96.780986,46.927571],[-96.782152,46.925831],[-96.783127,46.924719],[-96.783765,46.924382],[-96.784539,46.9243],[-96.785177,46.9244],[-96.785496,46.924719],[-96.785596,46.925266],[-96.785314,46.926751],[-96.784803,46.928464],[-96.784858,46.929183],[-96.785735,46.929917],[-96.786805,46.930164],[-96.787377,46.930103],[-96.787726,46.929829],[-96.78849,46.928945],[-96.788896,46.92785],[-96.789145,46.927489],[-96.789917,46.927215],[-96.791074,46.927315],[-96.791503,46.927689],[-96.791799,46.928265],[-96.791812,46.928751],[-96.790931,46.930618],[-96.790905,46.931775],[-96.791333,46.933853],[-96.791419,46.934677],[-96.791321,46.935321],[-96.79088,46.935919],[-96.790269,46.936393],[-96.790013,46.936741],[-96.789888,46.93705],[-96.78995,46.937685],[-96.790184,46.938082],[-96.790447,46.938404],[-96.791873,46.939528],[-96.792158,46.940564],[-96.791928,46.942063],[-96.791372,46.943593],[-96.791569,46.944948],[-96.792134,46.945933],[-96.792962,46.946604],[-96.794067,46.946933],[-96.795039,46.946841],[-96.795697,46.946433],[-96.796052,46.945763],[-96.796341,46.945013],[-96.796985,46.944514],[-96.797974,46.944186],[-96.798805,46.944206],[-96.799449,46.944269],[-96.800448,46.944676],[-96.801461,46.945312],[-96.802889,46.94589],[-96.803977,46.946533],[-96.80414,46.946911],[-96.80408,46.947436],[-96.803888,46.947813],[-96.803472,46.948076],[-96.802719,46.948411],[-96.8004,46.948691],[-96.799516,46.949334],[-96.799178,46.950063],[-96.798965,46.951148],[-96.799024,46.952226],[-96.799249,46.953769],[-96.799606,46.954316],[-96.80159,46.955596],[-96.80215,46.955772],[-96.802534,46.95598],[-96.803302,46.956652],[-96.803622,46.957068],[-96.80375,46.958172],[-96.803494,46.958428],[-96.801702,46.95878],[-96.79991,46.959228],[-96.799206,46.959724],[-96.79879,46.9603],[-96.798053,46.962204],[-96.797285,46.96302],[-96.795693,46.96426],[-96.795201,46.964987],[-96.794993,46.965433],[-96.795045,46.965838],[-96.795391,46.96614],[-96.79708,46.966841],[-96.798272,46.967478],[-96.7984,46.967398],[-96.799615,46.968075],[-96.800683,46.968323],[-96.801209,46.968353],[-96.80159,46.968287],[-96.801971,46.96795],[-96.80216,46.967519],[-96.802268,46.966945],[-96.802153,46.966467],[-96.801817,46.96596],[-96.801191,46.965231],[-96.801093,46.964817],[-96.801313,46.964434],[-96.801599,46.964209],[-96.801981,46.964128],[-96.802459,46.964204],[-96.80313,46.964518],[-96.803932,46.965597],[-96.804513,46.966868],[-96.804819,46.967295],[-96.805792,46.967672],[-96.806524,46.967636],[-96.806969,46.967299],[-96.807131,46.96685],[-96.807357,46.966208],[-96.807601,46.964636],[-96.808437,46.964075],[-96.808935,46.963914],[-96.809786,46.963835],[-96.811133,46.964159],[-96.81216,46.964609],[-96.812785,46.965317],[-96.81328,46.966152],[-96.81405,46.966602],[-96.815575,46.966958],[-96.818608,46.967077],[-96.819555,46.967415],[-96.820307,46.967977],[-96.82159,46.969184],[-96.822664,46.97002],[-96.823224,46.970839],[-96.823272,46.971241],[-96.823175,46.971482],[-96.821681,46.972424],[-96.821391,46.972841],[-96.821293,46.974236],[-96.820953,46.975504],[-96.820166,46.976352],[-96.819875,46.977344],[-96.819907,46.978305],[-96.820113,46.979378],[-96.8208,46.981462],[-96.821263,46.982229],[-96.821391,46.982966],[-96.82171,46.983767],[-96.822029,46.985017],[-96.822604,46.985914],[-96.823069,46.986298],[-96.82382,46.986635],[-96.82542,46.987133],[-96.826156,46.987485],[-96.82638,46.987918],[-96.826348,46.988446],[-96.826027,46.988767],[-96.825002,46.989118],[-96.823465,46.989311],[-96.822536,46.990142],[-96.822345,46.990591],[-96.822489,46.991265],[-96.822694,46.991501],[-96.824054,46.992541],[-96.824438,46.992957],[-96.824598,46.993309],[-96.82447,46.996173],[-96.82423,46.996909],[-96.823926,46.997437],[-96.823526,46.997693],[-96.822902,46.997821],[-96.822294,46.997821],[-96.821654,46.997693],[-96.820454,46.997181],[-96.81991,46.997229],[-96.819478,46.997373],[-96.819366,46.997725],[-96.819382,46.998221],[-96.819478,46.998413],[-96.819926,46.998685],[-96.820886,46.998973],[-96.82223,46.999261],[-96.822982,46.999965],[-96.82318,46.999965],[-96.823313,47.00033],[-96.82338,47.000881],[-96.823013,47.00136],[-96.822512,47.00184],[-96.821076,47.002823],[-96.820943,47.003006],[-96.820976,47.003326],[-96.821076,47.003486],[-96.821344,47.003645],[-96.822145,47.003897],[-96.823181,47.003668],[-96.82495,47.002503],[-96.826353,47.001726],[-96.826821,47.001588],[-96.827489,47.001611],[-96.827956,47.001885],[-96.82819,47.002274],[-96.828157,47.003165],[-96.828057,47.003439],[-96.828124,47.004285],[-96.828258,47.004627],[-96.828792,47.005061],[-96.82936,47.00529],[-96.829794,47.005358],[-96.830228,47.005267],[-96.831798,47.004353],[-96.832399,47.004147],[-96.832967,47.00417],[-96.833334,47.004421],[-96.833602,47.004741],[-96.833769,47.005106],[-96.833769,47.006477],[-96.833903,47.00682],[-96.834839,47.007254],[-96.835406,47.007185],[-96.836375,47.006842],[-96.837143,47.006408],[-96.838111,47.006065],[-96.838679,47.006088],[-96.839114,47.006248],[-96.839448,47.006546],[-96.839548,47.006728],[-96.839515,47.007162],[-96.838814,47.008031],[-96.837712,47.008808],[-96.836343,47.009356],[-96.833971,47.00979],[-96.833504,47.01011],[-96.83337,47.010407],[-96.833404,47.010979],[-96.833537,47.011436],[-96.833638,47.011481],[-96.833671,47.011664],[-96.834005,47.012144],[-96.833939,47.012762],[-96.832503,47.014339],[-96.832303,47.015184],[-96.832403,47.01539],[-96.833038,47.016029],[-96.834408,47.016715],[-96.834742,47.017012],[-96.834776,47.017446],[-96.834375,47.017697],[-96.833707,47.017949],[-96.831302,47.018315],[-96.830968,47.01852],[-96.830634,47.018909],[-96.830039,47.020944],[-96.829516,47.02155],[-96.828294,47.022396],[-96.827862,47.022564],[-96.827386,47.022901],[-96.826367,47.023223],[-96.824353,47.023464],[-96.82345,47.023652],[-96.822048,47.024119],[-96.820947,47.024402],[-96.819609,47.024502],[-96.818169,47.024192],[-96.81685,47.023765],[-96.816225,47.023703],[-96.815456,47.023754],[-96.814793,47.024401],[-96.814729,47.024813],[-96.8149,47.025247],[-96.815541,47.025813],[-96.817425,47.027169],[-96.817998,47.02769],[-96.818677,47.028805],[-96.819183,47.029397],[-96.820462,47.030347],[-96.821233,47.030638],[-96.821769,47.030678],[-96.823307,47.030574],[-96.825143,47.030055],[-96.826012,47.030071],[-96.826382,47.030206],[-96.827225,47.03093],[-96.827327,47.031272],[-96.827268,47.032095],[-96.826904,47.03267],[-96.826572,47.032948],[-96.824905,47.033624],[-96.824036,47.033747],[-96.823301,47.033754],[-96.81878,47.033105],[-96.817676,47.03316],[-96.817142,47.033325],[-96.816343,47.033788],[-96.81568,47.034389],[-96.815648,47.034573],[-96.812991,47.037772],[-96.812726,47.038271],[-96.812659,47.038634],[-96.812758,47.038951],[-96.813023,47.039246],[-96.813787,47.039723],[-96.814385,47.039883],[-96.815646,47.03977],[-96.816077,47.039633],[-96.817173,47.038908],[-96.817239,47.038704],[-96.817903,47.037933],[-96.818435,47.036731],[-96.818833,47.036232],[-96.819464,47.035847],[-96.820394,47.035597],[-96.821488,47.035802],[-96.822053,47.036256],[-96.822716,47.036937],[-96.822848,47.037663],[-96.822749,47.038252],[-96.822549,47.038865],[-96.817834,47.045285],[-96.817601,47.045852],[-96.817633,47.046419],[-96.817865,47.047077],[-96.818198,47.047372],[-96.818596,47.047554],[-96.819392,47.047668],[-96.820455,47.047577],[-96.821783,47.047147],[-96.823244,47.04649],[-96.824704,47.046218],[-96.825601,47.045561],[-96.826398,47.045243],[-96.826862,47.045244],[-96.827459,47.045561],[-96.827559,47.045675],[-96.827559,47.046332],[-96.82726,47.046627],[-96.826563,47.046945],[-96.825184,47.047146],[-96.823702,47.047509],[-96.82249,47.048033],[-96.819559,47.049493],[-96.818716,47.050064],[-96.817737,47.051118],[-96.817703,47.051393],[-96.817571,47.0516],[-96.817708,47.052309],[-96.818685,47.053082],[-96.819928,47.053762],[-96.821975,47.054506],[-96.823552,47.054909],[-96.824727,47.055314],[-96.825063,47.055564],[-96.825102,47.056456],[-96.824536,47.057055],[-96.823935,47.057425],[-96.821862,47.058123],[-96.821695,47.058239],[-96.821563,47.058674],[-96.821632,47.059017],[-96.8217,47.059177],[-96.822238,47.05954],[-96.823043,47.059674],[-96.824348,47.059506],[-96.826323,47.059106],[-96.827428,47.059122],[-96.82887,47.059412],[-96.829575,47.05966],[-96.830147,47.060046],[-96.830283,47.060252],[-96.830386,47.060823],[-96.829887,47.061307],[-96.82942,47.061607],[-96.82845,47.061933],[-96.827177,47.062077],[-96.825936,47.061856],[-96.824393,47.061337],[-96.822213,47.060847],[-96.82094,47.060921],[-96.820238,47.061177],[-96.819804,47.061522],[-96.819739,47.061729],[-96.819876,47.062347],[-96.8204,47.062904],[-96.820432,47.063132],[-96.821697,47.06392],[-96.821734,47.064104],[-96.821899,47.064107],[-96.823232,47.065422],[-96.823366,47.065808],[-96.8235,47.065967],[-96.823337,47.067308],[-96.823241,47.068946],[-96.823476,47.069696],[-96.823977,47.070467],[-96.82401,47.070649],[-96.824277,47.070853],[-96.824546,47.071534],[-96.824513,47.072035],[-96.824115,47.072377],[-96.823516,47.072515],[-96.82162,47.072746],[-96.820723,47.073135],[-96.820224,47.073478],[-96.819627,47.074365],[-96.81963,47.075342],[-96.82093,47.07609],[-96.821861,47.076292],[-96.822826,47.076199],[-96.823691,47.075947],[-96.824057,47.075764],[-96.824821,47.075171],[-96.825451,47.074419],[-96.82598,47.073168],[-96.826378,47.072781],[-96.826778,47.072598],[-96.827376,47.072596],[-96.828076,47.07289],[-96.828842,47.073434],[-96.829276,47.07391],[-96.829276,47.07462],[-96.829103,47.074806],[-96.828003,47.075502],[-96.826147,47.076497],[-96.8245,47.076955],[-96.823094,47.077253],[-96.821204,47.077919],[-96.819215,47.078212],[-96.816713,47.078455],[-96.816129,47.078662],[-96.815751,47.078987],[-96.815645,47.079409],[-96.815778,47.080064],[-96.816563,47.080608],[-96.818786,47.081253],[-96.819538,47.081819],[-96.819946,47.082242],[-96.820386,47.083041],[-96.820382,47.08379],[-96.820139,47.084256],[-96.819795,47.084653],[-96.819176,47.085071],[-96.817113,47.086135],[-96.816184,47.086808],[-96.815735,47.087344],[-96.815562,47.087648],[-96.815527,47.087906],[-96.815775,47.087998],[-96.815973,47.088466],[-96.816449,47.088776],[-96.81845,47.089357],[-96.818925,47.089625],[-96.819492,47.089739],[-96.820749,47.089669],[-96.821691,47.089474],[-96.822881,47.089017],[-96.824148,47.088389],[-96.824897,47.088136],[-96.825275,47.088149],[-96.825688,47.088269],[-96.826292,47.088663],[-96.826363,47.08892],[-96.826316,47.08963],[-96.82613,47.08985],[-96.825385,47.090252],[-96.824196,47.090472],[-96.821183,47.090776],[-96.819179,47.091121],[-96.817989,47.091405],[-96.817463,47.091805],[-96.817251,47.092088],[-96.817069,47.092501],[-96.817108,47.092924],[-96.817586,47.094006],[-96.817693,47.095089],[-96.81756,47.096129],[-96.817128,47.09717],[-96.817211,47.097198],[-96.81722,47.097857],[-96.81729,47.09806],[-96.817929,47.098597],[-96.820466,47.099312],[-96.820801,47.099557],[-96.821004,47.099759],[-96.821073,47.099962],[-96.82102,47.100894],[-96.820552,47.101443],[-96.819447,47.102402],[-96.818444,47.102928],[-96.816804,47.103613],[-96.815934,47.104139],[-96.815659,47.104662],[-96.815763,47.105494],[-96.816041,47.10615],[-96.816208,47.107122],[-96.816191,47.108481],[-96.816319,47.108507],[-96.816589,47.108984],[-96.816823,47.10912],[-96.817223,47.109118],[-96.817557,47.10898],[-96.818388,47.108407],[-96.819521,47.108037],[-96.820255,47.107989],[-96.821058,47.108236],[-96.822095,47.108892],[-96.822666,47.109664],[-96.822669,47.110553],[-96.822174,47.111717],[-96.820614,47.113751],[-96.820585,47.114572],[-96.821192,47.115754],[-96.822364,47.116934],[-96.823301,47.117499],[-96.826578,47.11851],[-96.827204,47.119197],[-96.827306,47.119638],[-96.827416,47.119649],[-96.827717,47.120221],[-96.828387,47.120769],[-96.828956,47.120906],[-96.831502,47.120427],[-96.833076,47.120404],[-96.834415,47.120678],[-96.83676,47.121477],[-96.837564,47.12198],[-96.837531,47.122597],[-96.836962,47.123215],[-96.836661,47.123443],[-96.835957,47.123626],[-96.834919,47.123764],[-96.833646,47.12365],[-96.829861,47.122827],[-96.828924,47.122736],[-96.826712,47.12285],[-96.825809,47.123101],[-96.82544,47.123353],[-96.825072,47.123856],[-96.824871,47.12429],[-96.824773,47.1265],[-96.824471,47.127183],[-96.824136,47.127615],[-96.823199,47.128299],[-96.822597,47.128661],[-96.821159,47.129343],[-96.820857,47.129707],[-96.820689,47.130049],[-96.820723,47.130369],[-96.821157,47.130667],[-96.821858,47.130851],[-96.82256,47.13067],[-96.823397,47.130284],[-96.824701,47.129374],[-96.825404,47.129009],[-96.826373,47.128668],[-96.827276,47.12851],[-96.82838,47.128513],[-96.829649,47.128834],[-96.830417,47.129224],[-96.830884,47.129931],[-96.830815,47.130638],[-96.830581,47.131162],[-96.829979,47.131823],[-96.827604,47.132914],[-96.827001,47.1333],[-96.826466,47.133871],[-96.826366,47.13412],[-96.82633,47.134941],[-96.826697,47.135672],[-96.827598,47.136769],[-96.827798,47.137157],[-96.828063,47.137865],[-96.828277,47.138935],[-96.828562,47.139836],[-96.829057,47.140555],[-96.829458,47.140941],[-96.8302,47.14148],[-96.831168,47.14174],[-96.83302,47.141975],[-96.833698,47.142239],[-96.834135,47.14255],[-96.834445,47.142924],[-96.834636,47.143886],[-96.834518,47.14416],[-96.834276,47.144395],[-96.833888,47.144636],[-96.833388,47.144829],[-96.83192,47.145076],[-96.829833,47.14516],[-96.829073,47.14529],[-96.82881,47.145463],[-96.828647,47.145727],[-96.828648,47.146419],[-96.829228,47.147056],[-96.830732,47.148256],[-96.831544,47.149303],[-96.83209,47.149687],[-96.832513,47.149827],[-96.833082,47.149801],[-96.834707,47.1489],[-96.83528,47.148651],[-96.836083,47.1485],[-96.836956,47.1486],[-96.837662,47.148903],[-96.839609,47.150107],[-96.840564,47.150803],[-96.841101,47.151401],[-96.841247,47.151856],[-96.841135,47.152203],[-96.840627,47.152558],[-96.839508,47.152728],[-96.83727,47.152837],[-96.83678,47.152962],[-96.836331,47.15326],[-96.836145,47.153555],[-96.836138,47.153986],[-96.836799,47.155541],[-96.836906,47.156002],[-96.836887,47.156146],[-96.83672,47.156352],[-96.836205,47.156648],[-96.835582,47.156636],[-96.834889,47.156476],[-96.833151,47.155493],[-96.831788,47.155044],[-96.830259,47.154806],[-96.828129,47.154643],[-96.826771,47.154666],[-96.82533,47.154805],[-96.824798,47.154935],[-96.823077,47.155598],[-96.822648,47.15596],[-96.822359,47.156341],[-96.822166,47.1569],[-96.822176,47.157152],[-96.822315,47.157499],[-96.82253,47.157745],[-96.82298,47.158047],[-96.823609,47.158302],[-96.824731,47.158597],[-96.825358,47.158611],[-96.829233,47.158198],[-96.830637,47.158239],[-96.831229,47.158381],[-96.831706,47.158715],[-96.831873,47.158897],[-96.83199,47.159431],[-96.831922,47.159788],[-96.831534,47.160296],[-96.831047,47.160622],[-96.830439,47.160828],[-96.829618,47.160942],[-96.825278,47.160995],[-96.823381,47.161251],[-96.822602,47.16146],[-96.821723,47.161849],[-96.82034,47.162672],[-96.820043,47.162921],[-96.819297,47.163792],[-96.819009,47.164293],[-96.818934,47.164577],[-96.819015,47.165075],[-96.819355,47.165388],[-96.819944,47.165685],[-96.820674,47.165882],[-96.823174,47.166002],[-96.823867,47.166159],[-96.82473,47.16668],[-96.824975,47.166998],[-96.825152,47.167451],[-96.82527,47.168202],[-96.825087,47.169093],[-96.824468,47.169927],[-96.823577,47.170875],[-96.823055,47.171539],[-96.822462,47.172617],[-96.822419,47.172831],[-96.822484,47.173079],[-96.822823,47.173565],[-96.823239,47.173888],[-96.82359,47.174045],[-96.824389,47.174218],[-96.825447,47.174256],[-96.828497,47.17394],[-96.82974,47.174061],[-96.830473,47.174253],[-96.831569,47.174804],[-96.832778,47.175656],[-96.833252,47.176131],[-96.833484,47.176644],[-96.833447,47.176931],[-96.8332,47.177287],[-96.832817,47.177532],[-96.832199,47.177697],[-96.831001,47.177691],[-96.828927,47.177307],[-96.827418,47.177237],[-96.825608,47.177569],[-96.825014,47.177859],[-96.824463,47.178338],[-96.824253,47.178782],[-96.824274,47.179501],[-96.824465,47.179874],[-96.825099,47.180347],[-96.826937,47.181033],[-96.827329,47.18127],[-96.827586,47.181618],[-96.827593,47.181798],[-96.827499,47.182005],[-96.827119,47.182299],[-96.826641,47.182439],[-96.82586,47.182412],[-96.824126,47.182163],[-96.823501,47.182183],[-96.82286,47.182324],[-96.822053,47.182833],[-96.821839,47.183079],[-96.821574,47.183661],[-96.821555,47.184314],[-96.821698,47.184698],[-96.821914,47.185026],[-96.822244,47.185305],[-96.823203,47.185738],[-96.824167,47.18588],[-96.82548,47.185653],[-96.826414,47.185192],[-96.826812,47.18511],[-96.828675,47.184314],[-96.830981,47.183636],[-96.832554,47.183374],[-96.83313,47.183374],[-96.833849,47.183454],[-96.834561,47.183678],[-96.835592,47.184284],[-96.835919,47.184775],[-96.836045,47.185236],[-96.836022,47.185488],[-96.835813,47.185894],[-96.83548,47.18626],[-96.834696,47.186791],[-96.83288,47.187577],[-96.831146,47.187984],[-96.828872,47.18823],[-96.827856,47.188406],[-96.826639,47.188803],[-96.82592,47.189375],[-96.825733,47.189821],[-96.825722,47.190326],[-96.825782,47.190537],[-96.826125,47.191141],[-96.826422,47.191481],[-96.828535,47.192792],[-96.829822,47.193271],[-96.832296,47.193942],[-96.83443,47.194623],[-96.835354,47.195094],[-96.836863,47.196095],[-96.837398,47.196323],[-96.838039,47.196481],[-96.838822,47.196494],[-96.839315,47.196377],[-96.840018,47.195945],[-96.840336,47.195534],[-96.84047,47.194783],[-96.840432,47.194388],[-96.839679,47.192856],[-96.839487,47.192292],[-96.839531,47.191823],[-96.839725,47.191412],[-96.840249,47.191014],[-96.840983,47.190835],[-96.841819,47.19084],[-96.842535,47.190947],[-96.843206,47.191224],[-96.844028,47.191779],[-96.844389,47.192217],[-96.844761,47.193042],[-96.844847,47.19358],[-96.844715,47.194294],[-96.844397,47.194786],[-96.842403,47.196339],[-96.839767,47.198089],[-96.839189,47.198553],[-96.837226,47.200334],[-96.834438,47.203259],[-96.833972,47.203548],[-96.833406,47.203735],[-96.832778,47.203728],[-96.832279,47.20362],[-96.831573,47.20325],[-96.831007,47.202646],[-96.830186,47.200821],[-96.829817,47.200428],[-96.829291,47.200134],[-96.828468,47.20005],[-96.827795,47.200233],[-96.827479,47.200517],[-96.827256,47.200962],[-96.827167,47.201316],[-96.82728,47.201775],[-96.827873,47.202618],[-96.828846,47.203494],[-96.830044,47.204301],[-96.83189,47.205182],[-96.836212,47.206552],[-96.836971,47.206992],[-96.837164,47.207324],[-96.837163,47.207684],[-96.837075,47.207853],[-96.836871,47.208104],[-96.836322,47.208489],[-96.835321,47.208681],[-96.832859,47.208738],[-96.831654,47.208977],[-96.830777,47.209483],[-96.83031,47.210283],[-96.830285,47.210931],[-96.830534,47.211406],[-96.830787,47.211719],[-96.832775,47.213],[-96.835016,47.214065],[-96.83578,47.214504],[-96.836756,47.215258],[-96.837198,47.215949],[-96.837284,47.216448],[-96.837135,47.216751],[-96.836838,47.21709],[-96.836252,47.217449],[-96.834971,47.217939],[-96.834164,47.218337],[-96.83363,47.218734],[-96.833156,47.219251],[-96.832907,47.219912],[-96.832944,47.220416],[-96.833217,47.221038],[-96.83364,47.221577],[-96.834065,47.221989],[-96.83471,47.222412],[-96.835568,47.222759],[-96.836161,47.222904],[-96.837035,47.223018],[-96.837874,47.223009],[-96.838431,47.222912],[-96.838973,47.222713],[-96.839712,47.222205],[-96.84006,47.221604],[-96.840182,47.220888],[-96.840184,47.219336],[-96.840415,47.21871],[-96.840667,47.218436],[-96.841187,47.218083],[-96.841788,47.217866],[-96.842393,47.217749],[-96.842915,47.217724],[-96.84363,47.217827],[-96.844058,47.217961],[-96.844495,47.218219],[-96.845107,47.218665],[-96.845498,47.219092],[-96.845788,47.22011],[-96.845704,47.220972],[-96.845435,47.221402],[-96.845053,47.221789],[-96.844313,47.222301],[-96.843303,47.222815],[-96.841491,47.223537],[-96.83838,47.224444],[-96.837035,47.224748],[-96.834136,47.22524],[-96.833011,47.225538],[-96.831966,47.226012],[-96.831661,47.226302],[-96.831454,47.226711],[-96.831463,47.227251],[-96.831539,47.227462],[-96.831855,47.227956],[-96.832055,47.228124],[-96.832878,47.228624],[-96.834857,47.229282],[-96.835739,47.229449],[-96.836471,47.229471],[-96.8384,47.229134],[-96.839546,47.229066],[-96.840672,47.229223],[-96.841441,47.229508],[-96.842448,47.230291],[-96.842662,47.23058],[-96.842787,47.231004],[-96.842691,47.231649],[-96.842479,47.232056],[-96.841469,47.233208],[-96.840442,47.233879],[-96.839127,47.23453],[-96.837676,47.234936],[-96.837106,47.234995],[-96.836639,47.234952],[-96.835575,47.23457],[-96.834566,47.233889],[-96.833837,47.233183],[-96.832627,47.23179],[-96.83217,47.231443],[-96.83164,47.231307],[-96.830961,47.231276],[-96.829955,47.231456],[-96.829388,47.231716],[-96.829113,47.231933],[-96.828778,47.232495],[-96.828672,47.233286],[-96.828734,47.233826],[-96.829041,47.234591],[-96.829713,47.235406],[-96.830673,47.236395],[-96.831552,47.237014],[-96.833464,47.238085],[-96.834847,47.239121],[-96.835343,47.239849],[-96.835859,47.241802],[-96.836111,47.242117],[-96.836535,47.242387],[-96.837112,47.242551],[-96.837941,47.242488],[-96.838398,47.242314],[-96.839081,47.241865],[-96.839554,47.241226],[-96.840154,47.239545],[-96.840504,47.239144],[-96.840836,47.238916],[-96.841528,47.238766],[-96.842556,47.238884],[-96.842922,47.239023],[-96.843486,47.239398],[-96.843721,47.239788],[-96.843782,47.240328],[-96.843698,47.240903],[-96.843299,47.241684],[-96.842864,47.242174],[-96.84164,47.243063],[-96.840534,47.243669],[-96.839033,47.244255],[-96.837315,47.244698],[-96.835442,47.245034],[-96.834007,47.245468],[-96.833371,47.245745],[-96.83271,47.246209],[-96.832374,47.246531],[-96.832193,47.24683],[-96.832155,47.247369],[-96.83244,47.247909],[-96.833213,47.24868],[-96.83428,47.24932],[-96.835244,47.250128],[-96.836729,47.252475],[-96.837005,47.252824],[-96.837306,47.253022],[-96.837819,47.253084],[-96.838495,47.253028],[-96.838963,47.252885],[-96.839409,47.252582],[-96.839625,47.252253],[-96.839777,47.251833],[-96.839837,47.250968],[-96.839946,47.250505],[-96.840478,47.249887],[-96.840812,47.249659],[-96.841218,47.249496],[-96.842303,47.249411],[-96.843025,47.249496],[-96.843382,47.249646],[-96.843675,47.249853],[-96.844206,47.250558],[-96.844413,47.251155],[-96.844356,47.251585],[-96.84409,47.252054],[-96.843467,47.252632],[-96.842879,47.25331],[-96.842655,47.253461],[-96.841566,47.253809],[-96.839818,47.254541],[-96.838962,47.255265],[-96.838593,47.255939],[-96.838542,47.256225],[-96.838702,47.25668],[-96.838915,47.257009],[-96.839485,47.257379],[-96.839967,47.25752],[-96.84127,47.257596],[-96.843733,47.257249],[-96.844411,47.25729],[-96.844747,47.257391],[-96.84527,47.257834],[-96.845339,47.258191],[-96.84525,47.258471],[-96.844945,47.258761],[-96.844458,47.259032],[-96.84345,47.259202],[-96.841789,47.259067],[-96.839902,47.258529],[-96.838633,47.258312],[-96.837848,47.258319],[-96.837268,47.258482],[-96.836756,47.258731],[-96.836085,47.259237],[-96.835654,47.259969],[-96.835433,47.260709],[-96.835419,47.261034],[-96.835488,47.261573],[-96.835763,47.262231],[-96.835971,47.262523],[-96.836447,47.262859],[-96.837304,47.263046],[-96.838402,47.263015],[-96.839631,47.262829],[-96.841816,47.262645],[-96.84231,47.262525],[-96.842839,47.262292],[-96.84397,47.26144],[-96.844598,47.261057],[-96.845789,47.260798],[-96.84651,47.260872],[-96.846986,47.261117],[-96.84734,47.261472],[-96.847448,47.261933],[-96.847315,47.262757],[-96.847048,47.263304],[-96.846766,47.26369],[-96.845642,47.264907],[-96.845183,47.265203],[-96.844771,47.265362],[-96.844154,47.265501],[-96.84337,47.26548],[-96.842216,47.265249],[-96.841242,47.264902],[-96.839801,47.264577],[-96.837656,47.264608],[-96.836753,47.264794],[-96.835806,47.265177],[-96.835042,47.26567],[-96.834705,47.266155],[-96.834578,47.266651],[-96.834605,47.267156],[-96.834912,47.267919],[-96.8353,47.268321],[-96.836192,47.268876],[-96.837065,47.269121],[-96.838415,47.269231],[-96.839192,47.269148],[-96.840706,47.268745],[-96.84193,47.268549],[-96.843446,47.26855],[-96.844827,47.268753],[-96.845917,47.269176],[-96.847242,47.270101],[-96.847651,47.270743],[-96.847678,47.271247],[-96.847517,47.271776],[-96.847224,47.272238],[-96.846802,47.272603],[-96.846227,47.272916],[-96.845117,47.273233],[-96.84259,47.273537],[-96.841188,47.274019],[-96.840757,47.274333],[-96.840461,47.274714],[-96.840217,47.275152],[-96.84009,47.275576],[-96.84009,47.276551],[-96.840301,47.277587],[-96.840938,47.279817],[-96.841126,47.283243],[-96.841605,47.284576],[-96.842638,47.286548],[-96.843421,47.288387],[-96.843834,47.289988],[-96.843937,47.290489],[-96.84403,47.291752],[-96.843788,47.293113],[-96.843265,47.293901],[-96.842617,47.294685],[-96.841223,47.296022],[-96.839324,47.297468],[-96.839056,47.297638],[-96.838672,47.297735],[-96.838103,47.298159],[-96.836629,47.299519],[-96.835852,47.30074],[-96.835525,47.301465],[-96.835306,47.302245],[-96.834901,47.303024],[-96.834612,47.303281],[-96.833868,47.303738],[-96.831751,47.304554],[-96.831108,47.304925],[-96.830818,47.305181],[-96.830667,47.305489],[-96.83066,47.306066],[-96.830963,47.306639],[-96.832444,47.307504],[-96.833607,47.308386],[-96.834708,47.310023],[-96.835528,47.310947],[-96.83586,47.311179],[-96.836526,47.311464],[-96.837088,47.311549],[-96.837559,47.311536],[-96.83846,47.311258],[-96.839172,47.310684],[-96.839757,47.309762],[-96.840207,47.309232],[-96.840817,47.30884],[-96.842074,47.308603],[-96.842543,47.308638],[-96.843045,47.308827],[-96.843712,47.309335],[-96.843927,47.309856],[-96.843928,47.310245],[-96.843821,47.310524],[-96.843559,47.310877],[-96.842339,47.312223],[-96.842165,47.312787],[-96.842201,47.313057],[-96.842363,47.313401],[-96.842702,47.313764],[-96.843282,47.31413],[-96.843812,47.314364],[-96.845979,47.314742],[-96.846333,47.314897],[-96.846839,47.315307],[-96.846961,47.315583],[-96.846976,47.315834],[-96.846829,47.316401],[-96.846066,47.316991],[-96.843895,47.317866],[-96.842666,47.318271],[-96.841452,47.318499],[-96.840357,47.318583],[-96.837012,47.318386],[-96.835451,47.31906],[-96.835034,47.319384],[-96.834842,47.31964],[-96.83471,47.319953],[-96.834662,47.320672],[-96.835083,47.321487],[-96.835878,47.322295],[-96.836534,47.322811],[-96.836884,47.323267],[-96.837101,47.324046],[-96.837019,47.324586],[-96.8369,47.324822],[-96.836462,47.325226],[-96.835995,47.32546],[-96.835375,47.325651],[-96.833443,47.325769],[-96.831555,47.32572],[-96.83095,47.325829],[-96.829888,47.326287],[-96.829259,47.32672],[-96.828868,47.327388],[-96.828764,47.327995],[-96.829013,47.328506],[-96.829682,47.329281],[-96.830932,47.330155],[-96.831659,47.330442],[-96.832878,47.330771],[-96.834584,47.330953],[-96.835159,47.330923],[-96.835823,47.330709],[-96.83622,47.330472],[-96.836797,47.330052],[-96.837116,47.329721],[-96.838154,47.328224],[-96.838915,47.327533],[-96.839959,47.32693],[-96.840758,47.326659],[-96.841993,47.326501],[-96.843906,47.326772],[-96.844893,47.327242],[-96.845371,47.327577],[-96.845786,47.328037],[-96.846009,47.328403],[-96.846178,47.329005],[-96.846184,47.329511],[-96.846006,47.330075],[-96.845654,47.330558],[-96.845235,47.330929],[-96.843978,47.331693],[-96.842846,47.332072],[-96.841868,47.332204],[-96.840503,47.332198],[-96.837855,47.331894],[-96.836597,47.331896],[-96.835364,47.332202],[-96.834471,47.332702],[-96.833881,47.333296],[-96.832226,47.33575],[-96.831251,47.336905],[-96.830618,47.338014],[-96.830577,47.338391],[-96.830643,47.338786],[-96.830806,47.339129],[-96.831214,47.339591],[-96.831936,47.340065],[-96.833405,47.340695],[-96.834181,47.340913],[-96.834954,47.341007],[-96.836054,47.340976],[-96.837799,47.340591],[-96.838575,47.340503],[-96.839655,47.340639],[-96.840375,47.340935],[-96.84099,47.341378],[-96.841342,47.34178],[-96.842221,47.343952],[-96.842754,47.344656],[-96.843142,47.344998],[-96.843616,47.345283],[-96.844659,47.345591],[-96.845214,47.345922],[-96.846338,47.346731],[-96.846639,47.347028],[-96.847114,47.347711],[-96.847374,47.348447],[-96.847437,47.348913],[-96.847298,47.349446],[-96.847039,47.349713],[-96.846454,47.349948],[-96.845199,47.35021],[-96.843782,47.350237],[-96.843165,47.350507],[-96.842915,47.350778],[-96.842923,47.351172],[-96.843138,47.351501],[-96.844145,47.352331],[-96.844847,47.353005],[-96.844987,47.353239],[-96.845051,47.353631],[-96.844944,47.353872],[-96.844588,47.354271],[-96.843921,47.354615],[-96.843153,47.354716],[-96.8423,47.354539],[-96.841082,47.353914],[-96.840082,47.353518],[-96.83925,47.353404],[-96.838107,47.353489],[-96.837584,47.353726],[-96.837258,47.354009],[-96.837124,47.354244],[-96.837044,47.354816],[-96.837111,47.355101],[-96.837362,47.355536],[-96.837932,47.355957],[-96.838991,47.356265],[-96.840246,47.356348],[-96.847229,47.356442],[-96.848635,47.356583],[-96.85054,47.357091],[-96.851247,47.357523],[-96.851993,47.358127],[-96.852175,47.358388],[-96.852348,47.358841],[-96.852314,47.359525],[-96.852136,47.359903],[-96.851685,47.360471],[-96.848817,47.362219],[-96.848196,47.362752],[-96.847941,47.363264],[-96.847912,47.363661],[-96.848362,47.36462],[-96.848867,47.365179],[-96.849793,47.365964],[-96.850613,47.366349],[-96.851113,47.366452],[-96.852109,47.366434],[-96.854947,47.366063],[-96.856512,47.366175],[-96.857031,47.36634],[-96.857781,47.366844],[-96.858072,47.367144],[-96.858206,47.36753],[-96.858119,47.367998],[-96.857946,47.368338],[-96.85717,47.368969],[-96.856469,47.369216],[-96.855321,47.369475],[-96.852829,47.369728],[-96.851621,47.369712],[-96.850642,47.369578],[-96.84946,47.369233],[-96.847895,47.368573],[-96.845573,47.368118],[-96.844591,47.367993],[-96.844016,47.368021],[-96.843369,47.368169],[-96.842829,47.368393],[-96.840591,47.369704],[-96.838009,47.370664],[-96.837141,47.371291],[-96.836706,47.372028],[-96.836691,47.372605],[-96.836857,47.372867],[-96.837385,47.373216],[-96.837853,47.37338],[-96.838404,47.373497],[-96.839661,47.373532],[-96.841111,47.373216],[-96.841988,47.372822],[-96.842786,47.372298],[-96.844287,47.371042],[-96.844915,47.370658],[-96.846281,47.370294],[-96.847276,47.370288],[-96.848613,47.370519],[-96.850126,47.37093],[-96.850744,47.371203],[-96.851526,47.371687],[-96.852542,47.372137],[-96.853916,47.372583],[-96.854382,47.372968],[-96.854622,47.37378],[-96.854609,47.374105],[-96.85431,47.374443],[-96.853924,47.374687],[-96.852871,47.375009],[-96.850358,47.375099],[-96.848308,47.374756],[-96.845943,47.374754],[-96.844517,47.375203],[-96.843688,47.375751],[-96.843316,47.376344],[-96.843283,47.376885],[-96.843452,47.377225],[-96.843904,47.377713],[-96.844724,47.378271],[-96.845423,47.378593],[-96.848892,47.37987],[-96.849328,47.380183],[-96.850015,47.380938],[-96.85012,47.381215],[-96.850046,47.381608],[-96.849806,47.381969],[-96.8492,47.382418],[-96.848354,47.382701],[-96.847729,47.382751],[-96.847157,47.382699],[-96.846488,47.382493],[-96.845887,47.382203],[-96.844308,47.381195],[-96.84282,47.380747],[-96.841881,47.380681],[-96.840523,47.380765],[-96.839776,47.380933],[-96.839244,47.381165],[-96.838497,47.381723],[-96.838154,47.382209],[-96.837974,47.38273],[-96.838011,47.383018],[-96.838149,47.38329],[-96.838435,47.383717],[-96.838934,47.384225],[-96.841767,47.385654],[-96.842114,47.385924],[-96.84217,47.386169],[-96.841949,47.3868],[-96.84138,47.387222],[-96.840606,47.387526],[-96.83916,47.387849],[-96.838172,47.38818],[-96.837921,47.388365],[-96.837653,47.388716],[-96.837477,47.389095],[-96.837465,47.389527],[-96.837899,47.390339],[-96.839098,47.39178],[-96.839573,47.39259],[-96.840004,47.392999],[-96.840451,47.393249],[-96.840802,47.39332],[-96.841205,47.393249],[-96.842129,47.392613],[-96.842642,47.392362],[-96.843375,47.392169],[-96.844003,47.392145],[-96.844885,47.39223],[-96.846662,47.392671],[-96.848313,47.393241],[-96.848755,47.393425],[-96.848981,47.393622],[-96.849133,47.393962],[-96.848824,47.394789],[-96.84837,47.395397],[-96.848011,47.395659],[-96.847006,47.396049],[-96.84632,47.39623],[-96.843882,47.3965],[-96.843016,47.396751],[-96.841716,47.397421],[-96.840491,47.397913],[-96.839871,47.398246],[-96.83928,47.398748],[-96.839119,47.399091],[-96.839133,47.399379],[-96.839363,47.39966],[-96.839689,47.399842],[-96.841667,47.400495],[-96.842945,47.401187],[-96.843785,47.401833],[-96.844786,47.402892],[-96.845177,47.403132],[-96.8471,47.403709],[-96.84991,47.404306],[-96.850957,47.404638],[-96.852123,47.405309],[-96.852538,47.405754],[-96.852714,47.406094],[-96.852744,47.406454],[-96.852658,47.406623],[-96.851829,47.407222],[-96.851141,47.40739],[-96.848341,47.407688],[-96.847285,47.407902],[-96.844444,47.409261],[-96.842898,47.409872],[-96.842251,47.410295],[-96.841897,47.410816],[-96.841804,47.411352],[-96.842073,47.411738],[-96.842725,47.412033],[-96.844287,47.412035],[-96.845582,47.411741],[-96.84792,47.410928],[-96.850665,47.410203],[-96.852376,47.409848],[-96.855005,47.4095],[-96.85642,47.409577],[-96.856818,47.409669],[-96.857754,47.410019],[-96.858194,47.410329],[-96.859703,47.412473],[-96.860314,47.413104],[-96.861334,47.413989],[-96.861678,47.414394],[-96.861879,47.414917],[-96.861858,47.41553],[-96.861631,47.416085],[-96.860889,47.417199],[-96.860807,47.417445],[-96.861011,47.41769],[-96.861379,47.417827],[-96.861991,47.417931],[-96.863759,47.418091],[-96.865278,47.418797],[-96.866111,47.419005],[-96.866943,47.418938],[-96.869257,47.418173],[-96.869842,47.418081],[-96.870604,47.418128],[-96.871093,47.418258],[-96.871434,47.418484],[-96.87159,47.418629],[-96.871763,47.419006],[-96.871751,47.419222],[-96.871518,47.419585],[-96.871163,47.41985],[-96.870769,47.420028],[-96.869881,47.420247],[-96.866329,47.420519],[-96.864823,47.420795],[-96.86446,47.420939],[-96.862404,47.422285],[-96.861115,47.422839],[-96.85946,47.423294],[-96.857866,47.42351],[-96.856503,47.42378],[-96.855851,47.42401],[-96.85528,47.424328],[-96.85481,47.42467],[-96.85443,47.425059],[-96.854325,47.425592],[-96.854431,47.425946],[-96.854703,47.426254],[-96.855571,47.426719],[-96.856995,47.427179],[-96.858298,47.427259],[-96.859751,47.427112],[-96.861346,47.426569],[-96.8618,47.426479],[-96.862952,47.426493],[-96.863908,47.426864],[-96.864471,47.427243],[-96.864726,47.427614],[-96.864715,47.428094],[-96.864404,47.428587],[-96.863873,47.428972],[-96.86221,47.429588],[-96.860862,47.429991],[-96.860411,47.430238],[-96.858781,47.431696],[-96.858214,47.432073],[-96.857751,47.432244],[-96.857148,47.432365],[-96.856525,47.432325],[-96.854703,47.43154],[-96.854168,47.431396],[-96.853699,47.431437],[-96.853217,47.431578],[-96.852947,47.431749],[-96.852816,47.43203],[-96.852818,47.432282],[-96.853056,47.43268],[-96.853859,47.433146],[-96.854543,47.433414],[-96.856972,47.433863],[-96.859151,47.434101],[-96.860791,47.434585],[-96.861619,47.434969],[-96.862451,47.435521],[-96.862738,47.435905],[-96.862859,47.436403],[-96.862786,47.436765],[-96.862634,47.437034],[-96.862368,47.437302],[-96.861942,47.43757],[-96.861376,47.437762],[-96.860606,47.437881],[-96.859716,47.437935],[-96.858567,47.43787],[-96.85758,47.437974],[-96.856657,47.43838],[-96.856149,47.438794],[-96.855867,47.439221],[-96.855814,47.439723],[-96.856169,47.440592],[-96.856548,47.44115],[-96.857734,47.442254],[-96.858202,47.44286],[-96.858422,47.443266],[-96.858668,47.444373],[-96.858915,47.444849],[-96.859561,47.445756],[-96.859621,47.446042],[-96.85958,47.446402],[-96.859376,47.446772],[-96.859106,47.447037],[-96.85787,47.447818],[-96.857373,47.448354],[-96.857049,47.448847],[-96.857012,47.449036],[-96.857066,47.449272],[-96.857242,47.449494],[-96.859006,47.451112],[-96.85921,47.451405],[-96.859258,47.451728],[-96.859072,47.452061],[-96.858505,47.452374],[-96.855967,47.452655],[-96.855082,47.452964],[-96.854582,47.453335],[-96.854384,47.453589],[-96.854218,47.45408],[-96.854298,47.454575],[-96.854492,47.45483],[-96.854842,47.455049],[-96.855644,47.45532],[-96.856555,47.455495],[-96.857605,47.455516],[-96.859624,47.455275],[-96.862228,47.455484],[-96.863072,47.456028],[-96.863453,47.456372],[-96.863619,47.45701],[-96.86348,47.45743],[-96.86321,47.457782],[-96.862516,47.458217],[-96.861792,47.458317],[-96.85967,47.458204],[-96.859042,47.458249],[-96.858288,47.458407],[-96.855863,47.459484],[-96.855398,47.459543],[-96.854923,47.459399],[-96.854533,47.459692],[-96.853908,47.460403],[-96.853792,47.460754],[-96.853841,47.461149],[-96.854323,47.461987],[-96.855312,47.462784],[-96.85589,47.463091],[-96.856072,47.463308],[-96.857272,47.464065],[-96.857825,47.464501],[-96.85867,47.465449],[-96.859215,47.46623],[-96.860065,47.467707],[-96.860319,47.468409],[-96.860515,47.469267],[-96.860557,47.470062],[-96.8604,47.470274],[-96.860583,47.470406],[-96.860755,47.470972],[-96.860954,47.471793],[-96.861002,47.472588],[-96.860943,47.472874],[-96.860748,47.473209],[-96.860172,47.473676],[-96.859553,47.473871],[-96.858609,47.473923],[-96.857887,47.473715],[-96.857578,47.473739],[-96.857204,47.473989],[-96.855188,47.474972],[-96.85379,47.475905],[-96.852734,47.476805],[-96.852247,47.477391],[-96.851888,47.47837],[-96.851946,47.479055],[-96.852245,47.479556],[-96.852652,47.47999],[-96.85342,47.480484],[-96.855531,47.48104],[-96.856915,47.481243],[-96.857199,47.481152],[-96.858459,47.481125],[-96.859182,47.481027],[-96.85994,47.480876],[-96.860543,47.480656],[-96.862413,47.479143],[-96.863374,47.478067],[-96.8641,47.477401],[-96.86466,47.47702],[-96.865158,47.476822],[-96.865716,47.476725],[-96.866765,47.476695],[-96.867532,47.476914],[-96.86849,47.477579],[-96.868441,47.478008],[-96.868519,47.478473],[-96.868415,47.47901],[-96.868109,47.479344],[-96.866452,47.480106],[-96.865921,47.480505],[-96.864431,47.482163],[-96.863392,47.483663],[-96.862975,47.483988],[-96.862089,47.484209],[-96.861148,47.484264],[-96.85934,47.48366],[-96.858779,47.483567],[-96.858414,47.48359],[-96.857213,47.483271],[-96.85607,47.483148],[-96.855181,47.483206],[-96.854102,47.48349],[-96.85294,47.484322],[-96.852616,47.484731],[-96.852297,47.485382],[-96.852185,47.485846],[-96.852158,47.486351],[-96.852263,47.486668],[-96.852524,47.487021],[-96.853637,47.487562],[-96.855017,47.487911],[-96.858031,47.488395],[-96.858453,47.488602],[-96.85897,47.488635],[-96.859797,47.488863],[-96.860866,47.489037],[-96.863001,47.489704],[-96.863514,47.489711],[-96.864351,47.490193],[-96.864906,47.49067],[-96.865071,47.491184],[-96.86504,47.491651],[-96.864852,47.491987],[-96.864626,47.492186],[-96.863966,47.492561],[-96.863302,47.492579],[-96.862876,47.492488],[-96.862121,47.492051],[-96.861214,47.492056],[-96.856558,47.493551],[-96.855963,47.493954],[-96.855681,47.494572],[-96.855255,47.495026],[-96.85444,47.495636],[-96.853584,47.49605],[-96.850427,47.497056],[-96.849368,47.497585],[-96.848793,47.498051],[-96.848755,47.498623],[-96.848908,47.498969],[-96.84915,47.499247],[-96.850645,47.499979],[-96.852667,47.500667],[-96.853162,47.50104],[-96.853495,47.501571],[-96.85366,47.502247],[-96.853561,47.503221],[-96.853392,47.503843],[-96.852996,47.504667],[-96.852887,47.505057],[-96.853017,47.506897],[-96.852865,47.507165],[-96.852536,47.507491],[-96.85204,47.507682],[-96.851527,47.507616],[-96.849899,47.50676],[-96.849076,47.506444],[-96.848506,47.506378],[-96.84699,47.506495],[-96.845814,47.506686],[-96.844695,47.507003],[-96.843724,47.507371],[-96.843253,47.507602],[-96.842629,47.508042],[-96.842426,47.508253],[-96.84228,47.508636],[-96.842308,47.509033],[-96.842492,47.509371],[-96.843147,47.509886],[-96.8439,47.510217],[-96.845056,47.510459],[-96.845685,47.510489],[-96.846783,47.510413],[-96.849844,47.509649],[-96.851101,47.509591],[-96.851873,47.5097],[-96.852427,47.509941],[-96.852989,47.51037],[-96.853465,47.511015],[-96.853625,47.511506],[-96.853568,47.512083],[-96.853251,47.512654],[-96.852612,47.513083],[-96.852216,47.513262],[-96.851085,47.513545],[-96.850141,47.513533],[-96.849531,47.513422],[-96.848387,47.51306],[-96.846759,47.512394],[-96.846406,47.512321],[-96.845148,47.512328],[-96.8439,47.512601],[-96.84315,47.513016],[-96.842652,47.513482],[-96.842022,47.514591],[-96.841949,47.514949],[-96.841994,47.515525],[-96.842132,47.515836],[-96.842368,47.516116],[-96.843714,47.516748],[-96.844444,47.51695],[-96.845546,47.517001],[-96.846432,47.516915],[-96.847572,47.516642],[-96.84924,47.515824],[-96.850586,47.515416],[-96.852405,47.514696],[-96.853405,47.514476],[-96.854292,47.5144],[-96.855609,47.51442],[-96.857579,47.514653],[-96.859941,47.515157],[-96.860892,47.515465],[-96.862333,47.516249],[-96.862983,47.51677],[-96.86331,47.51716],[-96.863578,47.518007],[-96.863517,47.519635],[-96.863622,47.520025],[-96.863829,47.520435],[-96.864129,47.520817],[-96.865715,47.52239],[-96.866108,47.522905],[-96.866272,47.523398],[-96.866498,47.524946],[-96.86672,47.525351],[-96.86714,47.525674],[-96.867674,47.525903],[-96.868373,47.52606],[-96.870058,47.526263],[-96.870861,47.526686],[-96.871172,47.527268],[-96.871122,47.527699],[-96.870686,47.528229],[-96.869968,47.528648],[-96.869201,47.528881],[-96.867477,47.528977],[-96.864321,47.528896],[-96.862799,47.528946],[-96.861617,47.529107],[-96.860925,47.529365],[-96.860017,47.529965],[-96.858843,47.531025],[-96.858427,47.531564],[-96.857568,47.533074],[-96.856866,47.533876],[-96.855718,47.534714],[-96.854181,47.535647],[-96.853534,47.536213],[-96.853311,47.536955],[-96.853462,47.53763],[-96.853788,47.537991],[-96.854466,47.538261],[-96.855409,47.538263],[-96.855865,47.538181],[-96.856441,47.538005],[-96.857956,47.537358],[-96.858957,47.537147],[-96.85964,47.537123],[-96.860572,47.537229],[-96.861194,47.537422],[-96.86201,47.537819],[-96.862726,47.538299],[-96.863109,47.538643],[-96.863559,47.539334],[-96.863588,47.539549],[-96.863523,47.53998],[-96.863282,47.540494],[-96.862948,47.540817],[-96.862306,47.541195],[-96.86175,47.541398],[-96.859956,47.541813],[-96.857651,47.542191],[-96.856152,47.542243],[-96.855398,47.542085],[-96.854257,47.541644],[-96.852557,47.540676],[-96.851938,47.540094],[-96.850982,47.538529],[-96.850595,47.538142],[-96.849726,47.537563],[-96.848824,47.537202],[-96.847565,47.537206],[-96.846674,47.537422],[-96.845959,47.537898],[-96.845323,47.538752],[-96.845296,47.539267],[-96.845383,47.539563],[-96.845706,47.539922],[-96.846194,47.540838],[-96.847455,47.541878],[-96.848592,47.542577],[-96.85022,47.543168],[-96.851156,47.543408],[-96.854906,47.544136],[-96.858285,47.544943],[-96.85994,47.54557],[-96.860428,47.545947],[-96.860509,47.546192],[-96.860455,47.546515],[-96.860358,47.546682],[-96.860072,47.546894],[-96.859585,47.547105],[-96.858692,47.547058],[-96.857676,47.547818],[-96.854918,47.54859],[-96.853813,47.549202],[-96.850309,47.551896],[-96.849886,47.552516],[-96.849835,47.553163],[-96.850018,47.553577],[-96.850223,47.553829],[-96.850901,47.554283],[-96.851744,47.554648],[-96.852502,47.554799],[-96.853961,47.554891],[-96.854291,47.555],[-96.855445,47.555044],[-96.855913,47.554987],[-96.856729,47.555082],[-96.857925,47.555447],[-96.859075,47.556241],[-96.860497,47.557631],[-96.861618,47.558897],[-96.861749,47.559279],[-96.86173,47.559676],[-96.861375,47.560117],[-96.860948,47.560386],[-96.860144,47.560636],[-96.859357,47.560637],[-96.857546,47.560147],[-96.856256,47.559966],[-96.854957,47.5601],[-96.853987,47.560459],[-96.85034,47.562963],[-96.848553,47.563917],[-96.847615,47.564651],[-96.847386,47.564963],[-96.84726,47.56557],[-96.847308,47.565929],[-96.847499,47.566226],[-96.847901,47.56651],[-96.848609,47.566744],[-96.849187,47.566763],[-96.849746,47.566663],[-96.851855,47.565712],[-96.85499,47.565238],[-96.85672,47.564718],[-96.857489,47.564405],[-96.859456,47.563371],[-96.860895,47.562828],[-96.862198,47.562543],[-96.863088,47.562486],[-96.864143,47.562707],[-96.864982,47.563006],[-96.865739,47.563397],[-96.866817,47.564138],[-96.86782,47.565111],[-96.868372,47.565768],[-96.86865,47.566157],[-96.868934,47.567002],[-96.868904,47.56758],[-96.868813,47.567861],[-96.868604,47.568192],[-96.868236,47.568544],[-96.867478,47.568986],[-96.867227,47.568964],[-96.866934,47.569041],[-96.866278,47.56945],[-96.866145,47.569605],[-96.865818,47.569661],[-96.86533,47.569658],[-96.864837,47.569534],[-96.864666,47.569451],[-96.864463,47.569104],[-96.864223,47.568917],[-96.861746,47.568461],[-96.8613,47.568271],[-96.860475,47.567713],[-96.859835,47.567395],[-96.858463,47.567146],[-96.857307,47.567121],[-96.855163,47.567301],[-96.854447,47.567423],[-96.85284,47.567874],[-96.851905,47.568335],[-96.851568,47.568655],[-96.851423,47.569257],[-96.851734,47.570247],[-96.851957,47.570652],[-96.852362,47.571031],[-96.853551,47.571851],[-96.854384,47.572228],[-96.857766,47.573473],[-96.859773,47.574099],[-96.860317,47.574534],[-96.860457,47.574806],[-96.860476,47.575022],[-96.860432,47.575237],[-96.860273,47.575381],[-96.859484,47.575351],[-96.859084,47.575473],[-96.857973,47.57611],[-96.857198,47.576363],[-96.856185,47.576881],[-96.855401,47.577365],[-96.85439,47.578151],[-96.853739,47.57885],[-96.853003,47.580333],[-96.85284,47.581084],[-96.852904,47.582566],[-96.853285,47.582924],[-96.853336,47.58325],[-96.853252,47.583634],[-96.852877,47.584157],[-96.852724,47.584288],[-96.852479,47.584311],[-96.851618,47.585779],[-96.851512,47.586133],[-96.851466,47.586903],[-96.85121,47.5879],[-96.850827,47.588914],[-96.85008,47.590263],[-96.849897,47.590826],[-96.849957,47.591256],[-96.850299,47.591783],[-96.850575,47.592047],[-96.851437,47.592579],[-96.852306,47.592833],[-96.853662,47.592967],[-96.854417,47.593122],[-96.855637,47.593644],[-96.858034,47.594475],[-96.858627,47.594832],[-96.858887,47.595103],[-96.858981,47.595347],[-96.858937,47.595742],[-96.858525,47.59611],[-96.857991,47.596253],[-96.855678,47.596156],[-96.853804,47.595974],[-96.853181,47.596034],[-96.85275,47.596169],[-96.852201,47.596449],[-96.851444,47.597047],[-96.851095,47.597688],[-96.850993,47.598189],[-96.851012,47.598508],[-96.851376,47.599145],[-96.852099,47.599717],[-96.852911,47.600048],[-96.855363,47.60071],[-96.856327,47.601272],[-96.856812,47.601832],[-96.856991,47.602398],[-96.856904,47.603099],[-96.856636,47.603358],[-96.85639,47.603795],[-96.85625,47.604253],[-96.855498,47.605029],[-96.855093,47.605578],[-96.85489,47.606103],[-96.854821,47.606862],[-96.855161,47.608182],[-96.855653,47.609325],[-96.856074,47.609866],[-96.857082,47.610745],[-96.858096,47.611378],[-96.858962,47.611788],[-96.860192,47.612193],[-96.862336,47.61237],[-96.864709,47.61233],[-96.865923,47.612561],[-96.86652,47.61279],[-96.866939,47.613064],[-96.867602,47.613671],[-96.868302,47.614469],[-96.868688,47.614714],[-96.869061,47.614848],[-96.869737,47.61482],[-96.870631,47.614515],[-96.872049,47.613606],[-96.872706,47.613478],[-96.873641,47.613546],[-96.873987,47.613768],[-96.874161,47.613989],[-96.874186,47.614348],[-96.874005,47.614891],[-96.873671,47.615258],[-96.873196,47.615595],[-96.871771,47.616272],[-96.870995,47.616861],[-96.870832,47.617127],[-96.870792,47.617415],[-96.870847,47.61781],[-96.87101,47.618074],[-96.871411,47.618359],[-96.871796,47.618476],[-96.872004,47.618497],[-96.872338,47.61836],[-96.872708,47.618379],[-96.875433,47.619065],[-96.877108,47.619008],[-96.877876,47.618796],[-96.878982,47.618812],[-96.879421,47.619039],[-96.879726,47.619336],[-96.879767,47.619864],[-96.879705,47.620255],[-96.879307,47.620533],[-96.877809,47.621324],[-96.876975,47.621628],[-96.876277,47.622069],[-96.875916,47.622622],[-96.875822,47.623059],[-96.87586,47.623449],[-96.876404,47.62402],[-96.877516,47.62445],[-96.878824,47.62451],[-96.879867,47.624779],[-96.880376,47.625236],[-96.880582,47.625625],[-96.880487,47.626016],[-96.880055,47.62634],[-96.879223,47.626713],[-96.878318,47.626765],[-96.875357,47.626554],[-96.874519,47.626913],[-96.874331,47.627264],[-96.874373,47.627824],[-96.874529,47.628171],[-96.87472,47.628349],[-96.875196,47.628694],[-96.875357,47.628736],[-96.875358,47.62869],[-96.875967,47.62887],[-96.876638,47.628912],[-96.877777,47.628882],[-96.878413,47.628832],[-96.87878,47.628714],[-96.87935,47.628711],[-96.880157,47.628889],[-96.880902,47.629459],[-96.88148,47.63003],[-96.881867,47.631428],[-96.881845,47.632233],[-96.881954,47.632875],[-96.882058,47.633127],[-96.882468,47.633699],[-96.883495,47.634523],[-96.884526,47.635113],[-96.886647,47.636835],[-96.887631,47.637723],[-96.888074,47.638316],[-96.88821,47.638911],[-96.888092,47.639648],[-96.887534,47.639967],[-96.886285,47.640326],[-96.88437,47.640583],[-96.883506,47.640983],[-96.882571,47.641883],[-96.882351,47.642656],[-96.882382,47.643041],[-96.882828,47.643827],[-96.882859,47.644266],[-96.882481,47.646521],[-96.882236,47.647364],[-96.882118,47.648083],[-96.882212,47.649389],[-96.882477,47.650053],[-96.88446,47.651348],[-96.885797,47.652051],[-96.886278,47.652386],[-96.886616,47.652752],[-96.886794,47.653204],[-96.886845,47.653671],[-96.886658,47.655148],[-96.886693,47.655582],[-96.887518,47.657935],[-96.887485,47.658729],[-96.887291,47.659291],[-96.88577,47.661361],[-96.885535,47.661842],[-96.885308,47.662694],[-96.885419,47.663884],[-96.885961,47.664978],[-96.886785,47.666149],[-96.887444,47.666804],[-96.888771,47.667882],[-96.889443,47.668529],[-96.889794,47.669165],[-96.889937,47.669735],[-96.889834,47.670345],[-96.889368,47.670866],[-96.888604,47.671308],[-96.886038,47.672445],[-96.885362,47.672925],[-96.885117,47.673242],[-96.885042,47.67349],[-96.885116,47.673808],[-96.885353,47.674044],[-96.885666,47.674177],[-96.886074,47.674251],[-96.886811,47.674245],[-96.890397,47.673304],[-96.891995,47.673069],[-96.892889,47.673029],[-96.893784,47.673074],[-96.894616,47.673295],[-96.89555,47.673703],[-96.896246,47.674194],[-96.896541,47.674753],[-96.896598,47.67533],[-96.896314,47.676615],[-96.896011,47.677531],[-96.895988,47.678181],[-96.89616,47.67871],[-96.896653,47.679739],[-96.897435,47.681118],[-96.898097,47.683018],[-96.898772,47.68435],[-96.898956,47.684915],[-96.899128,47.685665],[-96.89907,47.688685],[-96.899122,47.689227],[-96.899237,47.689579],[-96.899777,47.690443],[-96.900431,47.691097],[-96.901192,47.691539],[-96.902042,47.691714],[-96.90271,47.691622],[-96.903346,47.691305],[-96.90357,47.691105],[-96.904686,47.689578],[-96.905223,47.68918],[-96.906131,47.688748],[-96.906974,47.688546],[-96.908025,47.688521],[-96.908795,47.688749],[-96.909527,47.689218],[-96.909771,47.689496],[-96.909928,47.690064],[-96.909949,47.691112],[-96.909763,47.691709],[-96.909419,47.692156],[-96.908853,47.692633],[-96.907263,47.693635],[-96.90702,47.693993],[-96.907019,47.694426],[-96.907305,47.695177],[-96.907689,47.69569],[-96.908904,47.69669],[-96.909455,47.697305],[-96.910259,47.698663],[-96.911377,47.700806],[-96.912017,47.701465],[-96.912486,47.701756],[-96.913054,47.701943],[-96.913477,47.701942],[-96.914017,47.701803],[-96.917069,47.699549],[-96.917443,47.69935],[-96.917883,47.699226],[-96.918556,47.69914],[-96.919856,47.699267],[-96.92044,47.699569],[-96.920875,47.699976],[-96.921112,47.700499],[-96.921071,47.700894],[-96.920873,47.701305],[-96.920379,47.701815],[-96.918632,47.702971],[-96.917807,47.703356],[-96.917405,47.70344],[-96.915931,47.703391],[-96.915039,47.703441],[-96.914436,47.703653],[-96.913368,47.704351],[-96.912776,47.704902],[-96.912495,47.705329],[-96.911868,47.706817],[-96.911885,47.707214],[-96.912063,47.707741],[-96.912372,47.708071],[-96.912754,47.708319],[-96.913242,47.708448],[-96.915401,47.70849],[-96.916293,47.708564],[-96.91684,47.708696],[-96.918749,47.709463],[-96.919591,47.710011],[-96.919927,47.710377],[-96.920183,47.710773],[-96.920344,47.711229],[-96.92026,47.712238],[-96.91996,47.712964],[-96.919113,47.714329],[-96.918886,47.715143],[-96.918951,47.715574],[-96.919277,47.716262],[-96.919799,47.716928],[-96.920791,47.717575],[-96.921636,47.717865],[-96.922315,47.717928],[-96.923132,47.717803],[-96.923541,47.717639],[-96.923942,47.717352],[-96.92543,47.715731],[-96.926239,47.715018],[-96.927268,47.714456],[-96.927809,47.714315],[-96.928541,47.714261],[-96.929611,47.714439],[-96.93009,47.714663],[-96.930569,47.715],[-96.930973,47.715547],[-96.931066,47.716229],[-96.930946,47.716981],[-96.930538,47.717721],[-96.930086,47.718118],[-96.929163,47.718531],[-96.926713,47.719098],[-96.924771,47.719752],[-96.921101,47.721375],[-96.919788,47.722214],[-96.91904,47.72287],[-96.918676,47.723308],[-96.918413,47.724041],[-96.918439,47.724221],[-96.918628,47.724559],[-96.919271,47.72498],[-96.920419,47.725342],[-96.922086,47.725529],[-96.923052,47.725711],[-96.923644,47.725945],[-96.924105,47.726242],[-96.924432,47.726611],[-96.924597,47.727068],[-96.924869,47.72861],[-96.924926,47.729586],[-96.925173,47.730061],[-96.927278,47.73153],[-96.930989,47.734978],[-96.931977,47.736086],[-96.93283,47.737523],[-96.932904,47.737734],[-96.933052,47.739249],[-96.932991,47.739571],[-96.932776,47.740065],[-96.932085,47.74083],[-96.931102,47.741536],[-96.929577,47.742483],[-96.928984,47.743161],[-96.928673,47.743812],[-96.928521,47.744489],[-96.92838,47.745965],[-96.928393,47.748063],[-96.928642,47.749498],[-96.928967,47.749867],[-96.92894,47.750007],[-96.929152,47.750376],[-96.929501,47.750737],[-96.930277,47.751276],[-96.93265,47.752354],[-96.934596,47.753048],[-96.93847,47.75388],[-96.939446,47.754429],[-96.939685,47.754788],[-96.939731,47.755436],[-96.939437,47.755898],[-96.93899,47.756205],[-96.938087,47.756398],[-96.936998,47.756312],[-96.935986,47.756001],[-96.933699,47.755036],[-96.932178,47.754742],[-96.930962,47.754711],[-96.929866,47.754827],[-96.929188,47.755021],[-96.928854,47.755296],[-96.928782,47.755544],[-96.928916,47.755926],[-96.929615,47.756362],[-96.931219,47.756989],[-96.934746,47.757937],[-96.936013,47.758521],[-96.937056,47.759288],[-96.937925,47.760321],[-96.938253,47.760813],[-96.938434,47.761266],[-96.938481,47.762169],[-96.93844,47.762638],[-96.938272,47.763094],[-96.937202,47.764338],[-96.935004,47.766092],[-96.934718,47.766633],[-96.934732,47.766901],[-96.934883,47.767209],[-96.935174,47.767466],[-96.935697,47.767707],[-96.936497,47.767893],[-96.938266,47.768092],[-96.939229,47.768462],[-96.940459,47.769196],[-96.942705,47.77097],[-96.943232,47.77127],[-96.944313,47.771704],[-96.945124,47.772165],[-96.945517,47.772458],[-96.94584,47.772829],[-96.94593,47.773112],[-96.946017,47.774231],[-96.946094,47.774478],[-96.946326,47.774842],[-96.946773,47.775091],[-96.947827,47.77532],[-96.948989,47.775332],[-96.950319,47.775103],[-96.951936,47.774667],[-96.953178,47.774499],[-96.95397,47.774503],[-96.95517,47.774632],[-96.955858,47.774815],[-96.956345,47.775092],[-96.956511,47.775232],[-96.956652,47.77549],[-96.956584,47.775955],[-96.956375,47.776287],[-96.955185,47.777206],[-96.953188,47.778389],[-96.952692,47.778765],[-96.952385,47.779225],[-96.952377,47.779441],[-96.952673,47.779777],[-96.953231,47.779966],[-96.955323,47.779776],[-96.957535,47.779882],[-96.958386,47.780103],[-96.959094,47.780585],[-96.959398,47.781121],[-96.959292,47.781766],[-96.958772,47.782595],[-96.958003,47.783542],[-96.957529,47.78446],[-96.957504,47.784928],[-96.957595,47.785284],[-96.957704,47.785487],[-96.957976,47.785658],[-96.95833,47.785708],[-96.95865,47.785588],[-96.960302,47.784073],[-96.960947,47.783645],[-96.961716,47.783264],[-96.962865,47.782997],[-96.9636,47.782955],[-96.964508,47.783132],[-96.965103,47.783512],[-96.965322,47.783879],[-96.965415,47.784344],[-96.965354,47.78474],[-96.965118,47.785333],[-96.964077,47.786713],[-96.963456,47.787387],[-96.961928,47.788536],[-96.961003,47.789015],[-96.960439,47.789212],[-96.958328,47.789677],[-96.957613,47.789908],[-96.957141,47.790293],[-96.957028,47.790645],[-96.957051,47.791007],[-96.957332,47.791552],[-96.957689,47.79198],[-96.958613,47.792675],[-96.963246,47.794488],[-96.963806,47.794761],[-96.964849,47.795528],[-96.965636,47.796427],[-96.96602,47.7971],[-96.966132,47.79767],[-96.966082,47.798862],[-96.966277,47.799349],[-96.966459,47.799569],[-96.966735,47.799737],[-96.96712,47.799852],[-96.968057,47.799788],[-96.968929,47.799448],[-96.97092,47.798496],[-96.973022,47.797821],[-96.974532,47.79765],[-96.975798,47.797675],[-96.976254,47.797768],[-96.976871,47.798209],[-96.977158,47.798753],[-96.977236,47.799293],[-96.977158,47.799833],[-96.976948,47.800468],[-96.976709,47.801022],[-96.97647,47.801366],[-96.976092,47.801665],[-96.975422,47.801871],[-96.973156,47.801793],[-96.972687,47.801833],[-96.972369,47.801962],[-96.972119,47.802233],[-96.9721,47.802521],[-96.972261,47.802787],[-96.973097,47.80328],[-96.974426,47.803631],[-96.9768,47.803678],[-96.979643,47.80409],[-96.981683,47.804582],[-96.983021,47.805111],[-96.985001,47.806419],[-96.985905,47.806859],[-96.986803,47.807064],[-96.988862,47.807154],[-96.989839,47.807268],[-96.990763,47.807533],[-96.991195,47.807798],[-96.991578,47.808187],[-96.991644,47.808544],[-96.991606,47.808832],[-96.99125,47.809272],[-96.99081,47.809583],[-96.990091,47.809811],[-96.989577,47.809894],[-96.987994,47.809943],[-96.987153,47.809878],[-96.98601,47.809726],[-96.983828,47.809292],[-96.981649,47.809011],[-96.980703,47.809088],[-96.980048,47.809227],[-96.979226,47.809537],[-96.9787,47.809892],[-96.978331,47.810288],[-96.978006,47.810899],[-96.977919,47.811654],[-96.978032,47.812081],[-96.978222,47.812457],[-96.979571,47.814009],[-96.979871,47.814511],[-96.980074,47.815109],[-96.980373,47.816541],[-96.980335,47.818602],[-96.980581,47.820702],[-96.9805,47.821856],[-96.98015,47.822379],[-96.979881,47.822552],[-96.979534,47.822636],[-96.978755,47.82255],[-96.977073,47.822121],[-96.97639,47.822082],[-96.975286,47.822146],[-96.974687,47.822373],[-96.974421,47.822578],[-96.974117,47.823115],[-96.974128,47.823474],[-96.974243,47.823715],[-96.974958,47.824517],[-96.975607,47.824942],[-96.976607,47.825267],[-96.977726,47.825484],[-96.97961,47.825675],[-96.980983,47.825695],[-96.981878,47.825638],[-96.984247,47.825265],[-96.985775,47.825192],[-96.986711,47.825301],[-96.987105,47.82555],[-96.987238,47.825745],[-96.987263,47.826033],[-96.987032,47.82635],[-96.98642,47.826693],[-96.983648,47.827746],[-96.982915,47.828101],[-96.982034,47.828724],[-96.981718,47.829141],[-96.98155,47.829558],[-96.981655,47.830274],[-96.982131,47.830917],[-96.98289,47.831611],[-96.984413,47.832666],[-96.985037,47.833333],[-96.985418,47.834144],[-96.985757,47.835899],[-96.986276,47.837113],[-96.986838,47.837679],[-96.987155,47.837871],[-96.987675,47.838046],[-96.989255,47.838098],[-96.991369,47.837776],[-96.992266,47.837761],[-96.993129,47.837914],[-96.993565,47.838119],[-96.993965,47.838408],[-96.994207,47.838844],[-96.994187,47.839312],[-96.992384,47.841939],[-96.992391,47.842515],[-96.992721,47.842791],[-96.993127,47.84286],[-96.993788,47.842733],[-96.996213,47.841779],[-96.997005,47.841579],[-96.997793,47.84155],[-96.998337,47.841932],[-96.99836,47.842365],[-96.998265,47.842646],[-96.998045,47.843015],[-96.99721,47.843979],[-96.996591,47.844374],[-96.995114,47.844845],[-96.994406,47.84516],[-96.994041,47.84551],[-96.993962,47.845721],[-96.993974,47.845974],[-96.994314,47.846501],[-96.994743,47.846867],[-96.996792,47.848011],[-96.997154,47.848275],[-96.997433,47.848817],[-96.997535,47.849392],[-96.997518,47.849753],[-96.996799,47.852306],[-96.996739,47.853282],[-96.996772,47.854078],[-96.996923,47.855196],[-96.997324,47.856946],[-96.997616,47.857791],[-96.998328,47.859191],[-96.999121,47.860134],[-97.0002,47.860978],[-97.000862,47.861394],[-97.004662,47.863357],[-97.005549,47.863979],[-97.005805,47.864253],[-97.005907,47.864496],[-97.005854,47.864962],[-97.005462,47.865298],[-97.004849,47.86551],[-97.003192,47.865734],[-97.002469,47.866035],[-97.001858,47.866508],[-97.001484,47.866902],[-97.001393,47.867367],[-97.001511,47.867718],[-97.001828,47.868134],[-97.002863,47.869005],[-97.003715,47.869548],[-97.00455,47.86993],[-97.005447,47.87024],[-97.007897,47.870809],[-97.010118,47.871148],[-97.011582,47.871226],[-97.013488,47.871162],[-97.015181,47.871222],[-97.016547,47.871346],[-97.017672,47.871553],[-97.019493,47.872006],[-97.021383,47.87266],[-97.022545,47.873388],[-97.0229,47.873702],[-97.023142,47.874063],[-97.023275,47.87478],[-97.022898,47.875166],[-97.021903,47.875702],[-97.019652,47.876419],[-97.019136,47.876673],[-97.018672,47.877019],[-97.018327,47.877384],[-97.018069,47.877858],[-97.018,47.87818],[-97.018014,47.878651],[-97.018127,47.878929],[-97.018566,47.879546],[-97.019273,47.880129],[-97.019963,47.880524],[-97.022583,47.881661],[-97.023788,47.882413],[-97.024952,47.883591],[-97.025213,47.884179],[-97.025422,47.884926],[-97.025497,47.885466],[-97.025422,47.886006],[-97.025022,47.886791],[-97.024635,47.887222],[-97.023892,47.887738],[-97.023234,47.888042],[-97.020672,47.888905],[-97.019594,47.889361],[-97.019228,47.889623],[-97.018924,47.890004],[-97.018782,47.890542],[-97.018818,47.890975],[-97.018933,47.891216],[-97.019605,47.891863],[-97.020852,47.89259],[-97.022251,47.893176],[-97.023487,47.893797],[-97.024661,47.89468],[-97.025014,47.895203],[-97.025131,47.895703],[-97.025119,47.89639],[-97.024953,47.897031],[-97.024629,47.897535],[-97.024244,47.897879],[-97.023523,47.898305],[-97.021385,47.899246],[-97.020738,47.899674],[-97.020264,47.900152],[-97.020036,47.900518],[-97.019905,47.900831],[-97.019846,47.901336],[-97.020002,47.901828],[-97.020523,47.902459],[-97.022985,47.904105],[-97.024416,47.905583],[-97.024782,47.906105],[-97.025065,47.906726],[-97.025227,47.907258],[-97.025229,47.907728],[-97.025002,47.908129],[-97.024548,47.908429],[-97.023833,47.908537],[-97.02323,47.908407],[-97.022702,47.908168],[-97.022139,47.907785],[-97.021067,47.906751],[-97.02046,47.906297],[-97.019703,47.905904],[-97.018656,47.905652],[-97.017917,47.905618],[-97.01689,47.905766],[-97.015877,47.906226],[-97.015544,47.906459],[-97.015332,47.906709],[-97.015002,47.90732],[-97.014892,47.907708],[-97.014904,47.908576],[-97.015052,47.909184],[-97.015875,47.911207],[-97.016204,47.91178],[-97.016835,47.912616],[-97.017172,47.91294],[-97.01808,47.913549],[-97.019371,47.914182],[-97.020078,47.914428],[-97.0227,47.914997],[-97.023338,47.915253],[-97.023763,47.915614],[-97.023714,47.916114],[-97.022832,47.916746],[-97.021852,47.917101],[-97.019488,47.917734],[-97.018442,47.918153],[-97.0178,47.918636],[-97.017588,47.918924],[-97.017613,47.919393],[-97.017854,47.919911],[-97.018107,47.920228],[-97.01854,47.920546],[-97.021129,47.921923],[-97.021541,47.922425],[-97.022402,47.922707],[-97.023082,47.923109],[-97.025101,47.924493],[-97.026654,47.925822],[-97.028177,47.926776],[-97.030739,47.927989],[-97.033075,47.928762],[-97.03401,47.929166],[-97.035078,47.929761],[-97.036428,47.930781],[-97.036943,47.931372],[-97.037232,47.931916],[-97.037388,47.932485],[-97.037362,47.932992],[-97.037257,47.933419],[-97.035723,47.935919],[-97.035537,47.936409],[-97.035475,47.937313],[-97.035571,47.93818],[-97.035757,47.93882],[-97.036083,47.939335],[-97.036473,47.939631],[-97.037473,47.940164],[-97.038796,47.940531],[-97.041814,47.940651],[-97.043708,47.94082],[-97.04598,47.941301],[-97.048222,47.942036],[-97.049751,47.942744],[-97.051587,47.943728],[-97.053274,47.944881],[-97.053683,47.94526],[-97.054874,47.946629],[-97.055341,47.947515],[-97.055562,47.94826],[-97.055603,47.948658],[-97.055597,47.949129],[-97.055414,47.950172],[-97.055133,47.95087],[-97.054818,47.951408],[-97.053531,47.953057],[-97.052681,47.954422],[-97.052261,47.955766],[-97.052289,47.956816],[-97.052451,47.957422],[-97.052909,47.958386],[-97.053427,47.9591],[-97.0538,47.959452],[-97.055367,47.960533],[-97.056019,47.960904],[-97.057054,47.961346],[-97.059028,47.962008],[-97.05924,47.962],[-97.059354,47.962263],[-97.059617,47.96226],[-97.060427,47.962728],[-97.061151,47.963305],[-97.061518,47.963745],[-97.061767,47.964335],[-97.061831,47.964731],[-97.061716,47.965448],[-97.061057,47.966355],[-97.060763,47.966656],[-97.057982,47.968747],[-97.057358,47.969664],[-97.057213,47.970271],[-97.057261,47.970667],[-97.058034,47.971818],[-97.058519,47.972355],[-97.059195,47.973417],[-97.059362,47.974277],[-97.059255,47.975324],[-97.058721,47.976556],[-97.05717,47.979117],[-97.056481,47.980556],[-97.054945,47.984844],[-97.054401,47.98598],[-97.053761,47.987628],[-97.053543,47.987951],[-97.053273,47.98873],[-97.053089,47.98934],[-97.053089,47.990444],[-97.053313,47.991148],[-97.053553,47.991612],[-97.054161,47.992268],[-97.054945,47.992924],[-97.056161,47.993564],[-97.059153,47.994492],[-97.060897,47.995228],[-97.062257,47.995948],[-97.062881,47.996412],[-97.063937,47.99766],[-97.064416,47.998892],[-97.064533,47.99998],[-97.064409,48.001914],[-97.064413,48.002671],[-97.064513,48.003399],[-97.064849,48.004406],[-97.066744,48.008841],[-97.066762,48.009558],[-97.066577,48.010365],[-97.06542,48.011332],[-97.063684,48.012567],[-97.063012,48.013179],[-97.062856,48.013795],[-97.06296,48.014466],[-97.063289,48.014989],[-97.064927,48.015658],[-97.068519,48.015932],[-97.069284,48.016176],[-97.070654,48.016918],[-97.071785,48.018057],[-97.072239,48.019107],[-97.072399,48.020046],[-97.071911,48.021395],[-97.071304,48.022757],[-97.069922,48.024655],[-97.068988,48.026267],[-97.068713,48.027694],[-97.06881,48.029035],[-97.069175,48.031258],[-97.069792,48.033351],[-97.070148,48.036065],[-97.069987,48.037366],[-97.070411,48.041765],[-97.071288,48.045797],[-97.072257,48.048068],[-97.073229,48.049896],[-97.074026,48.051209],[-97.074723,48.052018],[-97.075641,48.052725],[-97.078252,48.053997],[-97.082895,48.055794],[-97.084585,48.056641],[-97.08594,48.057455],[-97.086986,48.058222],[-97.087829,48.05902],[-97.088527,48.059865],[-97.089282,48.061],[-97.090818,48.063035],[-97.092034,48.064385],[-97.093232,48.065236],[-97.095153,48.066837],[-97.095828,48.06761],[-97.097261,48.070584],[-97.097772,48.07108],[-97.098829,48.071477],[-97.101287,48.071497],[-97.103052,48.071669],[-97.103867,48.071898],[-97.104483,48.072428],[-97.104697,48.073094],[-97.104516,48.073935],[-97.104154,48.074578],[-97.100768,48.077453],[-97.100155,48.078757],[-97.099862,48.07987],[-97.099431,48.082106],[-97.099433,48.083708],[-97.099798,48.085884],[-97.100163,48.086827],[-97.101263,48.088335],[-97.102165,48.089122],[-97.103498,48.08971],[-97.104736,48.090103],[-97.108046,48.090537],[-97.109418,48.090901],[-97.109857,48.091395],[-97.109521,48.092512],[-97.108894,48.092873],[-97.106913,48.093447],[-97.104027,48.093806],[-97.103195,48.094084],[-97.102558,48.094503],[-97.102058,48.095248],[-97.101876,48.095896],[-97.102249,48.096694],[-97.102983,48.097276],[-97.104183,48.097901],[-97.107429,48.099157],[-97.108051,48.099509],[-97.108448,48.099867],[-97.108691,48.100257],[-97.108817,48.100759],[-97.108959,48.101616],[-97.108895,48.102726],[-97.109097,48.103778],[-97.109535,48.104723],[-97.110794,48.105558],[-97.11147,48.105913],[-97.112417,48.106145],[-97.113194,48.106188],[-97.114874,48.106042],[-97.116938,48.105619],[-97.119773,48.105381],[-97.120841,48.105592],[-97.12182,48.10589],[-97.122568,48.106238],[-97.123202,48.10665],[-97.123484,48.107218],[-97.123666,48.108004],[-97.123135,48.109497],[-97.12202,48.110848],[-97.12104,48.112281],[-97.120592,48.113365],[-97.120702,48.114987],[-97.121586,48.116925],[-97.125351,48.122235],[-97.125626,48.122324],[-97.126124,48.12326],[-97.126862,48.124277],[-97.128279,48.127185],[-97.128882,48.129],[-97.129028,48.130804],[-97.129453,48.133133],[-97.130051,48.133975],[-97.131451,48.134984],[-97.133238,48.136504],[-97.133468,48.137101],[-97.133016,48.137436],[-97.13252,48.137641],[-97.13198,48.137572],[-97.130328,48.137132],[-97.127652,48.136193],[-97.126705,48.136056],[-97.125267,48.136099],[-97.124149,48.136384],[-97.123044,48.136996],[-97.122416,48.138091],[-97.122326,48.138597],[-97.122382,48.139066],[-97.122876,48.13975],[-97.123992,48.140548],[-97.126626,48.14152],[-97.131914,48.142392],[-97.134753,48.142978],[-97.136768,48.143292],[-97.137911,48.143237],[-97.139301,48.142862],[-97.140708,48.142206],[-97.141572,48.141673],[-97.142674,48.141212],[-97.143569,48.140997],[-97.144493,48.141054],[-97.145464,48.141294],[-97.146122,48.141649],[-97.146505,48.14222],[-97.146667,48.143203],[-97.146531,48.144055],[-97.145887,48.145104],[-97.144717,48.146575],[-97.143594,48.147476],[-97.141321,48.150033],[-97.140295,48.150894],[-97.139176,48.151529],[-97.137118,48.152236],[-97.132862,48.153433],[-97.128162,48.155133],[-97.126343,48.155923],[-97.12535,48.156205],[-97.124481,48.15655],[-97.121713,48.158226],[-97.121165,48.158725],[-97.12102,48.159086],[-97.120968,48.159552],[-97.121035,48.160738],[-97.121167,48.161102],[-97.121467,48.161478],[-97.122447,48.162048],[-97.123361,48.16241],[-97.124759,48.162775],[-97.125351,48.16282],[-97.127392,48.162748],[-97.128552,48.162515],[-97.13223,48.161387],[-97.134502,48.160295],[-97.136376,48.159771],[-97.13856,48.159459],[-97.140347,48.159755],[-97.14195,48.160202],[-97.143138,48.161065],[-97.144242,48.162491],[-97.144575,48.164092],[-97.145426,48.167465],[-97.146331,48.168583],[-97.14751,48.170572],[-97.147511,48.172407],[-97.146751,48.173197],[-97.145243,48.174046],[-97.143444,48.174338],[-97.13895,48.174656],[-97.137131,48.175357],[-97.136582,48.175763],[-97.13601,48.17674],[-97.135994,48.178897],[-97.13668,48.180866],[-97.138386,48.182304],[-97.140601,48.182942],[-97.141697,48.182988],[-97.14324,48.182762],[-97.146768,48.182058],[-97.148458,48.182433],[-97.14981,48.183498],[-97.149755,48.185824],[-97.147503,48.187842],[-97.144921,48.189471],[-97.142922,48.190996],[-97.141518,48.192518],[-97.141383,48.193321],[-97.140904,48.194443],[-97.13973,48.195047],[-97.138359,48.195471],[-97.136508,48.196264],[-97.135672,48.197126],[-97.135921,48.198325],[-97.136796,48.19952],[-97.140106,48.201792],[-97.14124,48.202953],[-97.141148,48.203999],[-97.14091,48.20452],[-97.139091,48.205841],[-97.137554,48.206223],[-97.13165,48.20711],[-97.130122,48.207636],[-97.129585,48.207977],[-97.129277,48.208377],[-97.129199,48.209938],[-97.129691,48.210448],[-97.130155,48.210765],[-97.131837,48.211191],[-97.135408,48.211501],[-97.136449,48.211856],[-97.138257,48.213061],[-97.139497,48.214391],[-97.139296,48.216755],[-97.138953,48.217075],[-97.137376,48.217681],[-97.13547,48.217851],[-97.132861,48.217597],[-97.131363,48.217182],[-97.130235,48.216352],[-97.129247,48.215732],[-97.127862,48.214417],[-97.126091,48.210009],[-97.125349,48.209206],[-97.12452,48.207961],[-97.123689,48.207602],[-97.122925,48.207381],[-97.120493,48.207289],[-97.119774,48.207504],[-97.118943,48.207822],[-97.118301,48.20857],[-97.117838,48.209764],[-97.117905,48.210603],[-97.118118,48.211404],[-97.118959,48.212867],[-97.120863,48.214974],[-97.122884,48.216494],[-97.124842,48.21741],[-97.125349,48.217753],[-97.127297,48.218453],[-97.128901,48.218739],[-97.132161,48.219579],[-97.135056,48.220648],[-97.139055,48.221952],[-97.140605,48.222142],[-97.141714,48.222086],[-97.143604,48.221523],[-97.145817,48.220133],[-97.147122,48.218847],[-97.148288,48.218317],[-97.149774,48.218088],[-97.150902,48.218306],[-97.151746,48.218932],[-97.15219,48.219636],[-97.152176,48.220433],[-97.151712,48.221395],[-97.151097,48.222098],[-97.149657,48.223149],[-97.148345,48.223742],[-97.14362,48.225201],[-97.140819,48.226199],[-97.138556,48.226728],[-97.137191,48.226951],[-97.135791,48.227084],[-97.133288,48.226943],[-97.131731,48.226424],[-97.127661,48.224435],[-97.126637,48.223839],[-97.125349,48.223346],[-97.124508,48.223174],[-97.123317,48.223076],[-97.122296,48.223303],[-97.121684,48.223568],[-97.121074,48.224123],[-97.12069,48.224754],[-97.120644,48.225373],[-97.120749,48.225826],[-97.121675,48.226936],[-97.122512,48.227496],[-97.12347,48.228018],[-97.124447,48.228387],[-97.125349,48.228657],[-97.127824,48.229217],[-97.130333,48.229672],[-97.135127,48.229743],[-97.139311,48.230187],[-97.14238,48.230993],[-97.143582,48.231767],[-97.144645,48.233562],[-97.144584,48.234262],[-97.14434,48.235049],[-97.143008,48.23606],[-97.141603,48.236467],[-97.139913,48.236655],[-97.135835,48.236919],[-97.134399,48.237704],[-97.133968,48.238183],[-97.133735,48.239075],[-97.134121,48.239673],[-97.134604,48.240249],[-97.135737,48.240893],[-97.137549,48.241303],[-97.138533,48.241488],[-97.140546,48.241472],[-97.142238,48.241196],[-97.144444,48.241182],[-97.14593,48.24162],[-97.147076,48.242201],[-97.14717,48.242966],[-97.146744,48.244484],[-97.146092,48.245187],[-97.144496,48.246131],[-97.143148,48.246708],[-97.139969,48.247345],[-97.138786,48.247838],[-97.137752,48.248435],[-97.135575,48.249488],[-97.134534,48.249737],[-97.133434,48.249873],[-97.12993,48.249731],[-97.129128,48.249435],[-97.127441,48.249437],[-97.125108,48.249983],[-97.124489,48.250702],[-97.124325,48.251258],[-97.124368,48.251918],[-97.124873,48.253164],[-97.12624,48.254587],[-97.126759,48.25502],[-97.13003,48.257203],[-97.130405,48.257589],[-97.130623,48.258056],[-97.130602,48.258982],[-97.130363,48.259465],[-97.129883,48.259772],[-97.129233,48.259895],[-97.127294,48.260012],[-97.125348,48.260008],[-97.124254,48.2603],[-97.123667,48.260632],[-97.123142,48.261174],[-97.122954,48.261666],[-97.123056,48.262237],[-97.123763,48.2632],[-97.124188,48.263553],[-97.124697,48.263881],[-97.126273,48.26437],[-97.128565,48.264772],[-97.130441,48.26496],[-97.135059,48.265825],[-97.136095,48.265855],[-97.140658,48.265337],[-97.142032,48.265399],[-97.143864,48.265749],[-97.144405,48.266238],[-97.144856,48.266793],[-97.145112,48.267743],[-97.145032,48.268766],[-97.144373,48.269717],[-97.143096,48.27044],[-97.142044,48.270743],[-97.140365,48.271096],[-97.13915,48.271227],[-97.137777,48.271214],[-97.136138,48.271033],[-97.134442,48.270593],[-97.131443,48.269948],[-97.129831,48.269787],[-97.128882,48.269752],[-97.127208,48.269844],[-97.126386,48.270041],[-97.125345,48.270421],[-97.12408,48.27125],[-97.123866,48.271589],[-97.123738,48.272048],[-97.123754,48.27241],[-97.124259,48.273641],[-97.125353,48.27504],[-97.125568,48.275434],[-97.125651,48.275736],[-97.125567,48.276007],[-97.125123,48.276674],[-97.124029,48.277],[-97.121388,48.276752],[-97.12064,48.276731],[-97.119801,48.27685],[-97.117543,48.278023],[-97.117008,48.278789],[-97.11657,48.279661],[-97.116717,48.281246],[-97.117235,48.282572],[-97.117726,48.283488],[-97.12216,48.290056],[-97.123143,48.290809],[-97.124766,48.291656],[-97.125667,48.291813],[-97.127193,48.291764],[-97.128042,48.291519],[-97.129582,48.290775],[-97.130387,48.290169],[-97.132261,48.288361],[-97.133018,48.287869],[-97.134293,48.287318],[-97.134931,48.287124],[-97.135546,48.287059],[-97.136727,48.28729],[-97.137899,48.287883],[-97.138383,48.288655],[-97.138436,48.289726],[-97.138305,48.290233],[-97.13809,48.290846],[-97.137334,48.291757],[-97.136457,48.292411],[-97.134412,48.29347],[-97.133558,48.294068],[-97.132321,48.295247],[-97.130665,48.297207],[-97.129331,48.298321],[-97.128296,48.298822],[-97.127622,48.298993],[-97.126333,48.299084],[-97.125038,48.298772],[-97.124154,48.298357],[-97.122764,48.296648],[-97.121319,48.295438],[-97.120385,48.294822],[-97.11919,48.294242],[-97.116726,48.293918],[-97.115316,48.293859],[-97.113801,48.294227],[-97.112926,48.294802],[-97.112377,48.295344],[-97.112226,48.295932],[-97.112231,48.296472],[-97.112659,48.297227],[-97.113086,48.297757],[-97.113887,48.298381],[-97.114808,48.298933],[-97.118027,48.300362],[-97.120068,48.301092],[-97.122867,48.301745],[-97.124158,48.302141],[-97.124747,48.302437],[-97.125348,48.302887],[-97.125599,48.302967],[-97.125937,48.303208],[-97.126687,48.304004],[-97.126725,48.304591],[-97.126559,48.305405],[-97.126344,48.305808],[-97.125348,48.306656],[-97.123004,48.308015],[-97.122202,48.308702],[-97.1221,48.309403],[-97.122201,48.30987],[-97.124166,48.311142],[-97.125355,48.311723],[-97.125875,48.311834],[-97.126406,48.311889],[-97.127613,48.311806],[-97.128956,48.311487],[-97.129822,48.311091],[-97.13254,48.309394],[-97.133166,48.309103],[-97.134335,48.308826],[-97.135095,48.308811],[-97.13659,48.309056],[-97.137206,48.309328],[-97.137749,48.309729],[-97.137984,48.310117],[-97.138094,48.310566],[-97.138033,48.311549],[-97.137926,48.311984],[-97.137627,48.312427],[-97.136714,48.313355],[-97.135154,48.315411],[-97.134854,48.315903],[-97.134318,48.317611],[-97.134078,48.318039],[-97.133597,48.318475],[-97.132599,48.319145],[-97.132069,48.319364],[-97.13125,48.319543],[-97.130249,48.319577],[-97.128235,48.319404],[-97.125348,48.319556],[-97.119735,48.320788],[-97.117319,48.321579],[-97.116468,48.322105],[-97.115741,48.322978],[-97.115589,48.323542],[-97.115581,48.323928],[-97.116215,48.324747],[-97.11754,48.325901],[-97.118764,48.326565],[-97.120301,48.327098],[-97.123053,48.327474],[-97.125731,48.327696],[-97.129206,48.328131],[-97.131136,48.328215],[-97.131751,48.328166],[-97.132667,48.328075],[-97.134342,48.327677],[-97.135329,48.327296],[-97.137639,48.325673],[-97.138518,48.325253],[-97.139011,48.325099],[-97.139795,48.325089],[-97.140459,48.325192],[-97.141063,48.325384],[-97.141715,48.325729],[-97.142054,48.326139],[-97.142273,48.326653],[-97.142311,48.326991],[-97.14224,48.327507],[-97.142025,48.328039],[-97.141605,48.328644],[-97.140872,48.329362],[-97.14003,48.329847],[-97.139031,48.330373],[-97.137806,48.330809],[-97.134705,48.331461],[-97.132695,48.331586],[-97.130863,48.331976],[-97.129041,48.33289],[-97.128417,48.333592],[-97.127529,48.335108],[-97.126369,48.337824],[-97.125852,48.338373],[-97.12592,48.340579],[-97.126745,48.34214],[-97.127604,48.342677],[-97.129754,48.34347],[-97.130937,48.343781],[-97.132011,48.343932],[-97.133459,48.343832],[-97.137256,48.343853],[-97.138347,48.343939],[-97.1396,48.344246],[-97.140084,48.344591],[-97.140774,48.345226],[-97.140993,48.345563],[-97.14103,48.345813],[-97.140804,48.346731],[-97.140504,48.347078],[-97.139649,48.347725],[-97.136857,48.349574],[-97.136136,48.350228],[-97.136004,48.350437],[-97.135909,48.350937],[-97.136044,48.351734],[-97.136203,48.352184],[-97.136554,48.352514],[-97.137328,48.352882],[-97.138209,48.353146],[-97.141517,48.353719],[-97.143534,48.35427],[-97.143861,48.354503],[-97.144273,48.355034],[-97.145005,48.357077],[-97.145309,48.357576],[-97.145952,48.358524],[-97.146861,48.359553],[-97.14772,48.360235],[-97.148482,48.360717],[-97.150149,48.361236],[-97.151793,48.361909],[-97.153498,48.362718],[-97.155481,48.363768],[-97.155931,48.364548],[-97.156261,48.365578],[-97.156276,48.366198],[-97.155824,48.368019],[-97.154806,48.36997],[-97.152456,48.370974],[-97.15125,48.371211],[-97.147664,48.370913],[-97.143341,48.370231],[-97.141047,48.370187],[-97.139286,48.3704],[-97.138611,48.370699],[-97.137853,48.371224],[-97.13736,48.371757],[-97.137205,48.372369],[-97.137304,48.372997],[-97.137647,48.373565],[-97.139865,48.375897],[-97.141242,48.377677],[-97.141351,48.378458],[-97.140977,48.379211],[-97.140381,48.37969],[-97.139518,48.380027],[-97.135569,48.380429],[-97.13449,48.380776],[-97.133915,48.381079],[-97.133443,48.381719],[-97.133341,48.382196],[-97.133821,48.382788],[-97.134419,48.383267],[-97.135414,48.383719],[-97.136247,48.383933],[-97.137418,48.383881],[-97.138935,48.383675],[-97.140152,48.38336],[-97.140637,48.383223],[-97.144315,48.3816],[-97.145483,48.381409],[-97.147027,48.381396],[-97.14906,48.381888],[-97.151993,48.38288],[-97.153279,48.383394],[-97.153866,48.383897],[-97.156054,48.385024],[-97.15721,48.385732],[-97.157692,48.386486],[-97.157743,48.387388],[-97.15657,48.389534],[-97.156366,48.39039],[-97.15676,48.390887],[-97.157681,48.391161],[-97.158659,48.39125],[-97.159705,48.391157],[-97.160843,48.391245],[-97.161701,48.391403],[-97.162779,48.391749],[-97.16329,48.391987],[-97.163376,48.392857],[-97.163135,48.39364],[-97.162103,48.394761],[-97.160764,48.39553],[-97.158648,48.396344],[-97.153429,48.396967],[-97.151992,48.396817],[-97.148155,48.396759],[-97.146761,48.397036],[-97.145693,48.397431],[-97.144557,48.398045],[-97.142746,48.39951],[-97.141421,48.40122],[-97.139956,48.402449],[-97.139274,48.402809],[-97.136985,48.403794],[-97.134922,48.404544],[-97.132336,48.40587],[-97.131479,48.406586],[-97.131175,48.407281],[-97.131015,48.407855],[-97.131297,48.408925],[-97.131631,48.409527],[-97.132282,48.410362],[-97.13344,48.411148],[-97.134844,48.411922],[-97.13628,48.412584],[-97.137243,48.413292],[-97.138454,48.414548],[-97.138822,48.416302],[-97.13888,48.417162],[-97.139351,48.418031],[-97.13988,48.418487],[-97.140654,48.418685],[-97.142099,48.418525],[-97.143479,48.418035],[-97.144505,48.417214],[-97.145324,48.415902],[-97.146711,48.413941],[-97.147859,48.413227],[-97.148904,48.412896],[-97.15053,48.412742],[-97.153284,48.413051],[-97.154362,48.413533],[-97.155084,48.41429],[-97.155452,48.415004],[-97.155478,48.415915],[-97.155413,48.416741],[-97.154845,48.417463],[-97.153994,48.418121],[-97.152775,48.418779],[-97.150943,48.41948],[-97.146614,48.420577],[-97.144305,48.421071],[-97.142144,48.421441],[-97.138396,48.421647],[-97.136719,48.421544],[-97.135042,48.421278],[-97.133558,48.420916],[-97.132464,48.420373],[-97.130115,48.418977],[-97.127446,48.416789],[-97.126044,48.41612],[-97.125347,48.416145],[-97.124425,48.416357],[-97.123668,48.416692],[-97.123285,48.416992],[-97.122796,48.417526],[-97.122583,48.417921],[-97.122453,48.418276],[-97.122369,48.419492],[-97.122887,48.420664],[-97.123399,48.421201],[-97.124664,48.422216],[-97.126819,48.423372],[-97.128605,48.42414],[-97.133215,48.425773],[-97.134657,48.426108],[-97.137594,48.426392],[-97.139091,48.42642],[-97.140695,48.426886],[-97.142597,48.42765],[-97.144609,48.429014],[-97.145175,48.429711],[-97.145751,48.43027],[-97.145873,48.431148],[-97.14555,48.432134],[-97.145183,48.432564],[-97.144021,48.433128],[-97.142061,48.433644],[-97.141242,48.433771],[-97.138475,48.433519],[-97.136679,48.432928],[-97.133218,48.431585],[-97.131546,48.431146],[-97.130506,48.431025],[-97.129071,48.431061],[-97.127818,48.431256],[-97.126777,48.431804],[-97.125897,48.432426],[-97.125347,48.432879],[-97.124645,48.433614],[-97.123667,48.436034],[-97.123448,48.437018],[-97.123388,48.438266],[-97.124087,48.440628],[-97.124347,48.441254],[-97.124824,48.441896],[-97.126572,48.443131],[-97.128041,48.443708],[-97.129579,48.44401],[-97.131414,48.444012],[-97.132823,48.4438],[-97.13453,48.443335],[-97.135511,48.442699],[-97.138037,48.440495],[-97.139864,48.439166],[-97.141087,48.438584],[-97.142881,48.438288],[-97.145171,48.438078],[-97.146414,48.438068],[-97.147794,48.438299],[-97.149811,48.439153],[-97.150349,48.439641],[-97.150633,48.440816],[-97.150159,48.442173],[-97.149236,48.443358],[-97.148111,48.444052],[-97.146275,48.444735],[-97.140184,48.446676],[-97.137783,48.447679],[-97.135315,48.448883],[-97.130692,48.452207],[-97.129331,48.454048],[-97.129105,48.457475],[-97.128854,48.458412],[-97.128544,48.460301],[-97.128877,48.461556],[-97.129384,48.46235],[-97.129851,48.462919],[-97.130632,48.46342],[-97.131904,48.463701],[-97.133439,48.463818],[-97.138076,48.462976],[-97.139561,48.462924],[-97.140794,48.462986],[-97.14208,48.463347],[-97.143017,48.463823],[-97.144409,48.464812],[-97.145549,48.465915],[-97.147049,48.46763],[-97.147484,48.4684],[-97.148063,48.469935],[-97.148244,48.47074],[-97.147782,48.472081],[-97.147418,48.472753],[-97.146133,48.474052],[-97.144535,48.474565],[-97.143257,48.474776],[-97.141916,48.474787],[-97.14073,48.474691],[-97.137961,48.473697],[-97.134066,48.471745],[-97.132477,48.471265],[-97.13157,48.471192],[-97.130604,48.471215],[-97.129485,48.47149],[-97.128924,48.471946],[-97.128321,48.472837],[-97.128115,48.473596],[-97.128163,48.474362],[-97.12892,48.475742],[-97.129787,48.476308],[-97.130882,48.476855],[-97.132434,48.477238],[-97.134601,48.477536],[-97.136499,48.477626],[-97.140628,48.477465],[-97.141953,48.477213],[-97.146188,48.476075],[-97.149308,48.475479],[-97.151128,48.475191],[-97.153069,48.47499],[-97.154916,48.474911],[-97.156982,48.474951],[-97.15858,48.475147],[-97.160982,48.475805],[-97.161665,48.476227],[-97.162219,48.476908],[-97.162668,48.477783],[-97.162351,48.479164],[-97.161625,48.479839],[-97.160285,48.480647],[-97.159205,48.481107],[-97.157448,48.481573],[-97.154616,48.482006],[-97.145593,48.482963],[-97.142416,48.483786],[-97.141117,48.484216],[-97.140291,48.484722],[-97.1396,48.485372],[-97.139276,48.48631],[-97.139339,48.487277],[-97.139665,48.488056],[-97.140146,48.488697],[-97.140806,48.489151],[-97.143364,48.491308],[-97.143313,48.491913],[-97.143017,48.492334],[-97.14232,48.492541],[-97.141535,48.492588],[-97.140685,48.492344],[-97.139955,48.491963],[-97.139049,48.491196],[-97.138299,48.490348],[-97.138059,48.489681],[-97.136783,48.488393],[-97.136064,48.488011],[-97.135105,48.487729],[-97.134039,48.487766],[-97.133214,48.488029],[-97.13224,48.488436],[-97.1315,48.489006],[-97.131243,48.489613],[-97.131175,48.490685],[-97.131611,48.491552],[-97.132239,48.492378],[-97.133464,48.493481],[-97.134588,48.494238],[-97.136767,48.495301],[-97.140872,48.496663],[-97.144463,48.497554],[-97.145338,48.497878],[-97.147853,48.49947],[-97.14919,48.50084],[-97.149774,48.501986],[-97.149909,48.503348],[-97.149827,48.506055],[-97.149598,48.507408],[-97.149541,48.508512],[-97.14975,48.509576],[-97.150215,48.510512],[-97.150267,48.5116],[-97.149949,48.511986],[-97.149195,48.512338],[-97.147706,48.512301],[-97.142061,48.511517],[-97.139009,48.511663],[-97.136619,48.512183],[-97.133806,48.513803],[-97.132891,48.514572],[-97.128114,48.517755],[-97.127085,48.518927],[-97.126758,48.520157],[-97.127593,48.521395],[-97.129038,48.522248],[-97.130777,48.522668],[-97.133975,48.52266],[-97.13662,48.522068],[-97.138552,48.521385],[-97.142687,48.519406],[-97.145406,48.518735],[-97.14884,48.518849],[-97.150628,48.519453],[-97.152423,48.520364],[-97.154034,48.521669],[-97.154773,48.524163],[-97.154897,48.526532],[-97.154382,48.528424],[-97.153597,48.529508],[-97.152765,48.530285],[-97.15133,48.530867],[-97.149946,48.531231],[-97.148176,48.531424],[-97.143854,48.531557],[-97.142176,48.53224],[-97.141162,48.533202],[-97.14097,48.534225],[-97.141358,48.535452],[-97.142437,48.536529],[-97.144052,48.537432],[-97.145608,48.5381],[-97.150497,48.539453],[-97.155795,48.540252],[-97.158226,48.540875],[-97.159651,48.541358],[-97.161025,48.542009],[-97.161393,48.542348],[-97.162692,48.543264],[-97.163555,48.544182],[-97.164102,48.544889],[-97.165278,48.546956],[-97.165984,48.548932],[-97.166191,48.550122],[-97.166271,48.551174],[-97.165965,48.552648],[-97.165695,48.553081],[-97.165296,48.553421],[-97.164714,48.553741],[-97.163937,48.553983],[-97.16251,48.554112],[-97.161579,48.55396],[-97.159807,48.553084],[-97.158406,48.552083],[-97.157706,48.551689],[-97.156598,48.551301],[-97.155505,48.551123],[-97.153958,48.551138],[-97.150084,48.5515],[-97.148908,48.55155],[-97.142978,48.551249],[-97.141585,48.551271],[-97.140629,48.551355],[-97.139683,48.551603],[-97.138924,48.552002],[-97.13853,48.552433],[-97.13815,48.553148],[-97.138126,48.55391],[-97.138522,48.55466],[-97.138951,48.55512],[-97.140193,48.555971],[-97.141751,48.556608],[-97.143813,48.557117],[-97.144832,48.557238],[-97.150021,48.557422],[-97.153183,48.557417],[-97.156342,48.557342],[-97.161844,48.557038],[-97.163601,48.55703],[-97.165258,48.557106],[-97.166199,48.557244],[-97.167914,48.557657],[-97.17139,48.558785],[-97.173219,48.559609],[-97.174099,48.560084],[-97.174884,48.560679],[-97.175255,48.56124],[-97.175423,48.561957],[-97.175378,48.562319],[-97.17509,48.562942],[-97.174815,48.563335],[-97.174309,48.563848],[-97.17345,48.564443],[-97.171971,48.56495],[-97.170521,48.565204],[-97.167964,48.565522],[-97.160424,48.566214],[-97.15557,48.566533],[-97.154053,48.566755],[-97.152596,48.567212],[-97.15142,48.567775],[-97.150215,48.568748],[-97.14917,48.570014],[-97.148263,48.571645],[-97.147923,48.572538],[-97.147847,48.573029],[-97.147914,48.574627],[-97.148023,48.575314],[-97.148225,48.575802],[-97.148709,48.576367],[-97.149355,48.576853],[-97.150171,48.577323],[-97.151871,48.577851],[-97.153054,48.577948],[-97.15659,48.577906],[-97.158436,48.578126],[-97.158725,48.578221],[-97.159404,48.578511],[-97.159753,48.578737],[-97.160185,48.57906],[-97.160429,48.579341],[-97.160608,48.579645],[-97.160747,48.580145],[-97.160745,48.580508],[-97.160631,48.580936],[-97.16049,48.58121],[-97.160251,48.581449],[-97.159306,48.581984],[-97.158016,48.582423],[-97.156364,48.582708],[-97.155131,48.582715],[-97.153705,48.582556],[-97.151796,48.582081],[-97.150708,48.581619],[-97.149275,48.581216],[-97.147331,48.580964],[-97.146323,48.581056],[-97.145128,48.581376],[-97.144585,48.581609],[-97.143891,48.582112],[-97.143379,48.582709],[-97.143059,48.583325],[-97.142405,48.585694],[-97.142135,48.589249],[-97.141872,48.590728],[-97.141891,48.591382],[-97.142018,48.592177],[-97.142279,48.592613],[-97.142686,48.59304],[-97.143399,48.593481],[-97.144261,48.593848],[-97.145224,48.594068],[-97.146655,48.594104],[-97.151123,48.593737],[-97.152338,48.593838],[-97.152909,48.594034],[-97.153542,48.594424],[-97.153942,48.594975],[-97.154027,48.595406],[-97.153235,48.595947],[-97.152792,48.596356],[-97.152289,48.597077],[-97.152188,48.59736],[-97.152172,48.597686],[-97.151368,48.59801],[-97.150586,48.598132],[-97.149783,48.598136],[-97.146615,48.597765],[-97.14608,48.597759],[-97.144878,48.597933],[-97.143822,48.598359],[-97.142871,48.599049],[-97.142162,48.599732],[-97.139627,48.603052],[-97.13895,48.60375],[-97.137639,48.604721],[-97.136241,48.605393],[-97.135056,48.606129],[-97.134685,48.606439],[-97.134376,48.606862],[-97.134291,48.6074],[-97.134481,48.60785],[-97.134766,48.608113],[-97.135186,48.608338],[-97.136337,48.608721],[-97.137491,48.608875],[-97.139251,48.608779],[-97.143278,48.608086],[-97.14471,48.607946],[-97.146371,48.607985],[-97.147676,48.608182],[-97.14846,48.608417],[-97.149138,48.608719],[-97.149706,48.609104],[-97.150291,48.609668],[-97.150586,48.610135],[-97.150755,48.61063],[-97.150773,48.611066],[-97.150649,48.611676],[-97.149798,48.612724],[-97.148825,48.613449],[-97.14805,48.613838],[-97.146202,48.614412],[-97.143794,48.614766],[-97.141496,48.614894],[-97.138126,48.614664],[-97.136902,48.614399],[-97.13419,48.61353],[-97.133056,48.61324],[-97.132322,48.613132],[-97.130834,48.613229],[-97.130183,48.613399],[-97.129576,48.613693],[-97.129233,48.613971],[-97.129033,48.614268],[-97.128829,48.614757],[-97.12878,48.615228],[-97.128899,48.615727],[-97.129554,48.616801],[-97.130814,48.618062],[-97.132142,48.618908],[-97.134385,48.620029],[-97.135039,48.620509],[-97.135315,48.62091],[-97.13545,48.62148],[-97.135338,48.621909],[-97.135196,48.622144],[-97.134631,48.622529],[-97.133859,48.622778],[-97.132589,48.62291],[-97.131625,48.622889],[-97.130483,48.622697],[-97.129634,48.62239],[-97.128852,48.621949],[-97.127783,48.621184],[-97.125896,48.619508],[-97.125497,48.619006],[-97.123737,48.618102],[-97.122845,48.617931],[-97.121723,48.61785],[-97.120408,48.618017],[-97.119495,48.61856],[-97.119206,48.618986],[-97.119185,48.619656],[-97.1194,48.620659],[-97.120142,48.62168],[-97.123412,48.623998],[-97.124667,48.625084],[-97.125321,48.625335],[-97.127037,48.626207],[-97.129057,48.627456],[-97.129647,48.627927],[-97.1306,48.628934],[-97.131115,48.629848],[-97.131223,48.630533],[-97.13114,48.631473],[-97.130963,48.631854],[-97.130541,48.632456],[-97.130101,48.632866],[-97.129712,48.633116],[-97.128879,48.633513],[-97.127668,48.633893],[-97.125992,48.63412],[-97.12424,48.633973],[-97.122104,48.633393],[-97.120945,48.632869],[-97.118524,48.631547],[-97.117593,48.631119],[-97.115837,48.630507],[-97.114684,48.630342],[-97.113191,48.630423],[-97.111812,48.630815],[-97.110669,48.631412],[-97.10945,48.632469],[-97.109078,48.633264],[-97.108963,48.634096],[-97.109386,48.637024],[-97.109858,48.638477],[-97.110525,48.639626],[-97.110914,48.640102],[-97.111508,48.640663],[-97.112798,48.641534],[-97.114618,48.642605],[-97.115342,48.643235],[-97.115581,48.643519],[-97.115751,48.643906],[-97.115692,48.644561],[-97.11534,48.645086],[-97.114733,48.645439],[-97.114083,48.645605],[-97.111303,48.645986],[-97.110156,48.646377],[-97.10894,48.647031],[-97.107924,48.647922],[-97.107438,48.648485],[-97.107019,48.64927],[-97.106917,48.649774],[-97.10694,48.650682],[-97.106814,48.651629],[-97.106411,48.652683],[-97.105902,48.653562],[-97.104659,48.654833],[-97.101757,48.656974],[-97.09973,48.658703],[-97.09907,48.659574],[-97.098902,48.659919],[-97.098727,48.660487],[-97.098691,48.660995],[-97.098799,48.66146],[-97.098955,48.661731],[-97.099286,48.662061],[-97.099909,48.66246],[-97.100724,48.662728],[-97.101947,48.662831],[-97.10302,48.662825],[-97.106517,48.662479],[-97.107321,48.662503],[-97.10796,48.66267],[-97.108393,48.662882],[-97.109008,48.663335],[-97.109234,48.66378],[-97.109229,48.66425],[-97.109101,48.664488],[-97.10882,48.664752],[-97.107955,48.665175],[-97.104512,48.66598],[-97.102624,48.666667],[-97.101856,48.667119],[-97.101094,48.667697],[-97.100734,48.6681],[-97.100562,48.668406],[-97.100228,48.66921],[-97.100111,48.669674],[-97.100082,48.671089],[-97.100482,48.67307],[-97.100727,48.675572],[-97.100926,48.676873],[-97.101242,48.678163],[-97.101645,48.679355],[-97.101861,48.680764],[-97.101612,48.681767],[-97.101276,48.682299],[-97.10075,48.682847],[-97.100231,48.68316],[-97.099429,48.68336],[-97.098414,48.683406],[-97.097987,48.683374],[-97.097179,48.683181],[-97.094624,48.682123],[-97.093745,48.68203],[-97.092414,48.682117],[-97.091642,48.682368],[-97.091162,48.6826],[-97.090781,48.682904],[-97.090391,48.683498],[-97.090313,48.684404],[-97.090525,48.684925],[-97.091291,48.685623],[-97.091896,48.685982],[-97.093365,48.686584],[-97.097808,48.687853],[-97.102132,48.688794],[-97.105442,48.689648],[-97.107156,48.690247],[-97.108677,48.690991],[-97.109701,48.691686],[-97.110756,48.692555],[-97.111552,48.69346],[-97.11308,48.695485],[-97.114234,48.696753],[-97.115165,48.697642],[-97.119195,48.700564],[-97.119904,48.701248],[-97.120405,48.701889],[-97.120701,48.702586],[-97.120744,48.703057],[-97.120692,48.703528],[-97.120292,48.703999],[-97.119868,48.704277],[-97.119322,48.704507],[-97.117448,48.704969],[-97.116348,48.705134],[-97.112457,48.705445],[-97.111302,48.70573],[-97.110599,48.706063],[-97.11011,48.706535],[-97.109869,48.707203],[-97.109922,48.707601],[-97.110112,48.707978],[-97.110467,48.708342],[-97.111115,48.708776],[-97.112128,48.709252],[-97.116877,48.710478],[-97.118556,48.71112],[-97.1194,48.711625],[-97.120372,48.712353],[-97.121509,48.713627],[-97.122102,48.714755],[-97.12311,48.717357],[-97.123512,48.718147],[-97.124186,48.719055],[-97.125518,48.720451],[-97.126261,48.721025],[-97.127176,48.721587],[-97.129541,48.722516],[-97.13358,48.724504],[-97.13607,48.725549],[-97.13698,48.726114],[-97.137424,48.726566],[-97.137608,48.727134],[-97.137561,48.727639],[-97.137282,48.72799],[-97.136374,48.7285],[-97.13533,48.728774],[-97.131564,48.729175],[-97.13052,48.729459],[-97.129888,48.729732],[-97.129181,48.73023],[-97.128763,48.730651],[-97.12847,48.731197],[-97.128352,48.7317],[-97.12834,48.732136],[-97.128412,48.732532],[-97.128796,48.733202],[-97.129616,48.73392],[-97.130273,48.734231],[-97.130927,48.734395],[-97.132313,48.734504],[-97.133977,48.734464],[-97.137498,48.734206],[-97.138834,48.734284],[-97.139882,48.734562],[-97.141124,48.735199],[-97.141636,48.73557],[-97.142133,48.736172],[-97.14226,48.736599],[-97.142192,48.737215],[-97.141723,48.738024],[-97.140123,48.738956],[-97.138385,48.740196],[-97.13737,48.741221],[-97.136665,48.742515],[-97.136252,48.74442],[-97.136242,48.746398],[-97.13643,48.747298],[-97.13674,48.748257],[-97.137538,48.749644],[-97.138248,48.750235],[-97.138914,48.750542],[-97.13949,48.750735],[-97.14047,48.750923],[-97.14224,48.750945],[-97.144372,48.750572],[-97.145572,48.750257],[-97.14843,48.750208],[-97.14915,48.750355],[-97.150276,48.750696],[-97.150993,48.751016],[-97.151464,48.751314],[-97.152678,48.752424],[-97.153795,48.753993],[-97.15461,48.755648],[-97.154823,48.756471],[-97.1548,48.757414],[-97.154439,48.758212],[-97.153711,48.758974],[-97.15235,48.759795],[-97.15171,48.76006],[-97.151101,48.760202],[-97.147737,48.761331],[-97.146793,48.761866],[-97.146026,48.762708],[-97.145597,48.763453],[-97.14548,48.763992],[-97.145456,48.76479],[-97.145945,48.765634],[-97.146775,48.766394],[-97.148585,48.767858],[-97.150064,48.769322],[-97.150621,48.770146],[-97.151241,48.77133],[-97.151733,48.771932],[-97.152541,48.772464],[-97.153217,48.772685],[-97.156918,48.773111],[-97.157741,48.773365],[-97.158236,48.773695],[-97.158927,48.774542],[-97.159042,48.774985],[-97.158983,48.775711],[-97.158806,48.776054],[-97.15853,48.776322],[-97.157924,48.776734],[-97.157482,48.77694],[-97.156401,48.777262],[-97.150272,48.778606],[-97.14857,48.779225],[-97.147766,48.779807],[-97.147337,48.780349],[-97.147238,48.780961],[-97.147469,48.781441],[-97.14846,48.782117],[-97.149139,48.78241],[-97.149596,48.782516],[-97.150559,48.782562],[-97.155321,48.782279],[-97.156953,48.782494],[-97.158924,48.783257],[-97.159754,48.784311],[-97.159739,48.78482],[-97.159599,48.785466],[-97.159409,48.785843],[-97.158845,48.786586],[-97.158079,48.787332],[-97.157572,48.787606],[-97.156929,48.78918],[-97.156878,48.789578],[-97.156858,48.789941],[-97.157219,48.790467],[-97.157492,48.790737],[-97.158243,48.791205],[-97.159291,48.791475],[-97.160469,48.791513],[-97.161996,48.791304],[-97.163699,48.790974],[-97.164608,48.790911],[-97.167462,48.791252],[-97.171378,48.792027],[-97.172119,48.792387],[-97.173337,48.793155],[-97.173772,48.793524],[-97.174041,48.793879],[-97.17417,48.794343],[-97.17416,48.794814],[-97.173684,48.795543],[-97.173342,48.795823],[-97.172691,48.796144],[-97.17136,48.796533],[-97.170416,48.796667],[-97.169664,48.796669],[-97.166373,48.796142],[-97.164179,48.796036],[-97.163605,48.79612],[-97.163089,48.796313],[-97.162467,48.796657],[-97.161851,48.797113],[-97.161714,48.797349],[-97.161648,48.797599],[-97.161666,48.798326],[-97.162085,48.799596],[-97.162577,48.800116],[-97.163261,48.800579],[-97.164927,48.801239],[-97.166453,48.801454],[-97.168117,48.801439],[-97.169392,48.80131],[-97.170541,48.801003],[-97.172119,48.800421],[-97.173609,48.799476],[-97.17567,48.797707],[-97.176807,48.797231],[-97.177573,48.797072],[-97.179183,48.7971],[-97.180304,48.797339],[-97.181303,48.797944],[-97.18164,48.798517],[-97.181715,48.798764],[-97.181517,48.799405],[-97.181048,48.800017],[-97.179831,48.800783],[-97.179049,48.801101],[-97.176729,48.80176],[-97.174801,48.802138],[-97.173855,48.802396],[-97.170077,48.803861],[-97.167565,48.804686],[-97.165959,48.804984],[-97.16173,48.805505],[-97.160047,48.805881],[-97.159238,48.806165],[-97.158307,48.806762],[-97.158007,48.807064],[-97.157507,48.807981],[-97.157475,48.808307],[-97.15772,48.809568],[-97.158118,48.810319],[-97.15866,48.810904],[-97.159567,48.81122],[-97.161018,48.811599],[-97.163646,48.81197],[-97.16461,48.812031],[-97.165606,48.81194],[-97.166618,48.8117],[-97.16913,48.811304],[-97.17015,48.811314],[-97.172061,48.81152],[-97.17312,48.811781],[-97.173876,48.812057],[-97.178482,48.814505],[-97.17982,48.81497],[-97.180682,48.815171],[-97.181958,48.815298],[-97.183404,48.815215],[-97.1846,48.815004],[-97.186694,48.81435],[-97.188071,48.814198],[-97.188818,48.814257],[-97.189486,48.814421],[-97.190015,48.814817],[-97.190274,48.815135],[-97.190313,48.815714],[-97.190145,48.816095],[-97.189831,48.816344],[-97.188768,48.816898],[-97.187104,48.817401],[-97.184259,48.817786],[-97.183705,48.817927],[-97.182303,48.818386],[-97.180821,48.819169],[-97.17959,48.820131],[-97.179125,48.820605],[-97.178588,48.821438],[-97.177993,48.822835],[-97.177894,48.823229],[-97.177835,48.824283],[-97.177965,48.825115],[-97.178777,48.826381],[-97.179605,48.827093],[-97.183312,48.829622],[-97.184076,48.830501],[-97.184646,48.831442],[-97.184798,48.832198],[-97.184771,48.832816],[-97.184164,48.833902],[-97.183463,48.834448],[-97.182539,48.834812],[-97.181648,48.834952],[-97.178369,48.835018],[-97.177548,48.835189],[-97.176593,48.835525],[-97.175489,48.836104],[-97.174524,48.836788],[-97.174191,48.837242],[-97.173884,48.837993],[-97.173758,48.838934],[-97.173773,48.839589],[-97.173886,48.840568],[-97.174281,48.842366],[-97.174732,48.843525],[-97.175786,48.844832],[-97.17656,48.845333],[-97.17771,48.845715],[-97.17823,48.845806],[-97.181021,48.845937],[-97.182146,48.846175],[-97.182776,48.846567],[-97.182923,48.846912],[-97.182788,48.847445],[-97.182397,48.847746],[-97.181813,48.848003],[-97.180813,48.848129],[-97.17764,48.848206],[-97.176584,48.848342],[-97.175272,48.848666],[-97.174355,48.849112],[-97.173922,48.849435],[-97.173423,48.84997],[-97.173099,48.850625],[-97.17303,48.851095],[-97.173052,48.851675],[-97.173489,48.852534],[-97.174137,48.85333],[-97.175018,48.853964],[-97.176445,48.854676],[-97.177562,48.855412],[-97.178391,48.85608],[-97.178834,48.856661],[-97.179352,48.858222],[-97.179075,48.860029],[-97.178749,48.861392],[-97.178779,48.8619],[-97.179166,48.862844],[-97.179892,48.863377],[-97.180432,48.863615],[-97.182342,48.863974],[-97.183094,48.863966],[-97.184719,48.863718],[-97.18721,48.863041],[-97.188549,48.863022],[-97.189077,48.863114],[-97.19,48.863516],[-97.190437,48.863928],[-97.190573,48.864279],[-97.190519,48.864932],[-97.190357,48.865502],[-97.189371,48.86675],[-97.188412,48.867438],[-97.184964,48.869292],[-97.182613,48.87099],[-97.181478,48.87165],[-97.17934,48.873135],[-97.178709,48.873678],[-97.177979,48.874609],[-97.177806,48.875167],[-97.177814,48.875639],[-97.17806,48.876119],[-97.178431,48.876476],[-97.178924,48.876809],[-97.179594,48.87704],[-97.180855,48.877226],[-97.183267,48.877118],[-97.185496,48.876581],[-97.186712,48.876431],[-97.188325,48.87641],[-97.190259,48.876725],[-97.194128,48.878069],[-97.196657,48.879102],[-97.198502,48.88025],[-97.199394,48.881113],[-97.199691,48.881619],[-97.199852,48.882154],[-97.199891,48.88259],[-97.199793,48.883277],[-97.199368,48.884137],[-97.198009,48.885577],[-97.197665,48.88607],[-97.197388,48.886697],[-97.197328,48.887348],[-97.197746,48.888203],[-97.19845,48.888933],[-97.200331,48.890181],[-97.201414,48.891035],[-97.201606,48.891296],[-97.201722,48.891651],[-97.201627,48.891932],[-97.201365,48.892207],[-97.201044,48.8924],[-97.200495,48.892548],[-97.200014,48.892587],[-97.19827,48.892375],[-97.196115,48.891559],[-97.195285,48.891406],[-97.19405,48.891347],[-97.192969,48.891487],[-97.191966,48.891751],[-97.190984,48.89219],[-97.190421,48.89263],[-97.190188,48.892957],[-97.18984,48.893721],[-97.189749,48.8943],[-97.189806,48.894953],[-97.190018,48.895516],[-97.190601,48.896211],[-97.191653,48.897222],[-97.192497,48.897882],[-97.193266,48.898336],[-97.19464,48.898915],[-97.196138,48.899311],[-97.199216,48.900433],[-97.200718,48.900834],[-97.203911,48.901481],[-97.205714,48.90196],[-97.2074,48.902526],[-97.20859,48.903149],[-97.209811,48.903971],[-97.210151,48.904243],[-97.211399,48.905602],[-97.212129,48.906735],[-97.212444,48.907656],[-97.212654,48.908956],[-97.212528,48.909789],[-97.212366,48.910324],[-97.211074,48.912752],[-97.21071,48.913889],[-97.210534,48.914958],[-97.210588,48.915465],[-97.210776,48.916027],[-97.211271,48.916833],[-97.211584,48.917172],[-97.212082,48.917555],[-97.213096,48.918152],[-97.21463,48.918582],[-97.215325,48.918633],[-97.216174,48.918859],[-97.217248,48.919274],[-97.218009,48.919735],[-97.218585,48.920168],[-97.219476,48.92112],[-97.219665,48.921498],[-97.219806,48.922146],[-97.219765,48.922909],[-97.21963,48.923631],[-97.21905,48.924879],[-97.218566,48.925648],[-97.218449,48.92604],[-97.218032,48.926447],[-97.217187,48.927704],[-97.215589,48.929026],[-97.214651,48.930001],[-97.214455,48.930417],[-97.214332,48.930919],[-97.214331,48.931355],[-97.214406,48.931641],[-97.214883,48.932164],[-97.215369,48.932451],[-97.21589,48.932637],[-97.217231,48.9327],[-97.220593,48.932392],[-97.222031,48.93253],[-97.223264,48.932964],[-97.224614,48.933798],[-97.225285,48.934539],[-97.225837,48.935329],[-97.225901,48.935607],[-97.226345,48.936541],[-97.227053,48.939226],[-97.227086,48.94039],[-97.227004,48.941917],[-97.226825,48.942818],[-97.226527,48.943741],[-97.226398,48.945193],[-97.226498,48.945625],[-97.226624,48.945826],[-97.227466,48.946531],[-97.228094,48.946729],[-97.229221,48.946728],[-97.230534,48.946401],[-97.231608,48.94634],[-97.232306,48.946379],[-97.233327,48.946776],[-97.233966,48.947364],[-97.234128,48.947898],[-97.234163,48.948334],[-97.234027,48.949348],[-97.233504,48.950145],[-97.233077,48.951122],[-97.232648,48.952436],[-97.232418,48.953663],[-97.231686,48.95616],[-97.231097,48.957236],[-97.230761,48.958078],[-97.230546,48.958371],[-97.228921,48.960026],[-97.228094,48.960759],[-97.227792,48.961152],[-97.227497,48.961755],[-97.227498,48.962342],[-97.227783,48.962881],[-97.228653,48.963793],[-97.22965,48.964226],[-97.230399,48.964366],[-97.234514,48.964672],[-97.236078,48.964979],[-97.237673,48.96572],[-97.238286,48.966127],[-97.238612,48.9665],[-97.238881,48.967035],[-97.239064,48.967827],[-97.239063,48.9692],[-97.238039,48.971759],[-97.237782,48.972901],[-97.237789,48.975357],[-97.238258,48.979547],[-97.238346,48.98111],[-97.238191,48.98334],[-97.237755,48.984831],[-97.237396,48.985477],[-97.236644,48.986484],[-97.2358,48.987414],[-97.233989,48.989089],[-97.232764,48.989857],[-97.229802,48.991117],[-97.227744,48.99211],[-97.226769,48.992829],[-97.226554,48.9932],[-97.226514,48.993416],[-97.226546,48.993815],[-97.226732,48.994116],[-97.227513,48.994561],[-97.228345,48.994818],[-97.228923,48.994905],[-97.230915,48.994873],[-97.232147,48.994978],[-97.232675,48.99505],[-97.233245,48.995252],[-97.233834,48.995721],[-97.234157,48.996181],[-97.234247,48.996466],[-97.234283,48.996756],[-97.234208,48.997115],[-97.233776,48.997935],[-97.233524,48.998171],[-97.232522,48.998833],[-97.228961,49.000454],[-96.800272,49.000187],[-96.008418,48.999941],[-95.319888,48.998923],[-95.319902,48.998646],[-95.320095,48.998416],[-95.32041,48.998366],[-95.321019,48.998416],[-95.321168,48.998334],[-95.320311,48.997797],[-95.320394,48.997682],[-95.320704,48.997582],[-95.320603,48.99738],[-95.320311,48.997225],[-95.320087,48.997243],[-95.319613,48.996918],[-95.31893,48.996638],[-95.319079,48.996463],[-95.319287,48.996376],[-95.319654,48.996364],[-95.319638,48.996211],[-95.320388,48.995735],[-95.320579,48.995471],[-95.320172,48.995515],[-95.319904,48.995372],[-95.319821,48.995465],[-95.319888,48.995658],[-95.319722,48.995838],[-95.319363,48.99609],[-95.318738,48.996354],[-95.318396,48.996358],[-95.317904,48.996243],[-95.317738,48.996183],[-95.317722,48.996078],[-95.31798,48.995798],[-95.318081,48.995493],[-95.31874,48.994818],[-95.318997,48.994253],[-95.319865,48.993064],[-95.319881,48.9929],[-95.31974,48.992779],[-95.319515,48.992856],[-95.319182,48.993124],[-95.318982,48.993118],[-95.319091,48.992888],[-95.319697,48.992166],[-95.319841,48.991687],[-95.320523,48.990586],[-95.320875,48.990455],[-95.320815,48.990449],[-95.321099,48.990175],[-95.321432,48.98933],[-95.321607,48.98927],[-95.321682,48.98932],[-95.321648,48.989594],[-95.321291,48.990322],[-95.321375,48.990531],[-95.321615,48.990564],[-95.32214,48.989582],[-95.322341,48.989342],[-95.322406,48.989116],[-95.322766,48.988749],[-95.323315,48.987943],[-95.323674,48.987082],[-95.324024,48.986522],[-95.323609,48.985876],[-95.323633,48.985657],[-95.3239,48.985098],[-95.324791,48.984308],[-95.32514,48.983848],[-95.325216,48.983633],[-95.325516,48.983375],[-95.325575,48.983129],[-95.325666,48.983036],[-95.32625,48.982877],[-95.326526,48.982324],[-95.326758,48.982076],[-95.326859,48.981631],[-95.327,48.980278],[-95.327159,48.979697],[-95.326952,48.976927],[-95.326603,48.974881],[-95.326486,48.974579],[-95.32641,48.973756],[-95.326186,48.973131],[-95.325938,48.97198],[-95.325879,48.971085],[-95.325555,48.96996],[-95.324773,48.968841],[-95.324057,48.968063],[-95.32344,48.967645],[-95.322359,48.967107],[-95.321269,48.966313],[-95.320994,48.966],[-95.320819,48.965611],[-95.320754,48.965363],[-95.320795,48.965034],[-95.320621,48.964567],[-95.320055,48.96398],[-95.319698,48.96373],[-95.319829,48.96351],[-95.32015,48.96324],[-95.320329,48.962777],[-95.320273,48.96218],[-95.319998,48.961381],[-95.320039,48.961232],[-95.320662,48.960478],[-95.320867,48.960037],[-95.32119,48.959851],[-95.321113,48.959642],[-95.321141,48.959253],[-95.32071,48.958557],[-95.32063,48.958232],[-95.319186,48.956807],[-95.318841,48.956167],[-95.31794,48.955824],[-95.317558,48.955116],[-95.317762,48.954415],[-95.318217,48.953495],[-95.318182,48.953038],[-95.317731,48.952444],[-95.314874,48.951253],[-95.313858,48.951303],[-95.313517,48.951023],[-95.313062,48.950813],[-95.312503,48.950737],[-95.312128,48.950852],[-95.310489,48.950847],[-95.310254,48.951005],[-95.309718,48.951045],[-95.308966,48.950942],[-95.307686,48.950622],[-95.305919,48.949602],[-95.305673,48.949362],[-95.305175,48.948577],[-95.304954,48.948348],[-95.304758,48.947636],[-95.304716,48.946445],[-95.30475,48.946028],[-95.304856,48.945911],[-95.305975,48.945322],[-95.306598,48.945229],[-95.307059,48.945322],[-95.307404,48.945501],[-95.307291,48.94569],[-95.306834,48.945803],[-95.306771,48.945896],[-95.306793,48.946582],[-95.306965,48.946888],[-95.307896,48.947692],[-95.30822,48.947786],[-95.309396,48.947838],[-95.310299,48.948033],[-95.310461,48.94818],[-95.310459,48.948926],[-95.310527,48.949007],[-95.310918,48.948987],[-95.310827,48.948166],[-95.31095,48.948092],[-95.311094,48.948233],[-95.311209,48.949023],[-95.311517,48.949027],[-95.311582,48.948993],[-95.311537,48.948763],[-95.311584,48.948598],[-95.311517,48.948138],[-95.311344,48.947858],[-95.310416,48.947654],[-95.309477,48.947662],[-95.308561,48.947592],[-95.308366,48.947511],[-95.308104,48.947245],[-95.307642,48.947075],[-95.307287,48.946765],[-95.307027,48.946257],[-95.307106,48.946037],[-95.307303,48.945886],[-95.307749,48.945711],[-95.308021,48.945194],[-95.30836,48.945471],[-95.308261,48.945561],[-95.308215,48.945753],[-95.308069,48.94589],[-95.307606,48.94608],[-95.307467,48.946241],[-95.307521,48.946378],[-95.30794,48.946501],[-95.308027,48.946725],[-95.308406,48.946946],[-95.308461,48.946846],[-95.308289,48.946509],[-95.308354,48.946481],[-95.309755,48.946584],[-95.311317,48.946471],[-95.312461,48.946269],[-95.314116,48.946271],[-95.315366,48.945953],[-95.316067,48.94559],[-95.316543,48.945235],[-95.317198,48.944697],[-95.317537,48.94419],[-95.31787,48.943862],[-95.319126,48.943001],[-95.320368,48.942672],[-95.321085,48.942271],[-95.321444,48.94191],[-95.32173,48.941314],[-95.322045,48.941191],[-95.322515,48.940865],[-95.322894,48.940199],[-95.322972,48.939757],[-95.322877,48.939523],[-95.323099,48.939021],[-95.323113,48.938533],[-95.322948,48.937798],[-95.323092,48.937516],[-95.322968,48.937056],[-95.322351,48.936636],[-95.322317,48.936546],[-95.322428,48.936366],[-95.322432,48.936146],[-95.322194,48.935812],[-95.322557,48.935749],[-95.322754,48.935578],[-95.322767,48.935435],[-95.322325,48.934896],[-95.322115,48.934838],[-95.321277,48.933763],[-95.3207,48.932705],[-95.320652,48.932391],[-95.320394,48.932005],[-95.320198,48.931403],[-95.319482,48.930096],[-95.319505,48.929772],[-95.319614,48.929493],[-95.319557,48.92931],[-95.318932,48.928411],[-95.317634,48.927784],[-95.316521,48.927477],[-95.316563,48.927215],[-95.316313,48.926885],[-95.316221,48.926522],[-95.316287,48.925338],[-95.316214,48.925217],[-95.31618,48.924663],[-95.316063,48.924443],[-95.315789,48.924169],[-95.314775,48.923576],[-95.313934,48.923526],[-95.313634,48.92334],[-95.313485,48.923082],[-95.313485,48.922883],[-95.313686,48.922647],[-95.313793,48.922373],[-95.313636,48.921699],[-95.312896,48.920913],[-95.311963,48.920518],[-95.311781,48.920018],[-95.311541,48.919701],[-95.311108,48.919728],[-95.310934,48.919657],[-95.310467,48.919332],[-95.310309,48.919129],[-95.31035,48.918887],[-95.310842,48.918476],[-95.310892,48.918274],[-95.310777,48.917902],[-95.310217,48.917746],[-95.310019,48.917411],[-95.30967,48.91705],[-95.308945,48.916577],[-95.306052,48.914365],[-95.305054,48.91381],[-95.30464,48.91376],[-95.304241,48.913595],[-95.303334,48.913069],[-95.302711,48.912383],[-95.302021,48.911351],[-95.30129,48.91068],[-95.300276,48.910174],[-95.298854,48.90968],[-95.298264,48.90923],[-95.297399,48.909198],[-95.297084,48.908819],[-95.296909,48.90872],[-95.297125,48.908539],[-95.297151,48.90844],[-95.296844,48.908291],[-95.296403,48.908319],[-95.296487,48.908192],[-95.297185,48.907837],[-95.297215,48.907702],[-95.297476,48.907536],[-95.298899,48.90592],[-95.299324,48.90564],[-95.30104,48.904216],[-95.299361,48.903402],[-95.298372,48.902772],[-95.297663,48.902579],[-95.294961,48.902784],[-95.294129,48.902647],[-95.293539,48.901963],[-95.292778,48.901825],[-95.291427,48.901824],[-95.290977,48.901619],[-95.290769,48.90139],[-95.290665,48.90107],[-95.291185,48.900774],[-95.29115,48.900522],[-95.290181,48.900271],[-95.289626,48.899974],[-95.289038,48.899357],[-95.288276,48.898055],[-95.287999,48.897804],[-95.287064,48.897552],[-95.286544,48.897484],[-95.285332,48.897643],[-95.283981,48.89746],[-95.281313,48.89666],[-95.280378,48.896477],[-95.279616,48.896157],[-95.279096,48.895654],[-95.27823,48.895586],[-95.27733,48.895608],[-95.277052,48.895722],[-95.276567,48.896156],[-95.276394,48.896202],[-95.275909,48.89611],[-95.275597,48.895882],[-95.274939,48.895585],[-95.274836,48.895036],[-95.275391,48.894214],[-95.275183,48.893757],[-95.27456,48.893049],[-95.271305,48.891426],[-95.268085,48.890488],[-95.267704,48.890237],[-95.267496,48.88994],[-95.266631,48.8893],[-95.265454,48.888729],[-95.263965,48.888203],[-95.263515,48.887951],[-95.262752,48.887654],[-95.258567,48.88666],[-95.257074,48.885755],[-95.256036,48.884978],[-95.254859,48.884474],[-95.251707,48.883857],[-95.249685,48.883328],[-95.248598,48.883181],[-95.248041,48.883513],[-95.247272,48.883445],[-95.245887,48.882889],[-95.243965,48.882295],[-95.242329,48.882094],[-95.239177,48.881898],[-95.23816,48.881693],[-95.235606,48.88145],[-95.233505,48.881395],[-95.231041,48.881401],[-95.228775,48.88159],[-95.226495,48.881681],[-95.225255,48.881938],[-95.220898,48.883166],[-95.220067,48.883113],[-95.219385,48.88322],[-95.218817,48.883441],[-95.217097,48.883449],[-95.215968,48.883873],[-95.215188,48.883925],[-95.214482,48.88421],[-95.212262,48.884189],[-95.211707,48.884625],[-95.211213,48.884714],[-95.208526,48.884563],[-95.205902,48.884718],[-95.202467,48.885168],[-95.20052,48.885555],[-95.198616,48.885476],[-95.195635,48.886117],[-95.192492,48.886453],[-95.191324,48.886773],[-95.190179,48.886915],[-95.18895,48.887202],[-95.18778,48.887312],[-95.186356,48.887632],[-95.185154,48.888104],[-95.181903,48.888722],[-95.173032,48.889679],[-95.170122,48.890126],[-95.164839,48.89122],[-95.164148,48.891689],[-95.161882,48.891981],[-95.157965,48.891821],[-95.152807,48.892004],[-95.150893,48.892197],[-95.148381,48.892264],[-95.14384,48.893353],[-95.143648,48.893683],[-95.14047,48.894268],[-95.138145,48.894833],[-95.135581,48.895897],[-95.135194,48.896229],[-95.13434,48.896208],[-95.133723,48.896806],[-95.132298,48.897289],[-95.13124,48.897452],[-95.12523,48.899762],[-95.123983,48.900003],[-95.123394,48.900323],[-95.12284,48.900506],[-95.121005,48.901581],[-95.12059,48.901695],[-95.120451,48.901878],[-95.116365,48.903639],[-95.115188,48.904508],[-95.114495,48.905193],[-95.114081,48.906061],[-95.11415,48.906381],[-95.113735,48.906815],[-95.113285,48.90709],[-95.112696,48.907273],[-95.110791,48.908142],[-95.105664,48.911296],[-95.103239,48.912622],[-95.102062,48.91317],[-95.100884,48.91413],[-95.098113,48.91589],[-95.097524,48.916347],[-95.097109,48.917101],[-95.09704,48.917581],[-95.096104,48.918084],[-95.094615,48.919067],[-95.094407,48.919273],[-95.093407,48.919834],[-95.091779,48.920574],[-95.091464,48.920618],[-95.091282,48.919173],[-95.091244,48.901365],[-95.091163,48.899089],[-95.090975,48.865215],[-95.090737,48.841262],[-95.090602,48.83785],[-95.090362,48.814493],[-95.09029,48.801963],[-95.090549,48.792723],[-95.090487,48.786949],[-95.09038,48.783847],[-95.090571,48.770996],[-95.090537,48.76616],[-95.09039,48.75687],[-95.089787,48.749872],[-95.08982,48.742225],[-95.089961,48.73832],[-95.089863,48.713062],[-95.100211,48.712946],[-95.125567,48.713173],[-95.142011,48.712979],[-95.146836,48.712804],[-95.146964,48.71287],[-95.147938,48.712917],[-95.244179,48.713072],[-95.250235,48.713145],[-95.302507,48.712938],[-95.321017,48.713034],[-95.322564,48.712974],[-95.34273,48.713028],[-95.342764,48.68478],[-95.342541,48.670383],[-95.342554,48.655815],[-95.342667,48.641333],[-95.342372,48.641063],[-95.342347,48.636723],[-95.342641,48.636129],[-95.34248,48.612681],[-95.342618,48.597874],[-95.342635,48.54324],[-95.34254,48.540211],[-95.3634,48.540346],[-95.363828,48.540437],[-95.37525,48.540028],[-95.386091,48.540095],[-95.406384,48.540035],[-95.407927,48.540087],[-95.427919,48.539927],[-95.429487,48.539857],[-95.438881,48.540039],[-95.43999,48.540119],[-95.451355,48.539792],[-95.471246,48.539684],[-95.493113,48.539152],[-95.536515,48.538877],[-95.56017,48.53883],[-95.574066,48.538616],[-95.58205,48.53862],[-95.586733,48.538533],[-95.599688,48.538755],[-95.602315,48.538887],[-95.601483,48.533677],[-95.601093,48.532075],[-95.601102,48.524553],[-95.6007,48.510088],[-95.600793,48.492408],[-95.600959,48.487982],[-95.601028,48.481486],[-95.601242,48.473969],[-95.601765,48.462307],[-95.601832,48.459153],[-95.601705,48.452165],[-95.602295,48.437757],[-95.602524,48.423264],[-95.602865,48.40877],[-95.602854,48.394995],[-95.602218,48.379602],[-95.602064,48.374054],[-95.601978,48.36543],[-95.593199,48.365445],[-95.593253,48.353914],[-95.593056,48.339424],[-95.593152,48.324012],[-95.593084,48.310379],[-95.593155,48.297157],[-95.593268,48.295917],[-95.593349,48.287645],[-95.59336,48.27155],[-95.59357,48.266797],[-95.593482,48.266106],[-95.593734,48.265894],[-95.593519,48.265121],[-95.593681,48.264393],[-95.593668,48.263074],[-95.593885,48.258295],[-95.593962,48.25296],[-95.593788,48.172916],[-95.593134,48.12496],[-95.593084,48.10316],[-95.592585,48.077959],[-95.592286,48.052659],[-95.592287,48.037359],[-95.592487,48.020558],[-95.582887,48.020557],[-95.58261,48.00623],[-95.58237,47.99869],[-95.58243,47.991009],[-95.582569,47.988839],[-95.582589,47.985459],[-95.58245,47.97731],[-95.58211,47.926342],[-95.58185,47.91942],[-95.581567,47.898329],[-95.581377,47.890375],[-95.5813,47.87603],[-95.581115,47.86306],[-95.581172,47.861545],[-95.580932,47.852716],[-95.580673,47.830014],[-95.57991,47.7965],[-95.57993,47.79016],[-95.57976,47.78196],[-95.579938,47.780279],[-95.579974,47.764179],[-95.580099,47.761746],[-95.5796,47.75366],[-95.57931,47.74527],[-95.57926,47.73712],[-95.579061,47.724425],[-95.578867,47.702644],[-95.578839,47.673677],[-95.553392,47.67361],[-95.553289,47.672283],[-95.553594,47.670592],[-95.553641,47.666672],[-95.553517,47.661927],[-95.553771,47.655765],[-95.55393,47.64518],[-95.55389,47.64487],[-95.55372,47.64462],[-95.553547,47.619472],[-95.553546,47.583125],[-95.55369,47.582929],[-95.55371,47.581448],[-95.553648,47.572434],[-95.553678,47.557588],[-95.553822,47.539767],[-95.553724,47.522428],[-95.553603,47.519612],[-95.553817,47.507768],[-95.554248,47.499893],[-95.555574,47.500005],[-95.562897,47.500271],[-95.564367,47.500258],[-95.570219,47.499907],[-95.583436,47.49991],[-95.591143,47.499816],[-95.596264,47.499613],[-95.627325,47.499469],[-95.632992,47.499536],[-95.648007,47.499489],[-95.663118,47.49954],[-95.66711,47.499389],[-95.721222,47.499284],[-95.723952,47.499266],[-95.724116,47.499216],[-95.750332,47.499108],[-95.77573,47.499219],[-95.788222,47.49944],[-95.789385,47.499355],[-95.7907,47.498944],[-95.791981,47.499081],[-95.793361,47.499436],[-95.801746,47.499442],[-95.802983,47.499348],[-95.804217,47.49889],[-95.805078,47.499289],[-95.805239,47.499431],[-95.813588,47.499427],[-95.814329,47.499528],[-95.81549,47.49993],[-95.816127,47.499981],[-95.816757,47.499874],[-95.818095,47.499472],[-95.818829,47.499413],[-95.871777,47.499367],[-95.875655,47.499066],[-95.890529,47.499115],[-95.910091,47.498988],[-95.927928,47.49919],[-95.937506,47.499119],[-96.026909,47.499192],[-96.067621,47.499136],[-96.067523,47.495908],[-96.067719,47.484824],[-96.067545,47.4847],[-96.067491,47.484467],[-96.06741,47.472322],[-96.067364,47.421905],[-96.067456,47.411238],[-96.067439,47.403751],[-96.067263,47.391288],[-96.067259,47.384306],[-96.067067,47.375011],[-96.066914,47.360147],[-96.06686,47.329908],[-96.066803,47.325743],[-96.066649,47.322697],[-96.066554,47.283715],[-96.066627,47.278571],[-96.066621,47.265596],[-96.066979,47.252877],[-96.066959,47.23877],[-96.067101,47.224107],[-96.066996,47.193725],[-96.067086,47.177153],[-96.067069,47.151813],[-96.067047,47.150063],[-96.066757,47.146588],[-96.066754,47.14311],[-96.067469,47.124984],[-96.067115,47.122896],[-96.067184,47.108337],[-96.06675,47.093463],[-96.066428,47.06444],[-96.066593,47.057084],[-96.067022,47.049954],[-96.06658,47.020958],[-96.066434,47.006419],[-96.066141,46.991936],[-96.066028,46.979439],[-96.065956,46.979024],[-96.066021,46.977307],[-96.047787,46.977446],[-96.027326,46.977488],[-96.011401,46.977444],[-95.997471,46.977179],[-95.985404,46.977571],[-95.982803,46.977564],[-95.979219,46.97744],[-95.964756,46.977387],[-95.890561,46.977262],[-95.85462,46.977424],[-95.846487,46.977126],[-95.826224,46.977112],[-95.825072,46.97697],[-95.824806,46.977113],[-95.79759,46.977352],[-95.794343,46.977279],[-95.750121,46.977276],[-95.742891,46.977228],[-95.732771,46.97708],[-95.732591,46.97702],[-95.709704,46.976886],[-95.684458,46.97659],[-95.601124,46.976761],[-95.557062,46.976361],[-95.550714,46.976147],[-95.53977,46.976635],[-95.500569,46.976937],[-95.459122,46.977093],[-95.422941,46.977355],[-95.410866,46.977314],[-95.383993,46.977476],[-95.362882,46.97748],[-95.360083,46.977412],[-95.309924,46.977646],[-95.296858,46.977563],[-95.288013,46.977747],[-95.279417,46.977814],[-95.277475,46.977598],[-95.276112,46.977574],[-95.275014,46.977581],[-95.270582,46.977878],[-95.252695,46.977996],[-95.252393,46.977908],[-95.251672,46.977883],[-95.238526,46.978064],[-95.220297,46.978172],[-95.212048,46.978126],[-95.204147,46.978245],[-95.182712,46.978298],[-95.180167,46.978209],[-95.177405,46.978243],[-95.170981,46.97817],[-95.112416,46.978477],[-95.102862,46.978471],[-95.086605,46.978416],[-95.07941,46.97816],[-95.07932,46.97821],[-95.07756,46.97821],[-95.07665,46.97829],[-95.06833,46.97833],[-95.05455,46.97829],[-95.0436,46.97817],[-95.03387,46.97826],[-95.02473,46.97791],[-95.0236,46.97824],[-95.02312,46.97831],[-95.011077,46.978334],[-95.00854,46.97847],[-95.00804,46.97837],[-95.0072,46.97834],[-95.004493,46.97843],[-94.996467,46.978262],[-94.99519,46.97839],[-94.99425,46.97839],[-94.98002,46.97825],[-94.979997,46.97837],[-94.975589,46.978187],[-94.950933,46.97786],[-94.94513,46.97784],[-94.945093,46.978003],[-94.916718,46.977847],[-94.916665,46.978098],[-94.916652,46.98081],[-94.917004,46.987075],[-94.91697,46.98851],[-94.91717,46.98875],[-94.91729,46.99017],[-94.917405,47.01895],[-94.917478,47.0221],[-94.917579,47.023435],[-94.917596,47.02809],[-94.91781,47.03626],[-94.91772,47.03659],[-94.91768,47.03772],[-94.91769,47.04179],[-94.917537,47.049858],[-94.917601,47.050694],[-94.917536,47.065255],[-94.908594,47.065234],[-94.903819,47.065109],[-94.88092,47.064991],[-94.83425,47.064442],[-94.791263,47.064102],[-94.791366,47.049935],[-94.791287,47.049881],[-94.79097,47.03548],[-94.79083,47.03533],[-94.79098,47.03503],[-94.79097,47.0247],[-94.791068,47.019442],[-94.791015,47.008308],[-94.79088,47.0065],[-94.79099,47.00002],[-94.79102,46.99078],[-94.79101,46.99031],[-94.79091,46.99003],[-94.790858,46.986408],[-94.78946,46.98739],[-94.78448,46.99209],[-94.78332,46.99297],[-94.78192,46.99389],[-94.78031,46.99477],[-94.77873,46.99548],[-94.77651,46.99631],[-94.77357,46.99708],[-94.77147,46.99747],[-94.750986,46.999921],[-94.749439,46.999621],[-94.74957,47.00008],[-94.742969,47.000868],[-94.742999,47.002364],[-94.741894,47.001882],[-94.741377,47.001795],[-94.740973,47.001832],[-94.739986,47.002252],[-94.739422,47.003021],[-94.738054,47.003563],[-94.737097,47.004121],[-94.734949,47.006344],[-94.733356,47.008772],[-94.732849,47.009319],[-94.732289,47.00975],[-94.731756,47.010453],[-94.730397,47.01009],[-94.728566,47.009764],[-94.727301,47.00975],[-94.726497,47.009919],[-94.72619,47.010119],[-94.726023,47.010389],[-94.726104,47.010597],[-94.72646,47.01073],[-94.726509,47.010878],[-94.725518,47.011101],[-94.724204,47.01182],[-94.722574,47.013042],[-94.721739,47.013982],[-94.721692,47.013155],[-94.719674,47.01452],[-94.717577,47.016196],[-94.71695,47.01648],[-94.71701,47.016622],[-94.71375,47.01669],[-94.71225,47.01639],[-94.71184,47.01637],[-94.71108,47.01647],[-94.71039,47.01677],[-94.70985,47.0169],[-94.70791,47.01693],[-94.70709,47.01883],[-94.70508,47.02111],[-94.70391,47.02209],[-94.70185,47.02308],[-94.70068,47.02341],[-94.69987,47.02355],[-94.69919,47.02354],[-94.69809,47.02319],[-94.69775,47.02318],[-94.69739,47.02334],[-94.69591,47.02435],[-94.69481,47.02467],[-94.6943,47.02471],[-94.69386,47.02466],[-94.69303,47.02428],[-94.6926,47.02417],[-94.69061,47.02425],[-94.68678,47.02479],[-94.68598,47.02478],[-94.68529,47.02445],[-94.68508,47.02413],[-94.68498,47.01784],[-94.68239,47.01858],[-94.68084,47.01944],[-94.67825,47.0213],[-94.67067,47.02836],[-94.66989,47.02945],[-94.665622,47.03345],[-94.664591,47.034967],[-94.664133,47.035371],[-94.663855,47.03549],[-94.663994,47.03422],[-94.663866,47.031959],[-94.66403,47.028019],[-94.664015,47.025585],[-94.663844,47.024807],[-94.663837,47.010109],[-94.664003,47.005869],[-94.663635,46.976926],[-94.65837,46.97694],[-94.658843,46.954949],[-94.658788,46.953998],[-94.658868,46.947613],[-94.658864,46.912723],[-94.659575,46.882654],[-94.65951,46.877105],[-94.659808,46.821086],[-94.659899,46.818157],[-94.659853,46.816872],[-94.659952,46.810288],[-94.659942,46.803716],[-94.716322,46.804056],[-94.722162,46.804032],[-94.723209,46.804069],[-94.723225,46.804176],[-94.723338,46.804079],[-94.75016,46.804085],[-94.763439,46.803964],[-94.765592,46.803966],[-94.765669,46.804026],[-94.771973,46.803951],[-94.787126,46.803943]]]}},{"type":"Feature","properties":{"district":"8"},"geometry":{"type":"Polygon","coordinates":[[[-92.744273,45.296877],[-92.746294,45.295682],[-92.747793,45.294985],[-92.750209,45.293565],[-92.750819,45.29298],[-92.751155,45.292827],[-92.756878,45.291484],[-92.75871,45.290965],[-92.760387,45.289916],[-92.761214,45.289136],[-92.762004,45.288213],[-92.762042,45.286985],[-92.761955,45.285034],[-92.761362,45.282208],[-92.761178,45.280583],[-92.760612,45.278828],[-92.760043,45.277979],[-92.759785,45.277434],[-92.759406,45.277166],[-92.759246,45.276719],[-92.758945,45.276207],[-92.75802,45.274823],[-92.756784,45.273892],[-92.753844,45.270959],[-92.75282,45.268811],[-92.75192,45.265877],[-92.751949,45.263806],[-92.752588,45.261786],[-92.753621,45.259419],[-92.754581,45.258141],[-92.755583,45.257053],[-92.758836,45.254427],[-92.759845,45.252868],[-92.760264,45.251717],[-92.760249,45.2496],[-92.759309,45.246766],[-92.759105,45.244442],[-92.757503,45.238308],[-92.757289,45.236126],[-92.757609,45.233044],[-92.757349,45.231358],[-92.757456,45.230526],[-92.756678,45.22807],[-92.755732,45.225949],[-92.754557,45.224285],[-92.753931,45.222905],[-92.75326,45.222218],[-92.752608,45.221766],[-92.752192,45.221051],[-92.751871,45.220005],[-92.751708,45.218666],[-92.752308,45.216866],[-92.754005,45.212769],[-92.758008,45.209566],[-92.762108,45.207166],[-92.763908,45.204866],[-92.765708,45.199766],[-92.766932,45.195111],[-92.76713,45.194165],[-92.767408,45.190166],[-92.766808,45.185466],[-92.764872,45.182812],[-92.753207,45.174766],[-92.752404,45.173916],[-92.752019,45.17231],[-92.75193,45.171318],[-92.752117,45.170166],[-92.752594,45.169115],[-92.752709,45.16771],[-92.752868,45.167089],[-92.752761,45.166679],[-92.752424,45.166159],[-92.751436,45.165431],[-92.750297,45.164369],[-92.749951,45.163766],[-92.749793,45.163301],[-92.749796,45.162615],[-92.750496,45.160246],[-92.750565,45.15948],[-92.750983,45.158159],[-92.750974,45.157594],[-92.750877,45.157064],[-92.750314,45.155892],[-92.750141,45.15468],[-92.749654,45.153395],[-92.749221,45.151557],[-92.749179,45.149935],[-92.749055,45.148666],[-92.749144,45.148079],[-92.749368,45.147638],[-92.750709,45.146214],[-92.751136,45.145589],[-92.751944,45.143469],[-92.752196,45.142495],[-92.751957,45.141502],[-92.750202,45.138813],[-92.749737,45.138539],[-92.749423,45.13812],[-92.749201,45.137459],[-92.748584,45.135068],[-92.748229,45.133973],[-92.748,45.132887],[-92.747906,45.131824],[-92.747242,45.129747],[-92.746814,45.127808],[-92.746489,45.125852],[-92.745703,45.123128],[-92.744477,45.12138],[-92.742924,45.119918],[-92.74061,45.118454],[-92.739527,45.116515],[-92.739583,45.115598],[-92.740509,45.113396],[-92.741572,45.112215],[-92.742581,45.111236],[-92.744938,45.108309],[-92.746749,45.107051],[-92.747912,45.106529],[-92.750205,45.105679],[-92.753364,45.103871],[-92.754387,45.103146],[-92.756477,45.10101],[-92.757683,45.10027],[-92.759514,45.099469],[-92.76136,45.0985],[-92.765602,45.09573],[-92.771996,45.091],[-92.77401,45.089138],[-92.780159,45.085781],[-92.783241,45.084195],[-92.785897,45.083004],[-92.788369,45.081684],[-92.790338,45.080555],[-92.791528,45.079647],[-92.792319,45.078944],[-92.801632,45.079141],[-92.807754,45.079176],[-92.807776,45.081002],[-92.808292,45.081102],[-92.81037,45.081159],[-92.812641,45.082526],[-92.812872,45.082914],[-92.812967,45.085575],[-92.812724,45.09522],[-92.812768,45.100153],[-92.821102,45.095446],[-92.822052,45.094794],[-92.822973,45.093708],[-92.823128,45.093244],[-92.823666,45.090323],[-92.824187,45.088631],[-92.824925,45.085084],[-92.825656,45.082324],[-92.826991,45.079783],[-92.827495,45.078984],[-92.829281,45.076766],[-92.82857,45.075559],[-92.83109,45.075793],[-92.832292,45.075678],[-92.832865,45.075519],[-92.833663,45.075154],[-92.834312,45.074664],[-92.834749,45.074122],[-92.834783,45.079268],[-92.843866,45.080028],[-92.846517,45.080133],[-92.856015,45.079571],[-92.86321,45.079565],[-92.863375,45.092137],[-92.863377,45.100372],[-92.863463,45.102012],[-92.863732,45.123605],[-92.924638,45.123529],[-92.940338,45.123586],[-92.940663,45.123653],[-92.94436,45.123626],[-92.944825,45.123764],[-92.945374,45.123667],[-92.946104,45.12366],[-92.984513,45.123621],[-92.984619,45.123622],[-92.984621,45.123757],[-93.003849,45.123753],[-93.020518,45.123866],[-93.020449,45.124559],[-93.020421,45.144053],[-93.020388,45.146255],[-93.020313,45.146796],[-93.020374,45.155846],[-93.020278,45.171312],[-93.020069,45.183481],[-93.019978,45.200992],[-93.019765,45.209369],[-93.019608,45.225247],[-93.019417,45.232466],[-93.019347,45.245228],[-93.019496,45.254085],[-93.019561,45.268344],[-93.019484,45.287617],[-93.01955,45.29693],[-93.01944,45.296929],[-93.019476,45.299568],[-93.019566,45.299837],[-93.019582,45.30039],[-93.019635,45.305036],[-93.019219,45.311228],[-93.019319,45.325866],[-93.019519,45.333266],[-93.019567,45.337995],[-93.019492,45.34285],[-93.018413,45.374965],[-93.018645,45.382738],[-93.018659,45.385391],[-93.018796,45.387245],[-93.018943,45.394538],[-93.019563,45.41177],[-93.052931,45.412228],[-93.063189,45.412469],[-93.065908,45.41265],[-93.07444,45.412752],[-93.083244,45.412725],[-93.093271,45.413778],[-93.101328,45.413652],[-93.12522,45.413544],[-93.142138,45.413642],[-93.162917,45.414212],[-93.209997,45.413852],[-93.237744,45.413813],[-93.242118,45.413707],[-93.250227,45.413809],[-93.271941,45.413661],[-93.295391,45.41368],[-93.295726,45.413729],[-93.354637,45.413542],[-93.357254,45.413624],[-93.367723,45.413691],[-93.375231,45.413584],[-93.396402,45.413656],[-93.409056,45.413735],[-93.409719,45.413798],[-93.417111,45.413754],[-93.419044,45.413812],[-93.438915,45.413748],[-93.439061,45.413656],[-93.439333,45.413623],[-93.463503,45.41392],[-93.488902,45.414073],[-93.500558,45.414552],[-93.51007,45.414798],[-93.510141,45.416611],[-93.510067,45.41764],[-93.510111,45.429014],[-93.510432,45.443443],[-93.510429,45.450397],[-93.510354,45.450569],[-93.510475,45.451056],[-93.510549,45.457956],[-93.510639,45.479504],[-93.510537,45.482264],[-93.510538,45.484994],[-93.510633,45.493653],[-93.510472,45.507551],[-93.510715,45.552014],[-93.510824,45.555737],[-93.510704,45.558772],[-93.527361,45.558913],[-93.543604,45.558822],[-93.554014,45.55894],[-93.555039,45.55907],[-93.555136,45.558981],[-93.5554,45.558936],[-93.558451,45.558906],[-93.58156,45.559071],[-93.582062,45.559025],[-93.590655,45.559197],[-93.622053,45.559386],[-93.643754,45.559723],[-93.655591,45.559793],[-93.738406,45.559599],[-93.759435,45.559646],[-93.75982,45.57719],[-93.760264,45.616768],[-93.760115,45.618774],[-93.760351,45.632079],[-93.760582,45.655193],[-93.760774,45.666852],[-93.761526,45.692873],[-93.761807,45.708523],[-93.761928,45.720661],[-93.76222,45.73522],[-93.762084,45.747731],[-93.761754,45.763898],[-93.761862,45.771855],[-93.762144,45.77712],[-93.762574,45.792742],[-93.762938,45.799443],[-93.763303,45.81575],[-93.763948,45.822143],[-93.764399,45.830789],[-93.764335,45.836853],[-93.764855,45.845459],[-93.764869,45.846898],[-93.765213,45.851054],[-93.765841,45.862109],[-93.766649,45.865822],[-93.766831,45.872658],[-93.766825,45.87291],[-93.766616,45.873179],[-93.766515,45.873496],[-93.76713,45.884853],[-93.767183,45.887129],[-93.768033,45.904222],[-93.768207,45.909311],[-93.768603,45.910411],[-93.768471,45.938447],[-93.767894,45.953023],[-93.768891,45.982525],[-93.789688,45.982617],[-93.810321,45.98308],[-93.810423,45.999962],[-93.810538,46.077456],[-93.810308,46.12714],[-93.810425,46.130567],[-93.810399,46.133762],[-93.8105,46.141431],[-93.810386,46.147586],[-93.810408,46.149769],[-93.810224,46.152263],[-93.810378,46.154928],[-93.810362,46.156585],[-93.828072,46.156497],[-93.875256,46.156544],[-93.89408,46.15691],[-93.8958,46.1569],[-93.89648,46.15678],[-93.902799,46.15691],[-93.932795,46.156539],[-93.9411,46.156587],[-93.941679,46.156649],[-93.941923,46.156591],[-93.944342,46.156565],[-93.95163,46.1566],[-93.954917,46.15654],[-93.96407,46.15653],[-93.96648,46.15655],[-93.966923,46.156615],[-94.000264,46.156474],[-94.011433,46.156351],[-94.025399,46.156364],[-94.039775,46.156488],[-94.061989,46.156389],[-94.07295,46.15645],[-94.08387,46.1562],[-94.103746,46.15601],[-94.130473,46.155934],[-94.139556,46.155979],[-94.141628,46.155917],[-94.150723,46.156042],[-94.165766,46.156393],[-94.166917,46.156599],[-94.18839,46.15705],[-94.202601,46.156975],[-94.215223,46.157049],[-94.222617,46.156957],[-94.236294,46.156989],[-94.241027,46.157161],[-94.242947,46.157299],[-94.246378,46.157128],[-94.27008,46.15729],[-94.29285,46.15716],[-94.30876,46.15719],[-94.32912,46.156847],[-94.33461,46.1571],[-94.342106,46.15704],[-94.34377,46.157104],[-94.35761,46.15717],[-94.374592,46.157093],[-94.374731,46.157842],[-94.373524,46.160631],[-94.371357,46.163226],[-94.371031,46.164161],[-94.370961,46.164919],[-94.371167,46.166393],[-94.371825,46.167891],[-94.372055,46.169261],[-94.372028,46.172081],[-94.371644,46.173991],[-94.370125,46.175603],[-94.368253,46.17641],[-94.367364,46.176659],[-94.366475,46.177018],[-94.365651,46.178212],[-94.365559,46.178871],[-94.365758,46.179502],[-94.366186,46.180083],[-94.367926,46.18188],[-94.368837,46.182658],[-94.373918,46.188082],[-94.375281,46.190316],[-94.380085,46.19426],[-94.382543,46.195654],[-94.385044,46.196702],[-94.386141,46.197723],[-94.386573,46.199633],[-94.386947,46.201793],[-94.387843,46.203846],[-94.389406,46.20505],[-94.391839,46.206292],[-94.393672,46.207866],[-94.394831,46.209394],[-94.395718,46.211859],[-94.395557,46.213723],[-94.395058,46.215362],[-94.394897,46.217265],[-94.394921,46.219161],[-94.395049,46.220838],[-94.394893,46.221758],[-94.394775,46.224815],[-94.394384,46.228711],[-94.393719,46.229955],[-94.392726,46.230749],[-94.390133,46.231863],[-94.389406,46.232374],[-94.388981,46.233166],[-94.388978,46.234367],[-94.389401,46.235132],[-94.38979,46.236058],[-94.389657,46.236905],[-94.388922,46.238166],[-94.387721,46.239009],[-94.385936,46.239556],[-94.384737,46.240205],[-94.382719,46.240377],[-94.381188,46.240324],[-94.378834,46.240462],[-94.376251,46.241645],[-94.375281,46.241827],[-94.372702,46.242954],[-94.371183,46.244011],[-94.369987,46.245365],[-94.367735,46.247614],[-94.365598,46.249967],[-94.365167,46.250656],[-94.363479,46.251971],[-94.360467,46.253516],[-94.357778,46.254218],[-94.355302,46.255095],[-94.354387,46.256032],[-94.353876,46.257458],[-94.35356,46.258689],[-94.353616,46.259941],[-94.354247,46.260768],[-94.355184,46.261803],[-94.355549,46.262705],[-94.35541,46.263417],[-94.354783,46.264214],[-94.353142,46.265618],[-94.350526,46.267175],[-94.347679,46.268193],[-94.343892,46.268677],[-94.34135,46.269223],[-94.33977,46.270087],[-94.33887,46.271288],[-94.337739,46.273972],[-94.338022,46.275562],[-94.339097,46.276458],[-94.340555,46.277294],[-94.341679,46.277705],[-94.343413,46.276931],[-94.346415,46.276616],[-94.34986,46.278367],[-94.350635,46.279859],[-94.350356,46.28051],[-94.349412,46.281502],[-94.348921,46.282331],[-94.348088,46.283008],[-94.346036,46.284223],[-94.344746,46.285264],[-94.343673,46.286628],[-94.343936,46.287813],[-94.34434,46.288254],[-94.346041,46.291074],[-94.348548,46.292597],[-94.349411,46.293381],[-94.350529,46.295407],[-94.351314,46.295643],[-94.353912,46.297051],[-94.356237,46.298139],[-94.358804,46.299063],[-94.360673,46.300008],[-94.362388,46.300154],[-94.363923,46.299988],[-94.366227,46.299201],[-94.368344,46.298334],[-94.370736,46.297166],[-94.371994,46.297139],[-94.373125,46.297881],[-94.373812,46.299208],[-94.374536,46.30127],[-94.374996,46.302292],[-94.375281,46.30244],[-94.377633,46.304223],[-94.378752,46.305826],[-94.380285,46.308232],[-94.381181,46.309239],[-94.38192,46.309457],[-94.38259,46.309224],[-94.382828,46.30893],[-94.383073,46.308451],[-94.38357,46.306709],[-94.383889,46.305898],[-94.384241,46.305482],[-94.38583,46.304156],[-94.387365,46.303542],[-94.388504,46.303439],[-94.390147,46.303494],[-94.391187,46.304161],[-94.391386,46.305241],[-94.391231,46.306124],[-94.390584,46.306858],[-94.389433,46.307477],[-94.388143,46.308032],[-94.386968,46.309119],[-94.386941,46.30938],[-94.386844,46.31034],[-94.387419,46.311061],[-94.389232,46.312446],[-94.389668,46.312659],[-94.390964,46.312798],[-94.392909,46.312801],[-94.396165,46.313031],[-94.397646,46.313806],[-94.399653,46.315296],[-94.400065,46.316519],[-94.400001,46.318821],[-94.400156,46.319991],[-94.400965,46.320733],[-94.402291,46.321566],[-94.40457,46.322437],[-94.407332,46.32298],[-94.410315,46.32453],[-94.411691,46.32508],[-94.413806,46.325363],[-94.415973,46.325872],[-94.41773,46.326789],[-94.419943,46.327216],[-94.423099,46.327697],[-94.423823,46.328271],[-94.423843,46.329111],[-94.42368,46.330106],[-94.423789,46.330743],[-94.42478,46.331765],[-94.426529,46.332336],[-94.428585,46.332587],[-94.430306,46.332414],[-94.432606,46.331661],[-94.432845,46.3314],[-94.4347,46.330522],[-94.435902,46.330598],[-94.439111,46.331344],[-94.440911,46.331605],[-94.443179,46.33187],[-94.445111,46.331791],[-94.448292,46.33085],[-94.449432,46.330295],[-94.45053,46.329442],[-94.451725,46.328305],[-94.453115,46.327934],[-94.454148,46.328079],[-94.454764,46.328468],[-94.455654,46.329628],[-94.456393,46.33079],[-94.45762,46.331406],[-94.459253,46.331459],[-94.460459,46.331163],[-94.461556,46.330221],[-94.462525,46.328853],[-94.46341,46.327783],[-94.46459,46.326954],[-94.46568,46.32573],[-94.466305,46.324601],[-94.466977,46.32301],[-94.467386,46.322569],[-94.469005,46.322074],[-94.470746,46.32135],[-94.472135,46.321019],[-94.473268,46.320594],[-94.474644,46.320406],[-94.476399,46.320351],[-94.477544,46.320664],[-94.47894,46.32153],[-94.480134,46.321727],[-94.481072,46.321473],[-94.481663,46.32089],[-94.482104,46.320247],[-94.48222,46.31953],[-94.482123,46.318502],[-94.482159,46.317682],[-94.482731,46.316738],[-94.483826,46.315805],[-94.48555,46.315187],[-94.487726,46.314268],[-94.490026,46.313898],[-94.492602,46.314252],[-94.495266,46.315011],[-94.4976,46.31521],[-94.499259,46.314739],[-94.501017,46.313847],[-94.501878,46.313519],[-94.505381,46.313468],[-94.507036,46.313207],[-94.507885,46.312863],[-94.508725,46.311962],[-94.508924,46.311339],[-94.510251,46.309431],[-94.511465,46.30863],[-94.513392,46.308195],[-94.515001,46.308338],[-94.517229,46.308816],[-94.534724,46.302797],[-94.540523,46.303504],[-94.545061,46.304756],[-94.547391,46.306376],[-94.550436,46.307532],[-94.551821,46.307501],[-94.553634,46.307115],[-94.556183,46.307136],[-94.557405,46.307735],[-94.557941,46.309627],[-94.559094,46.311203],[-94.561223,46.312424],[-94.56795,46.313941],[-94.572971,46.31594],[-94.581724,46.322126],[-94.585557,46.324378],[-94.594391,46.326784],[-94.59748,46.326553],[-94.600951,46.327217],[-94.601929,46.328134],[-94.602434,46.32885],[-94.603286,46.329552],[-94.604213,46.330051],[-94.605758,46.329951],[-94.607545,46.329468],[-94.609169,46.3284],[-94.610868,46.326227],[-94.612254,46.325051],[-94.614168,46.324549],[-94.616064,46.324814],[-94.616969,46.325676],[-94.617722,46.32756],[-94.61883,46.32776],[-94.620129,46.327318],[-94.621109,46.326769],[-94.622062,46.326405],[-94.622852,46.326665],[-94.623505,46.327604],[-94.624185,46.328912],[-94.625291,46.330401],[-94.629434,46.334262],[-94.632295,46.337059],[-94.632906,46.337569],[-94.633536,46.338413],[-94.636003,46.340661],[-94.637279,46.341423],[-94.638833,46.341719],[-94.639836,46.341746],[-94.642308,46.341358],[-94.643864,46.341549],[-94.644554,46.34209],[-94.646379,46.343286],[-94.650791,46.347043],[-94.653462,46.348678],[-94.654942,46.349719],[-94.656825,46.351178],[-94.657834,46.351829],[-94.658485,46.35212],[-94.659315,46.352187],[-94.659961,46.351932],[-94.660974,46.351201],[-94.661894,46.350371],[-94.662477,46.350034],[-94.663105,46.350012],[-94.663509,46.350236],[-94.66481,46.352143],[-94.665124,46.353242],[-94.665841,46.358041],[-94.6662,46.359051],[-94.667187,46.359836],[-94.667882,46.360262],[-94.668645,46.360621],[-94.669385,46.360755],[-94.6705,46.360558],[-94.672221,46.359754],[-94.673823,46.35821],[-94.67453,46.355817],[-94.675413,46.353374],[-94.675463,46.35203],[-94.67562,46.351223],[-94.676136,46.350662],[-94.676899,46.35046],[-94.679703,46.350093],[-94.682034,46.350027],[-94.684704,46.350842],[-94.685803,46.351021],[-94.68713,46.351038],[-94.693788,46.349653],[-94.695111,46.349586],[-94.696322,46.349429],[-94.697337,46.349425],[-94.698161,46.349743],[-94.69944,46.349981],[-94.701623,46.34991],[-94.702835,46.350004],[-94.704196,46.350395],[-94.708448,46.351219],[-94.714809,46.352254],[-94.716264,46.351944],[-94.717922,46.350791],[-94.719131,46.350836],[-94.719981,46.350974],[-94.721382,46.35154],[-94.722769,46.352321],[-94.72338,46.352948],[-94.724139,46.354039],[-94.724803,46.35453],[-94.725826,46.355473],[-94.726621,46.356523],[-94.727106,46.357439],[-94.728074,46.359699],[-94.729468,46.361181],[-94.730136,46.361776],[-94.731672,46.36418],[-94.731831,46.365473],[-94.731885,46.366906],[-94.731442,46.368605],[-94.731583,46.372348],[-94.731008,46.373861],[-94.731042,46.374845],[-94.730976,46.374959],[-94.730993,46.37559],[-94.730885,46.376421],[-94.730127,46.377473],[-94.730189,46.377957],[-94.729599,46.37891],[-94.72831,46.379798],[-94.728003,46.380305],[-94.727958,46.38071],[-94.728231,46.381241],[-94.728909,46.381633],[-94.729787,46.382274],[-94.731497,46.383668],[-94.73196,46.383999],[-94.732278,46.384047],[-94.733168,46.383897],[-94.735677,46.383094],[-94.736302,46.382839],[-94.736704,46.382394],[-94.737561,46.382019],[-94.738807,46.380965],[-94.741111,46.379995],[-94.742146,46.380014],[-94.742929,46.38051],[-94.743471,46.381305],[-94.743615,46.38178],[-94.743469,46.382288],[-94.743126,46.382935],[-94.742956,46.383419],[-94.743008,46.383991],[-94.743442,46.384481],[-94.743991,46.384728],[-94.744922,46.38482],[-94.746153,46.384669],[-94.74724,46.38414],[-94.748221,46.383313],[-94.748735,46.382295],[-94.749367,46.380301],[-94.750294,46.379395],[-94.751155,46.379118],[-94.751798,46.379053],[-94.752387,46.379323],[-94.752963,46.380111],[-94.753432,46.382122],[-94.753365,46.383123],[-94.753608,46.383814],[-94.754136,46.384454],[-94.755042,46.384523],[-94.756718,46.383608],[-94.75734,46.383026],[-94.758196,46.382621],[-94.758857,46.382514],[-94.759369,46.382705],[-94.760012,46.383122],[-94.760308,46.38391],[-94.760431,46.384972],[-94.760277,46.385947],[-94.759799,46.387157],[-94.759723,46.387713],[-94.760239,46.388363],[-94.76094,46.388957],[-94.761757,46.389469],[-94.762455,46.389612],[-94.764766,46.38949],[-94.765185,46.389609],[-94.765466,46.38993],[-94.765434,46.390228],[-94.764789,46.390874],[-94.76284,46.392548],[-94.762542,46.393193],[-94.76264,46.393829],[-94.763881,46.395072],[-94.764885,46.395713],[-94.766237,46.396239],[-94.767832,46.396685],[-94.769599,46.396856],[-94.770783,46.396771],[-94.771419,46.396535],[-94.771544,46.396164],[-94.771104,46.394943],[-94.771036,46.393792],[-94.771308,46.392986],[-94.77172,46.392429],[-94.772599,46.392007],[-94.773911,46.391938],[-94.775144,46.39224],[-94.777127,46.393263],[-94.77882,46.394012],[-94.779121,46.394215],[-94.779155,46.405843],[-94.779057,46.40817],[-94.778964,46.408674],[-94.778905,46.411582],[-94.779094,46.415692],[-94.778893,46.418469],[-94.77881,46.44089],[-94.778999,46.464064],[-94.778977,46.47707],[-94.779076,46.491003],[-94.77879,46.49901],[-94.778995,46.499954],[-94.779072,46.503506],[-94.779597,46.540699],[-94.779566,46.553082],[-94.779817,46.57199],[-94.779862,46.588201],[-94.780253,46.615549],[-94.780557,46.629879],[-94.780665,46.630009],[-94.780973,46.630102],[-94.785591,46.63009],[-94.785899,46.630199],[-94.785977,46.630402],[-94.78627,46.671089],[-94.786254,46.687863],[-94.786648,46.717222],[-94.786757,46.733245],[-94.78673,46.73961],[-94.786854,46.745953],[-94.786797,46.758784],[-94.786928,46.768963],[-94.787126,46.803943],[-94.771973,46.803951],[-94.765669,46.804026],[-94.765592,46.803966],[-94.763439,46.803964],[-94.75016,46.804085],[-94.723338,46.804079],[-94.723225,46.804176],[-94.723209,46.804069],[-94.722162,46.804032],[-94.716322,46.804056],[-94.659942,46.803716],[-94.659952,46.810288],[-94.659853,46.816872],[-94.659899,46.818157],[-94.659808,46.821086],[-94.65951,46.877105],[-94.659575,46.882654],[-94.658864,46.912723],[-94.658868,46.947613],[-94.658788,46.953998],[-94.658843,46.954949],[-94.65837,46.97694],[-94.663635,46.976926],[-94.664003,47.005869],[-94.663837,47.010109],[-94.663844,47.024807],[-94.664015,47.025585],[-94.66403,47.028019],[-94.663866,47.031959],[-94.663994,47.03422],[-94.663855,47.03549],[-94.664133,47.035371],[-94.664591,47.034967],[-94.665622,47.03345],[-94.66989,47.02945],[-94.67067,47.02836],[-94.67825,47.0213],[-94.68084,47.01944],[-94.68239,47.01858],[-94.68498,47.01784],[-94.68508,47.02413],[-94.68529,47.02445],[-94.68598,47.02478],[-94.68678,47.02479],[-94.69061,47.02425],[-94.6926,47.02417],[-94.69303,47.02428],[-94.69386,47.02466],[-94.6943,47.02471],[-94.69481,47.02467],[-94.69591,47.02435],[-94.69739,47.02334],[-94.69775,47.02318],[-94.69809,47.02319],[-94.69919,47.02354],[-94.69987,47.02355],[-94.70068,47.02341],[-94.70185,47.02308],[-94.70391,47.02209],[-94.70508,47.02111],[-94.70709,47.01883],[-94.70791,47.01693],[-94.70985,47.0169],[-94.71039,47.01677],[-94.71108,47.01647],[-94.71184,47.01637],[-94.71225,47.01639],[-94.71375,47.01669],[-94.71701,47.016622],[-94.71695,47.01648],[-94.717577,47.016196],[-94.719674,47.01452],[-94.721692,47.013155],[-94.721739,47.013982],[-94.722574,47.013042],[-94.724204,47.01182],[-94.725518,47.011101],[-94.726509,47.010878],[-94.72646,47.01073],[-94.726104,47.010597],[-94.726023,47.010389],[-94.72619,47.010119],[-94.726497,47.009919],[-94.727301,47.00975],[-94.728566,47.009764],[-94.730397,47.01009],[-94.731756,47.010453],[-94.732289,47.00975],[-94.732849,47.009319],[-94.733356,47.008772],[-94.734949,47.006344],[-94.737097,47.004121],[-94.738054,47.003563],[-94.739422,47.003021],[-94.739986,47.002252],[-94.740973,47.001832],[-94.741377,47.001795],[-94.741894,47.001882],[-94.742999,47.002364],[-94.742969,47.000868],[-94.74957,47.00008],[-94.749439,46.999621],[-94.750986,46.999921],[-94.77147,46.99747],[-94.77357,46.99708],[-94.77651,46.99631],[-94.77873,46.99548],[-94.78031,46.99477],[-94.78192,46.99389],[-94.78332,46.99297],[-94.78448,46.99209],[-94.78946,46.98739],[-94.790858,46.986408],[-94.79091,46.99003],[-94.79101,46.99031],[-94.79102,46.99078],[-94.79099,47.00002],[-94.79088,47.0065],[-94.791015,47.008308],[-94.791068,47.019442],[-94.79097,47.0247],[-94.79098,47.03503],[-94.79083,47.03533],[-94.79097,47.03548],[-94.791287,47.049881],[-94.791366,47.049935],[-94.791263,47.064102],[-94.83425,47.064442],[-94.88092,47.064991],[-94.903819,47.065109],[-94.908594,47.065234],[-94.917536,47.065255],[-94.917601,47.050694],[-94.917537,47.049858],[-94.91769,47.04179],[-94.91768,47.03772],[-94.91772,47.03659],[-94.91781,47.03626],[-94.917596,47.02809],[-94.917579,47.023435],[-94.917478,47.0221],[-94.917405,47.01895],[-94.91729,46.99017],[-94.91717,46.98875],[-94.91697,46.98851],[-94.917004,46.987075],[-94.916652,46.98081],[-94.916665,46.978098],[-94.916718,46.977847],[-94.945093,46.978003],[-94.94513,46.97784],[-94.950933,46.97786],[-94.975589,46.978187],[-94.979997,46.97837],[-94.98002,46.97825],[-94.99425,46.97839],[-94.99519,46.97839],[-94.996467,46.978262],[-95.004493,46.97843],[-95.0072,46.97834],[-95.00804,46.97837],[-95.00854,46.97847],[-95.011077,46.978334],[-95.02312,46.97831],[-95.0236,46.97824],[-95.02473,46.97791],[-95.03387,46.97826],[-95.0436,46.97817],[-95.05455,46.97829],[-95.06833,46.97833],[-95.07665,46.97829],[-95.07756,46.97821],[-95.07932,46.97821],[-95.07941,46.97816],[-95.086605,46.978416],[-95.102862,46.978471],[-95.112416,46.978477],[-95.170981,46.97817],[-95.177405,46.978243],[-95.180167,46.978209],[-95.182712,46.978298],[-95.204147,46.978245],[-95.212048,46.978126],[-95.220297,46.978172],[-95.238526,46.978064],[-95.251672,46.977883],[-95.252393,46.977908],[-95.252695,46.977996],[-95.270582,46.977878],[-95.275014,46.977581],[-95.276112,46.977574],[-95.277475,46.977598],[-95.279417,46.977814],[-95.288013,46.977747],[-95.296858,46.977563],[-95.309924,46.977646],[-95.360083,46.977412],[-95.362882,46.97748],[-95.383993,46.977476],[-95.410866,46.977314],[-95.422941,46.977355],[-95.459122,46.977093],[-95.500569,46.976937],[-95.53977,46.976635],[-95.550714,46.976147],[-95.557062,46.976361],[-95.601124,46.976761],[-95.684458,46.97659],[-95.709704,46.976886],[-95.732591,46.97702],[-95.732771,46.97708],[-95.742891,46.977228],[-95.750121,46.977276],[-95.794343,46.977279],[-95.79759,46.977352],[-95.824806,46.977113],[-95.825072,46.97697],[-95.826224,46.977112],[-95.846487,46.977126],[-95.85462,46.977424],[-95.890561,46.977262],[-95.964756,46.977387],[-95.979219,46.97744],[-95.982803,46.977564],[-95.985404,46.977571],[-95.997471,46.977179],[-96.011401,46.977444],[-96.027326,46.977488],[-96.047787,46.977446],[-96.066021,46.977307],[-96.065956,46.979024],[-96.066028,46.979439],[-96.066141,46.991936],[-96.066434,47.006419],[-96.06658,47.020958],[-96.067022,47.049954],[-96.066593,47.057084],[-96.066428,47.06444],[-96.06675,47.093463],[-96.067184,47.108337],[-96.067115,47.122896],[-96.067469,47.124984],[-96.066754,47.14311],[-96.066757,47.146588],[-96.067047,47.150063],[-96.067069,47.151813],[-96.067086,47.177153],[-96.066996,47.193725],[-96.067101,47.224107],[-96.066959,47.23877],[-96.066979,47.252877],[-96.066621,47.265596],[-96.066627,47.278571],[-96.066554,47.283715],[-96.066649,47.322697],[-96.066803,47.325743],[-96.06686,47.329908],[-96.066914,47.360147],[-96.067067,47.375011],[-96.067259,47.384306],[-96.067263,47.391288],[-96.067439,47.403751],[-96.067456,47.411238],[-96.067364,47.421905],[-96.06741,47.472322],[-96.067491,47.484467],[-96.067545,47.4847],[-96.067719,47.484824],[-96.067523,47.495908],[-96.067621,47.499136],[-96.026909,47.499192],[-95.937506,47.499119],[-95.927928,47.49919],[-95.910091,47.498988],[-95.890529,47.499115],[-95.875655,47.499066],[-95.871777,47.499367],[-95.818829,47.499413],[-95.818095,47.499472],[-95.816757,47.499874],[-95.816127,47.499981],[-95.81549,47.49993],[-95.814329,47.499528],[-95.813588,47.499427],[-95.805239,47.499431],[-95.805078,47.499289],[-95.804217,47.49889],[-95.802983,47.499348],[-95.801746,47.499442],[-95.793361,47.499436],[-95.791981,47.499081],[-95.7907,47.498944],[-95.789385,47.499355],[-95.788222,47.49944],[-95.77573,47.499219],[-95.750332,47.499108],[-95.724116,47.499216],[-95.723952,47.499266],[-95.721222,47.499284],[-95.66711,47.499389],[-95.663118,47.49954],[-95.648007,47.499489],[-95.632992,47.499536],[-95.627325,47.499469],[-95.596264,47.499613],[-95.591143,47.499816],[-95.583436,47.49991],[-95.570219,47.499907],[-95.564367,47.500258],[-95.562897,47.500271],[-95.555574,47.500005],[-95.554248,47.499893],[-95.553817,47.507768],[-95.553603,47.519612],[-95.553724,47.522428],[-95.553822,47.539767],[-95.553678,47.557588],[-95.553648,47.572434],[-95.55371,47.581448],[-95.55369,47.582929],[-95.553546,47.583125],[-95.553547,47.619472],[-95.55372,47.64462],[-95.55389,47.64487],[-95.55393,47.64518],[-95.553771,47.655765],[-95.553517,47.661927],[-95.553641,47.666672],[-95.553594,47.670592],[-95.553289,47.672283],[-95.553392,47.67361],[-95.578839,47.673677],[-95.578867,47.702644],[-95.579061,47.724425],[-95.57926,47.73712],[-95.57931,47.74527],[-95.5796,47.75366],[-95.580099,47.761746],[-95.579974,47.764179],[-95.579938,47.780279],[-95.57976,47.78196],[-95.57993,47.79016],[-95.57991,47.7965],[-95.580673,47.830014],[-95.580932,47.852716],[-95.581172,47.861545],[-95.581115,47.86306],[-95.5813,47.87603],[-95.581377,47.890375],[-95.581567,47.898329],[-95.58185,47.91942],[-95.58211,47.926342],[-95.58245,47.97731],[-95.582589,47.985459],[-95.582569,47.988839],[-95.58243,47.991009],[-95.58237,47.99869],[-95.58261,48.00623],[-95.582887,48.020557],[-95.592487,48.020558],[-95.592287,48.037359],[-95.592286,48.052659],[-95.592585,48.077959],[-95.593084,48.10316],[-95.593134,48.12496],[-95.593788,48.172916],[-95.593962,48.25296],[-95.593885,48.258295],[-95.593668,48.263074],[-95.593681,48.264393],[-95.593519,48.265121],[-95.593734,48.265894],[-95.593482,48.266106],[-95.59357,48.266797],[-95.59336,48.27155],[-95.593349,48.287645],[-95.593268,48.295917],[-95.593155,48.297157],[-95.593084,48.310379],[-95.593152,48.324012],[-95.593056,48.339424],[-95.593253,48.353914],[-95.593199,48.365445],[-95.601978,48.36543],[-95.602064,48.374054],[-95.602218,48.379602],[-95.602854,48.394995],[-95.602865,48.40877],[-95.602524,48.423264],[-95.602295,48.437757],[-95.601705,48.452165],[-95.601832,48.459153],[-95.601765,48.462307],[-95.601242,48.473969],[-95.601028,48.481486],[-95.600959,48.487982],[-95.600793,48.492408],[-95.6007,48.510088],[-95.601102,48.524553],[-95.601093,48.532075],[-95.601483,48.533677],[-95.602315,48.538887],[-95.599688,48.538755],[-95.586733,48.538533],[-95.58205,48.53862],[-95.574066,48.538616],[-95.56017,48.53883],[-95.536515,48.538877],[-95.493113,48.539152],[-95.471246,48.539684],[-95.451355,48.539792],[-95.43999,48.540119],[-95.438881,48.540039],[-95.429487,48.539857],[-95.427919,48.539927],[-95.407927,48.540087],[-95.406384,48.540035],[-95.386091,48.540095],[-95.37525,48.540028],[-95.363828,48.540437],[-95.3634,48.540346],[-95.34254,48.540211],[-95.342635,48.54324],[-95.342618,48.597874],[-95.34248,48.612681],[-95.342641,48.636129],[-95.342347,48.636723],[-95.342372,48.641063],[-95.342667,48.641333],[-95.342554,48.655815],[-95.342541,48.670383],[-95.342764,48.68478],[-95.34273,48.713028],[-95.322564,48.712974],[-95.321017,48.713034],[-95.302507,48.712938],[-95.250235,48.713145],[-95.244179,48.713072],[-95.147938,48.712917],[-95.146964,48.71287],[-95.146836,48.712804],[-95.142011,48.712979],[-95.125567,48.713173],[-95.100211,48.712946],[-95.089863,48.713062],[-95.089961,48.73832],[-95.08982,48.742225],[-95.089787,48.749872],[-95.09039,48.75687],[-95.090537,48.76616],[-95.090571,48.770996],[-95.09038,48.783847],[-95.090487,48.786949],[-95.090549,48.792723],[-95.09029,48.801963],[-95.090362,48.814493],[-95.090602,48.83785],[-95.090737,48.841262],[-95.090975,48.865215],[-95.091163,48.899089],[-95.091244,48.901365],[-95.091282,48.919173],[-95.091464,48.920618],[-95.091779,48.920574],[-95.093407,48.919834],[-95.094407,48.919273],[-95.094615,48.919067],[-95.096104,48.918084],[-95.09704,48.917581],[-95.097109,48.917101],[-95.097524,48.916347],[-95.098113,48.91589],[-95.100884,48.91413],[-95.102062,48.91317],[-95.103239,48.912622],[-95.105664,48.911296],[-95.110791,48.908142],[-95.112696,48.907273],[-95.113285,48.90709],[-95.113735,48.906815],[-95.11415,48.906381],[-95.114081,48.906061],[-95.114495,48.905193],[-95.115188,48.904508],[-95.116365,48.903639],[-95.120451,48.901878],[-95.12059,48.901695],[-95.121005,48.901581],[-95.12284,48.900506],[-95.123394,48.900323],[-95.123983,48.900003],[-95.12523,48.899762],[-95.13124,48.897452],[-95.132298,48.897289],[-95.133723,48.896806],[-95.13434,48.896208],[-95.135194,48.896229],[-95.135581,48.895897],[-95.138145,48.894833],[-95.14047,48.894268],[-95.143648,48.893683],[-95.14384,48.893353],[-95.148381,48.892264],[-95.150893,48.892197],[-95.152807,48.892004],[-95.157965,48.891821],[-95.161882,48.891981],[-95.164148,48.891689],[-95.164839,48.89122],[-95.170122,48.890126],[-95.173032,48.889679],[-95.181903,48.888722],[-95.185154,48.888104],[-95.186356,48.887632],[-95.18778,48.887312],[-95.18895,48.887202],[-95.190179,48.886915],[-95.191324,48.886773],[-95.192492,48.886453],[-95.195635,48.886117],[-95.198616,48.885476],[-95.20052,48.885555],[-95.202467,48.885168],[-95.205902,48.884718],[-95.208526,48.884563],[-95.211213,48.884714],[-95.211707,48.884625],[-95.212262,48.884189],[-95.214482,48.88421],[-95.215188,48.883925],[-95.215968,48.883873],[-95.217097,48.883449],[-95.218817,48.883441],[-95.219385,48.88322],[-95.220067,48.883113],[-95.220898,48.883166],[-95.225255,48.881938],[-95.226495,48.881681],[-95.228775,48.88159],[-95.231041,48.881401],[-95.233505,48.881395],[-95.235606,48.88145],[-95.23816,48.881693],[-95.239177,48.881898],[-95.242329,48.882094],[-95.243965,48.882295],[-95.245887,48.882889],[-95.247272,48.883445],[-95.248041,48.883513],[-95.248598,48.883181],[-95.249685,48.883328],[-95.251707,48.883857],[-95.254859,48.884474],[-95.256036,48.884978],[-95.257074,48.885755],[-95.258567,48.88666],[-95.262752,48.887654],[-95.263515,48.887951],[-95.263965,48.888203],[-95.265454,48.888729],[-95.266631,48.8893],[-95.267496,48.88994],[-95.267704,48.890237],[-95.268085,48.890488],[-95.271305,48.891426],[-95.27456,48.893049],[-95.275183,48.893757],[-95.275391,48.894214],[-95.274836,48.895036],[-95.274939,48.895585],[-95.275597,48.895882],[-95.275909,48.89611],[-95.276394,48.896202],[-95.276567,48.896156],[-95.277052,48.895722],[-95.27733,48.895608],[-95.27823,48.895586],[-95.279096,48.895654],[-95.279616,48.896157],[-95.280378,48.896477],[-95.281313,48.89666],[-95.283981,48.89746],[-95.285332,48.897643],[-95.286544,48.897484],[-95.287064,48.897552],[-95.287999,48.897804],[-95.288276,48.898055],[-95.289038,48.899357],[-95.289626,48.899974],[-95.290181,48.900271],[-95.29115,48.900522],[-95.291185,48.900774],[-95.290665,48.90107],[-95.290769,48.90139],[-95.290977,48.901619],[-95.291427,48.901824],[-95.292778,48.901825],[-95.293539,48.901963],[-95.294129,48.902647],[-95.294961,48.902784],[-95.297663,48.902579],[-95.298372,48.902772],[-95.299361,48.903402],[-95.30104,48.904216],[-95.299324,48.90564],[-95.298899,48.90592],[-95.297476,48.907536],[-95.297215,48.907702],[-95.297185,48.907837],[-95.296487,48.908192],[-95.296403,48.908319],[-95.296844,48.908291],[-95.297151,48.90844],[-95.297125,48.908539],[-95.296909,48.90872],[-95.297084,48.908819],[-95.297399,48.909198],[-95.298264,48.90923],[-95.298854,48.90968],[-95.300276,48.910174],[-95.30129,48.91068],[-95.302021,48.911351],[-95.302711,48.912383],[-95.303334,48.913069],[-95.304241,48.913595],[-95.30464,48.91376],[-95.305054,48.91381],[-95.306052,48.914365],[-95.308945,48.916577],[-95.30967,48.91705],[-95.310019,48.917411],[-95.310217,48.917746],[-95.310777,48.917902],[-95.310892,48.918274],[-95.310842,48.918476],[-95.31035,48.918887],[-95.310309,48.919129],[-95.310467,48.919332],[-95.310934,48.919657],[-95.311108,48.919728],[-95.311541,48.919701],[-95.311781,48.920018],[-95.311963,48.920518],[-95.312896,48.920913],[-95.313636,48.921699],[-95.313793,48.922373],[-95.313686,48.922647],[-95.313485,48.922883],[-95.313485,48.923082],[-95.313634,48.92334],[-95.313934,48.923526],[-95.314775,48.923576],[-95.315789,48.924169],[-95.316063,48.924443],[-95.31618,48.924663],[-95.316214,48.925217],[-95.316287,48.925338],[-95.316221,48.926522],[-95.316313,48.926885],[-95.316563,48.927215],[-95.316521,48.927477],[-95.317634,48.927784],[-95.318741,48.9283],[-95.319015,48.928489],[-95.319299,48.928893],[-95.319614,48.929493],[-95.319505,48.929772],[-95.319505,48.930161],[-95.320198,48.931403],[-95.320394,48.932005],[-95.320652,48.932391],[-95.3207,48.932705],[-95.321277,48.933763],[-95.322115,48.934838],[-95.322325,48.934896],[-95.322767,48.935435],[-95.32269,48.935661],[-95.322484,48.935794],[-95.322259,48.935769],[-95.322194,48.93584],[-95.322432,48.936146],[-95.322428,48.936366],[-95.322317,48.936546],[-95.322351,48.936636],[-95.322968,48.937056],[-95.323092,48.937516],[-95.322948,48.937798],[-95.323113,48.938533],[-95.323099,48.939021],[-95.322877,48.939523],[-95.322972,48.939757],[-95.322894,48.940199],[-95.322515,48.940865],[-95.322045,48.941191],[-95.32173,48.941314],[-95.321444,48.94191],[-95.321085,48.942271],[-95.320368,48.942672],[-95.319126,48.943001],[-95.31787,48.943862],[-95.317537,48.94419],[-95.317198,48.944697],[-95.316101,48.945569],[-95.315622,48.945846],[-95.314854,48.946122],[-95.314116,48.946271],[-95.312461,48.946269],[-95.311317,48.946471],[-95.309755,48.946584],[-95.308354,48.946481],[-95.308289,48.946509],[-95.308461,48.946846],[-95.308406,48.946946],[-95.308027,48.946725],[-95.30794,48.946501],[-95.307521,48.946378],[-95.307467,48.946241],[-95.307606,48.94608],[-95.308069,48.94589],[-95.308215,48.945753],[-95.308261,48.945561],[-95.30836,48.945471],[-95.308021,48.945194],[-95.307749,48.945711],[-95.307303,48.945886],[-95.307106,48.946037],[-95.307027,48.946257],[-95.307287,48.946765],[-95.307642,48.947075],[-95.308104,48.947245],[-95.308366,48.947511],[-95.308561,48.947592],[-95.309477,48.947662],[-95.310416,48.947654],[-95.311344,48.947858],[-95.311517,48.948138],[-95.311559,48.949009],[-95.311209,48.949023],[-95.311094,48.948233],[-95.31095,48.948092],[-95.310827,48.948166],[-95.310918,48.948987],[-95.310527,48.949007],[-95.310459,48.948926],[-95.310461,48.94818],[-95.310299,48.948033],[-95.309396,48.947838],[-95.30822,48.947786],[-95.307896,48.947692],[-95.306965,48.946888],[-95.306828,48.946676],[-95.306771,48.945896],[-95.306834,48.945803],[-95.307291,48.94569],[-95.307404,48.945501],[-95.306707,48.945233],[-95.305975,48.945322],[-95.305082,48.945771],[-95.30475,48.946028],[-95.304726,48.947334],[-95.304954,48.948348],[-95.305175,48.948577],[-95.305673,48.949362],[-95.305919,48.949602],[-95.307686,48.950622],[-95.308966,48.950942],[-95.309718,48.951045],[-95.310254,48.951005],[-95.310489,48.950847],[-95.312128,48.950852],[-95.312503,48.950737],[-95.313062,48.950813],[-95.313517,48.951023],[-95.313858,48.951303],[-95.314874,48.951253],[-95.317731,48.952444],[-95.318182,48.953038],[-95.318217,48.953495],[-95.317762,48.954415],[-95.317558,48.955116],[-95.31794,48.955824],[-95.318841,48.956167],[-95.319186,48.956807],[-95.32063,48.958232],[-95.32071,48.958557],[-95.321141,48.959253],[-95.321113,48.959642],[-95.32119,48.959851],[-95.320867,48.960037],[-95.320662,48.960478],[-95.320039,48.961232],[-95.319998,48.961381],[-95.320273,48.96218],[-95.320329,48.962777],[-95.32015,48.96324],[-95.319829,48.96351],[-95.319698,48.96373],[-95.320055,48.96398],[-95.320621,48.964567],[-95.320795,48.965034],[-95.320754,48.965363],[-95.320819,48.965611],[-95.320994,48.966],[-95.321269,48.966313],[-95.322359,48.967107],[-95.32344,48.967645],[-95.324057,48.968063],[-95.324773,48.968841],[-95.325514,48.969857],[-95.325879,48.971085],[-95.325938,48.97198],[-95.326186,48.973131],[-95.32641,48.973756],[-95.326486,48.974579],[-95.326603,48.974881],[-95.326835,48.976191],[-95.327075,48.97804],[-95.327026,48.978304],[-95.327159,48.979697],[-95.327,48.980278],[-95.32695,48.981072],[-95.326758,48.982076],[-95.326526,48.982324],[-95.32625,48.982877],[-95.325666,48.983036],[-95.325575,48.983129],[-95.325516,48.983375],[-95.325216,48.983633],[-95.32514,48.983848],[-95.324791,48.984308],[-95.3239,48.985098],[-95.323633,48.985657],[-95.323609,48.985876],[-95.324024,48.986522],[-95.323674,48.987082],[-95.323315,48.987943],[-95.322766,48.988749],[-95.322406,48.989116],[-95.322341,48.989342],[-95.32214,48.989582],[-95.321615,48.990564],[-95.321375,48.990531],[-95.321291,48.990322],[-95.321648,48.989594],[-95.321682,48.98932],[-95.321607,48.98927],[-95.321432,48.98933],[-95.321099,48.990175],[-95.320815,48.990449],[-95.320875,48.990455],[-95.320523,48.990586],[-95.319841,48.991687],[-95.319697,48.992166],[-95.319091,48.992888],[-95.318982,48.993118],[-95.319182,48.993124],[-95.319515,48.992856],[-95.31974,48.992779],[-95.319881,48.9929],[-95.319865,48.993064],[-95.318997,48.994253],[-95.31874,48.994818],[-95.318081,48.995493],[-95.31798,48.995798],[-95.317722,48.996078],[-95.317738,48.996183],[-95.317904,48.996243],[-95.318396,48.996358],[-95.318738,48.996354],[-95.319363,48.99609],[-95.319722,48.995838],[-95.319888,48.995658],[-95.319821,48.995465],[-95.319904,48.995372],[-95.320172,48.995515],[-95.320579,48.995471],[-95.320388,48.995735],[-95.319638,48.996211],[-95.319654,48.996364],[-95.319287,48.996376],[-95.319079,48.996463],[-95.31893,48.996638],[-95.319613,48.996918],[-95.320087,48.997243],[-95.320311,48.997225],[-95.320603,48.99738],[-95.320704,48.997582],[-95.320394,48.997682],[-95.320311,48.997797],[-95.321168,48.998334],[-95.321019,48.998416],[-95.32041,48.998366],[-95.320095,48.998416],[-95.319902,48.998646],[-95.319888,48.998923],[-95.153191,48.99887],[-95.153395,49.384479],[-95.15031,49.382991],[-95.149808,49.38065],[-95.14671,49.380126],[-95.145062,49.378303],[-95.141902,49.378315],[-95.139783,49.376121],[-95.132735,49.373576],[-95.128713,49.370452],[-95.115936,49.366598],[-95.109806,49.366385],[-95.103198,49.365116],[-95.103138,49.363526],[-95.08977,49.361184],[-95.058302,49.353253],[-95.049521,49.353112],[-95.014201,49.356476],[-94.989,49.368942],[-94.974294,49.367707],[-94.957394,49.370198],[-94.952069,49.368733],[-94.909101,49.350144],[-94.90652,49.348374],[-94.878277,49.333368],[-94.854055,49.324341],[-94.836401,49.324276],[-94.816264,49.321399],[-94.824352,49.308952],[-94.825535,49.294354],[-94.797327,49.214345],[-94.797976,49.19786],[-94.772784,49.120507],[-94.74965,49.09874],[-94.723105,49.012898],[-94.683457,48.88412],[-94.684295,48.872351],[-94.692396,48.869014],[-94.690213,48.863554],[-94.693061,48.853416],[-94.685583,48.840049],[-94.697508,48.835489],[-94.702009,48.831824],[-94.704291,48.824217],[-94.695122,48.809154],[-94.695983,48.799644],[-94.694402,48.789444],[-94.690902,48.777999],[-94.687081,48.775138],[-94.676857,48.771652],[-94.667198,48.76617],[-94.660317,48.76041],[-94.652023,48.756145],[-94.645377,48.749066],[-94.645365,48.744017],[-94.641288,48.741217],[-94.629986,48.738954],[-94.619162,48.737263],[-94.610641,48.731796],[-94.601195,48.728213],[-94.596292,48.724751],[-94.591384,48.719607],[-94.587653,48.717578],[-94.568545,48.715523],[-94.55584,48.716236],[-94.549035,48.714743],[-94.545739,48.712393],[-94.538515,48.702701],[-94.532951,48.701217],[-94.524765,48.701556],[-94.517395,48.700699],[-94.509316,48.700503],[-94.499605,48.697964],[-94.486388,48.697917],[-94.470664,48.696583],[-94.463173,48.695198],[-94.456872,48.693263],[-94.452379,48.692401],[-94.446587,48.692917],[-94.438829,48.694828],[-94.424163,48.705272],[-94.421378,48.708579],[-94.418915,48.710247],[-94.415832,48.710971],[-94.406028,48.710482],[-94.388964,48.711943],[-94.384073,48.711821],[-94.380182,48.711001],[-94.368791,48.706473],[-94.353341,48.704113],[-94.343139,48.703404],[-94.328751,48.704456],[-94.308817,48.710273],[-94.291194,48.707812],[-94.282929,48.705616],[-94.274569,48.699868],[-94.264495,48.69899],[-94.261092,48.696597],[-94.258086,48.691708],[-94.252969,48.686343],[-94.251435,48.683612],[-94.250741,48.67812],[-94.25306,48.66925],[-94.254838,48.663967],[-94.254668,48.661441],[-94.250948,48.656899],[-94.246794,48.654174],[-94.244515,48.653461],[-94.23355,48.652302],[-94.224205,48.649457],[-94.214486,48.649335],[-94.199662,48.650938],[-94.188644,48.650378],[-94.167826,48.648145],[-94.157486,48.645725],[-94.152214,48.645492],[-94.139159,48.645989],[-94.12607,48.644338],[-94.110017,48.644267],[-94.099938,48.645858],[-94.091264,48.643651],[-94.08499,48.644066],[-94.076738,48.64417],[-94.071451,48.645885],[-94.065878,48.646145],[-94.064279,48.643718],[-94.060295,48.643094],[-94.052519,48.643998],[-94.043242,48.643459],[-94.035615,48.64104],[-94.029549,48.640878],[-94.006957,48.643283],[-94.000759,48.64282],[-93.9897,48.640502],[-93.984084,48.640104],[-93.977768,48.638475],[-93.968009,48.638431],[-93.959691,48.637171],[-93.953017,48.634127],[-93.934064,48.632628],[-93.916959,48.632854],[-93.913488,48.635227],[-93.90573,48.634554],[-93.894894,48.632358],[-93.884413,48.631719],[-93.87573,48.631828],[-93.869881,48.631087],[-93.848045,48.630753],[-93.844351,48.630222],[-93.836509,48.627562],[-93.833443,48.625593],[-93.829298,48.617606],[-93.824508,48.612993],[-93.821427,48.609163],[-93.817517,48.59697],[-93.813086,48.587968],[-93.806349,48.579507],[-93.804159,48.570213],[-93.805168,48.56437],[-93.808049,48.556847],[-93.811995,48.550289],[-93.810249,48.544422],[-93.810987,48.540924],[-93.818008,48.534906],[-93.818489,48.531413],[-93.816158,48.528494],[-93.811124,48.524648],[-93.803022,48.521965],[-93.793369,48.516311],[-93.787992,48.515849],[-93.767997,48.516299],[-93.761743,48.51656],[-93.753493,48.515734],[-93.739064,48.518475],[-93.731024,48.518422],[-93.720608,48.517597],[-93.710851,48.518548],[-93.706105,48.518108],[-93.693038,48.515193],[-93.686605,48.515392],[-93.677845,48.5168],[-93.659314,48.516413],[-93.647314,48.517665],[-93.643361,48.518956],[-93.639532,48.521777],[-93.635764,48.528412],[-93.631178,48.531262],[-93.62846,48.531873],[-93.625677,48.531434],[-93.621185,48.526353],[-93.616673,48.523698],[-93.612257,48.522397],[-93.605177,48.52308],[-93.596272,48.528619],[-93.590132,48.530397],[-93.581039,48.527086],[-93.576199,48.526991],[-93.560262,48.529641],[-93.547697,48.529341],[-93.542504,48.529981],[-93.536614,48.531892],[-93.526915,48.534013],[-93.517157,48.534788],[-93.501096,48.541327],[-93.495292,48.542513],[-93.485481,48.54323],[-93.467378,48.546451],[-93.462576,48.549735],[-93.459687,48.553672],[-93.457679,48.559722],[-93.457536,48.567131],[-93.46192,48.573089],[-93.467171,48.588404],[-93.465628,48.589962],[-93.465469,48.591635],[-93.462707,48.592689],[-93.454735,48.592617],[-93.439841,48.593684],[-93.434784,48.595371],[-93.429839,48.599655],[-93.422669,48.603175],[-93.419304,48.603561],[-93.415284,48.605258],[-93.414412,48.606319],[-93.405664,48.609826],[-93.403489,48.609971],[-93.402953,48.607659],[-93.401361,48.607803],[-93.398635,48.604404],[-93.395377,48.603795],[-93.383727,48.605954],[-93.371454,48.605854],[-93.36728,48.608112],[-93.36199,48.614026],[-93.35508,48.611398],[-93.352691,48.613484],[-93.353354,48.614937],[-93.348665,48.626454],[-93.254654,48.642814],[-93.207529,48.642505],[-93.184006,48.628183],[-93.178376,48.623258],[-93.090338,48.627776],[-92.984573,48.623819],[-92.954788,48.63154],[-92.949791,48.63033],[-92.950009,48.608349],[-92.929556,48.60693],[-92.910069,48.596387],[-92.894505,48.594982],[-92.728412,48.539372],[-92.657847,48.546219],[-92.634886,48.542557],[-92.628208,48.522202],[-92.625524,48.517891],[-92.626926,48.514157],[-92.6265,48.513409],[-92.625074,48.512909],[-92.628094,48.510751],[-92.628744,48.510534],[-92.630872,48.509137],[-92.631915,48.506715],[-92.629659,48.505729],[-92.627011,48.503273],[-92.630649,48.500772],[-92.637099,48.499329],[-92.638638,48.499509],[-92.640044,48.499845],[-92.64702,48.499867],[-92.654097,48.501687],[-92.661467,48.496308],[-92.685757,48.497399],[-92.698675,48.49484],[-92.701185,48.484665],[-92.709255,48.472864],[-92.708523,48.470312],[-92.712682,48.462982],[-92.688116,48.443707],[-92.663511,48.44003],[-92.656223,48.436474],[-92.576542,48.440595],[-92.536952,48.447738],[-92.515025,48.44831],[-92.50747,48.447979],[-92.494279,48.435901],[-92.489352,48.430259],[-92.483789,48.429131],[-92.482009,48.428292],[-92.481903,48.427543],[-92.480744,48.426304],[-92.481003,48.425212],[-92.478852,48.423241],[-92.475451,48.418621],[-92.456431,48.414083],[-92.456399,48.401105],[-92.476504,48.371909],[-92.469771,48.352092],[-92.452378,48.328026],[-92.441353,48.315811],[-92.440589,48.315327],[-92.43862,48.311164],[-92.436708,48.308902],[-92.431844,48.305171],[-92.428993,48.305916],[-92.425627,48.304622],[-92.420462,48.298951],[-92.415634,48.295087],[-92.401786,48.27137],[-92.393118,48.260021],[-92.392709,48.258926],[-92.393434,48.257576],[-92.392135,48.256756],[-92.389189,48.253681],[-92.390142,48.252731],[-92.39222,48.25304],[-92.392693,48.251804],[-92.392365,48.251163],[-92.390732,48.250663],[-92.389776,48.250714],[-92.388792,48.25119],[-92.386733,48.251748],[-92.385895,48.251335],[-92.384695,48.249179],[-92.386865,48.249192],[-92.386353,48.247498],[-92.387846,48.246998],[-92.388176,48.246434],[-92.387259,48.244335],[-92.386633,48.244098],[-92.384687,48.244873],[-92.383817,48.24456],[-92.38442,48.242485],[-92.3844,48.241332],[-92.384026,48.240302],[-92.383307,48.239273],[-92.381691,48.237643],[-92.380659,48.236419],[-92.378966,48.235832],[-92.378533,48.235222],[-92.379188,48.234271],[-92.378128,48.232979],[-92.378426,48.232037],[-92.378541,48.23119],[-92.378378,48.230331],[-92.377441,48.229248],[-92.375838,48.228287],[-92.375441,48.227406],[-92.375616,48.226609],[-92.375161,48.225951],[-92.374343,48.225578],[-92.373489,48.224942],[-92.372636,48.223529],[-92.371459,48.224037],[-92.370805,48.223812],[-92.370786,48.22279],[-92.369994,48.221782],[-92.369917,48.220279],[-92.369125,48.220179],[-92.368086,48.221137],[-92.367288,48.221671],[-92.366868,48.222275],[-92.36769,48.223163],[-92.368712,48.223671],[-92.368055,48.224075],[-92.36621,48.2239],[-92.365035,48.223529],[-92.363669,48.222831],[-92.362198,48.222671],[-92.361657,48.223193],[-92.361008,48.224701],[-92.360307,48.225505],[-92.358621,48.226455],[-92.354493,48.228534],[-92.353707,48.229515],[-92.353553,48.230076],[-92.351708,48.230529],[-92.349473,48.231223],[-92.348419,48.231387],[-92.347014,48.231484],[-92.343985,48.232082],[-92.341904,48.231697],[-92.341424,48.231881],[-92.340897,48.233634],[-92.340468,48.234009],[-92.338691,48.235004],[-92.338006,48.235076],[-92.337722,48.234912],[-92.337119,48.235028],[-92.33657,48.235656],[-92.336258,48.235668],[-92.334671,48.234787],[-92.334425,48.234566],[-92.33448,48.234359],[-92.334398,48.234131],[-92.333856,48.233882],[-92.333324,48.233787],[-92.332099,48.233906],[-92.330842,48.234737],[-92.329248,48.235046],[-92.327017,48.236815],[-92.326149,48.236569],[-92.325356,48.237003],[-92.322142,48.237224],[-92.314886,48.240502],[-92.280389,48.244365],[-92.269578,48.248185],[-92.273637,48.256516],[-92.290177,48.265056],[-92.294562,48.271214],[-92.293168,48.275978],[-92.293725,48.276627],[-92.294281,48.276542],[-92.294578,48.276344],[-92.295174,48.2762],[-92.29525,48.276237],[-92.295363,48.276431],[-92.295318,48.276608],[-92.295419,48.276875],[-92.295218,48.277138],[-92.295318,48.277267],[-92.295618,48.277219],[-92.295538,48.277648],[-92.295631,48.277944],[-92.30143,48.288297],[-92.294549,48.306225],[-92.306175,48.316246],[-92.304476,48.322827],[-92.295443,48.32385],[-92.288835,48.342812],[-92.262549,48.354913],[-92.221612,48.348855],[-92.219712,48.348077],[-92.219185,48.347473],[-92.218941,48.346886],[-92.218126,48.346225],[-92.216959,48.344957],[-92.206718,48.345646],[-92.206536,48.347226],[-92.207717,48.347882],[-92.203896,48.351838],[-92.195083,48.350452],[-92.194544,48.348748],[-92.19281,48.348716],[-92.178529,48.351802],[-92.17911,48.354889],[-92.177407,48.357137],[-92.162002,48.363304],[-92.14489,48.365688],[-92.143702,48.356022],[-92.09089,48.354497],[-92.083552,48.353708],[-92.078164,48.358021],[-92.067002,48.359449],[-92.055221,48.359364],[-92.04885,48.348572],[-92.045877,48.34784],[-92.045107,48.345727],[-92.047843,48.343591],[-92.046944,48.334772],[-92.037674,48.333061],[-92.030792,48.325695],[-92.011964,48.322949],[-92.000115,48.321096],[-92.012985,48.297444],[-92.012024,48.286996],[-92.007263,48.280555],[-92.006525,48.265411],[-91.989151,48.260281],[-91.98059,48.247924],[-91.979026,48.247414],[-91.978325,48.247333],[-91.977843,48.247373],[-91.977396,48.247158],[-91.976944,48.246751],[-91.977057,48.246407],[-91.977365,48.246188],[-91.977577,48.245926],[-91.977462,48.245513],[-91.97564,48.244324],[-91.974218,48.245441],[-91.973604,48.246312],[-91.973503,48.246616],[-91.970407,48.247803],[-91.970039,48.248704],[-91.970611,48.248988],[-91.970842,48.249348],[-91.971441,48.249882],[-91.971944,48.24999],[-91.97245,48.250232],[-91.972466,48.250595],[-91.972312,48.250927],[-91.972204,48.251756],[-91.971894,48.251946],[-91.971826,48.252831],[-91.971445,48.253029],[-91.970962,48.252979],[-91.970558,48.253076],[-91.970412,48.253373],[-91.969978,48.25377],[-91.959022,48.253658],[-91.957038,48.252309],[-91.954102,48.252262],[-91.9541,48.251725],[-91.954171,48.251457],[-91.954047,48.249462],[-91.948029,48.245931],[-91.949601,48.24451],[-91.958289,48.243836],[-91.957048,48.238854],[-91.959769,48.236816],[-91.958352,48.233135],[-91.952477,48.233054],[-91.951255,48.233398],[-91.945108,48.230389],[-91.942078,48.230362],[-91.937584,48.234207],[-91.928819,48.235894],[-91.921134,48.236798],[-91.916793,48.23859],[-91.914877,48.238918],[-91.913437,48.238823],[-91.913184,48.238403],[-91.91069,48.238106],[-91.909712,48.238339],[-91.907629,48.238336],[-91.907036,48.238164],[-91.905822,48.237228],[-91.90235,48.237111],[-91.893105,48.23798],[-91.884323,48.227425],[-91.867567,48.219184],[-91.864358,48.206947],[-91.845369,48.208779],[-91.835901,48.210293],[-91.83254,48.209374],[-91.815452,48.211814],[-91.814118,48.208382],[-91.809455,48.206275],[-91.797278,48.202683],[-91.791075,48.202507],[-91.788649,48.196343],[-91.786149,48.196176],[-91.78067,48.200737],[-91.764214,48.20062],[-91.762748,48.201713],[-91.760742,48.204807],[-91.755914,48.205998],[-91.753523,48.200859],[-91.748404,48.198681],[-91.743851,48.198734],[-91.741538,48.199334],[-91.74208,48.204616],[-91.738815,48.204232],[-91.737168,48.204182],[-91.725341,48.201337],[-91.715364,48.199504],[-91.713134,48.198014],[-91.710344,48.193886],[-91.710374,48.192543],[-91.712258,48.18752],[-91.721342,48.180264],[-91.722321,48.178506],[-91.722975,48.173512],[-91.724357,48.170533],[-91.723036,48.168973],[-91.717034,48.171864],[-91.709394,48.172902],[-91.704826,48.170712],[-91.705133,48.164002],[-91.704947,48.161037],[-91.704667,48.160042],[-91.705072,48.157982],[-91.706917,48.153759],[-91.708115,48.153],[-91.707006,48.151002],[-91.706892,48.150353],[-91.704672,48.147111],[-91.703225,48.1452],[-91.702293,48.144799],[-91.700575,48.144772],[-91.699166,48.145042],[-91.698125,48.144081],[-91.697776,48.141598],[-91.69947,48.137475],[-91.699517,48.131962],[-91.700546,48.130666],[-91.703796,48.124841],[-91.707846,48.123401],[-91.709371,48.119395],[-91.711762,48.117494],[-91.712576,48.115513],[-91.711751,48.11465],[-91.710304,48.114692],[-91.709959,48.114411],[-91.703351,48.11372],[-91.696715,48.115894],[-91.693013,48.116586],[-91.692177,48.116886],[-91.691186,48.118122],[-91.692116,48.119741],[-91.690673,48.120289],[-91.682111,48.122502],[-91.683569,48.117706],[-91.687574,48.1119],[-91.681808,48.109806],[-91.680894,48.108306],[-91.676786,48.107497],[-91.671065,48.108662],[-91.667365,48.108692],[-91.665082,48.107147],[-91.664632,48.107327],[-91.662634,48.109153],[-91.662237,48.111644],[-91.661858,48.111924],[-91.655121,48.113713],[-91.653237,48.114391],[-91.651807,48.113956],[-91.651146,48.11301],[-91.651474,48.112194],[-91.653098,48.109799],[-91.649603,48.107323],[-91.64868,48.106475],[-91.648115,48.106404],[-91.647994,48.106324],[-91.648018,48.10583],[-91.64697,48.103836],[-91.639921,48.09711],[-91.614858,48.102268],[-91.58882,48.102474],[-91.575578,48.106915],[-91.559112,48.108593],[-91.552834,48.103237],[-91.569444,48.09369],[-91.575384,48.06671],[-91.572721,48.057388],[-91.57546,48.048939],[-91.56751,48.043789],[-91.541658,48.053856],[-91.488184,48.068378],[-91.464736,48.066852],[-91.450003,48.06907],[-91.446219,48.067748],[-91.44664,48.063041],[-91.43778,48.052464],[-91.438108,48.051174],[-91.438002,48.050849],[-91.438202,48.050624],[-91.438582,48.050506],[-91.438591,48.050335],[-91.437668,48.049868],[-91.437246,48.049468],[-91.429571,48.048653],[-91.427154,48.050011],[-91.426667,48.049868],[-91.4244,48.050735],[-91.422174,48.050982],[-91.413582,48.053681],[-91.390885,48.057164],[-91.378394,48.065903],[-91.370827,48.069732],[-91.364982,48.06712],[-91.353606,48.07082],[-91.350342,48.071968],[-91.350212,48.071956],[-91.349708,48.071644],[-91.348563,48.072181],[-91.33998,48.073556],[-91.336386,48.071071],[-91.336356,48.06969],[-91.334654,48.069492],[-91.333427,48.069923],[-91.332001,48.070111],[-91.331275,48.069618],[-91.329368,48.069979],[-91.32878,48.070576],[-91.328484,48.071093],[-91.32611,48.072276],[-91.324469,48.07294],[-91.319199,48.073234],[-91.317964,48.073073],[-91.317352,48.073242],[-91.315391,48.073565],[-91.31475,48.073567],[-91.31127,48.073146],[-91.310861,48.072831],[-91.308807,48.072768],[-91.307822,48.072884],[-91.30687,48.072826],[-91.289728,48.074176],[-91.275917,48.078784],[-91.266775,48.078831],[-91.249695,48.084092],[-91.234888,48.096142],[-91.228044,48.099223],[-91.214904,48.102859],[-91.190054,48.125106],[-91.184692,48.122532],[-91.183335,48.122163],[-91.182882,48.122193],[-91.181266,48.123527],[-91.176605,48.125538],[-91.156301,48.14051],[-91.137329,48.149251],[-91.138068,48.151951],[-91.140129,48.151699],[-91.140425,48.152241],[-91.140459,48.152843],[-91.1426,48.154606],[-91.138937,48.15574],[-91.135788,48.156612],[-91.132529,48.157288],[-91.119859,48.160682],[-91.118028,48.162093],[-91.114737,48.166489],[-91.108849,48.168696],[-91.097139,48.171597],[-91.091959,48.173656],[-91.088005,48.178306],[-91.082473,48.181152],[-91.081344,48.180851],[-91.080629,48.18005],[-91.079689,48.17989],[-91.078857,48.179523],[-91.075898,48.179362],[-91.065484,48.181404],[-91.062792,48.185528],[-91.059218,48.18533],[-91.05751,48.187058],[-91.056046,48.188076],[-91.055426,48.188312],[-91.051981,48.188056],[-91.049896,48.188781],[-91.048675,48.188755],[-91.0456,48.189453],[-91.036393,48.19012],[-91.035691,48.189816],[-91.03559,48.189853],[-91.03543,48.189792],[-91.034712,48.189244],[-91.031089,48.18882],[-91.023695,48.19043],[-91.023033,48.19189],[-91.022674,48.192359],[-91.022094,48.192833],[-91.021295,48.193137],[-91.020117,48.193028],[-91.01976,48.194111],[-91.015197,48.196183],[-91.012297,48.198459],[-91.002816,48.200733],[-91.004103,48.203025],[-90.976981,48.219555],[-90.926408,48.229794],[-90.918426,48.230724],[-90.917319,48.231044],[-90.915091,48.230751],[-90.906853,48.237491],[-90.885757,48.245953],[-90.881523,48.240513],[-90.87509,48.23784],[-90.866937,48.238221],[-90.847678,48.244529],[-90.84384,48.243694],[-90.843123,48.241204],[-90.839296,48.239559],[-90.837706,48.234734],[-90.838462,48.231606],[-90.839172,48.230513],[-90.839365,48.229157],[-90.839754,48.228813],[-90.839812,48.228268],[-90.839667,48.227654],[-90.837586,48.226539],[-90.837248,48.225066],[-90.83696,48.220181],[-90.836341,48.21917],[-90.836251,48.218793],[-90.836496,48.218163],[-90.836494,48.217915],[-90.834839,48.201798],[-90.834204,48.186538],[-90.836402,48.177028],[-90.832543,48.173508],[-90.826141,48.177074],[-90.824701,48.176841],[-90.823447,48.178069],[-90.823958,48.179607],[-90.825379,48.18153],[-90.825773,48.183574],[-90.824273,48.18365],[-90.82102,48.18468],[-90.819244,48.182652],[-90.818792,48.181178],[-90.817529,48.179402],[-90.812653,48.179474],[-90.810982,48.179694],[-90.809852,48.179688],[-90.804083,48.177818],[-90.802985,48.17255],[-90.802367,48.171806],[-90.802222,48.171429],[-90.801954,48.171169],[-90.801728,48.170716],[-90.801696,48.170212],[-90.801895,48.167708],[-90.801145,48.164081],[-90.800742,48.163177],[-90.799332,48.162219],[-90.798737,48.162227],[-90.798597,48.162049],[-90.79753,48.161522],[-90.797684,48.160935],[-90.797612,48.160649],[-90.796431,48.159207],[-90.795837,48.159222],[-90.794495,48.160061],[-90.793913,48.160927],[-90.793089,48.1614],[-90.79035,48.15995],[-90.785941,48.160991],[-90.783448,48.163833],[-90.782393,48.16423],[-90.781914,48.164505],[-90.78137,48.164547],[-90.779372,48.164402],[-90.778349,48.164055],[-90.777931,48.163838],[-90.776175,48.161888],[-90.776364,48.160556],[-90.776601,48.160088],[-90.777611,48.156444],[-90.779012,48.150532],[-90.777845,48.148289],[-90.778828,48.14708],[-90.780829,48.145874],[-90.783283,48.146341],[-90.784172,48.146363],[-90.7843,48.14616],[-90.789329,48.143856],[-90.792243,48.141269],[-90.796753,48.139377],[-90.798224,48.136889],[-90.795242,48.13549],[-90.794296,48.135284],[-90.794067,48.135544],[-90.792571,48.135776],[-90.792534,48.135692],[-90.790959,48.135814],[-90.788786,48.13636],[-90.786979,48.135644],[-90.786382,48.135521],[-90.785893,48.13525],[-90.78511,48.135345],[-90.782728,48.135997],[-90.782217,48.135861],[-90.781743,48.135216],[-90.783469,48.132649],[-90.784891,48.13323],[-90.78697,48.133],[-90.787977,48.132705],[-90.789786,48.130145],[-90.788336,48.128822],[-90.78723,48.128136],[-90.787039,48.1277],[-90.78636,48.12762],[-90.785667,48.1277],[-90.785401,48.127899],[-90.785156,48.127822],[-90.785184,48.127559],[-90.78488,48.127518],[-90.784536,48.127694],[-90.784102,48.128154],[-90.783859,48.128116],[-90.783604,48.127899],[-90.782744,48.1277],[-90.783475,48.126819],[-90.781834,48.125762],[-90.780158,48.12532],[-90.776398,48.123994],[-90.775948,48.122399],[-90.774252,48.12008],[-90.774054,48.118988],[-90.774122,48.11864],[-90.772628,48.117608],[-90.769941,48.116644],[-90.768749,48.116586],[-90.766707,48.114428],[-90.767127,48.110588],[-90.761291,48.099975],[-90.761404,48.098384],[-90.751577,48.090987],[-90.741459,48.094563],[-90.702916,48.096027],[-90.686278,48.100428],[-90.641495,48.103516],[-90.627058,48.11177],[-90.620328,48.111797],[-90.62004,48.111533],[-90.619238,48.111697],[-90.618177,48.112232],[-90.617637,48.112335],[-90.616074,48.112174],[-90.61508,48.112694],[-90.613457,48.113131],[-90.612694,48.113266],[-90.60613,48.115837],[-90.591285,48.11745],[-90.590652,48.119071],[-90.590514,48.119205],[-90.590491,48.119366],[-90.590302,48.119547],[-90.586775,48.12086],[-90.585869,48.121978],[-90.582053,48.123619],[-90.57968,48.123797],[-90.576964,48.12115],[-90.57576,48.120624],[-90.571432,48.121097],[-90.565429,48.122477],[-90.559103,48.12173],[-90.555512,48.116924],[-90.569737,48.10683],[-90.567435,48.101593],[-90.56446,48.098814],[-90.556701,48.095931],[-90.516935,48.099314],[-90.510316,48.097289],[-90.509597,48.097605],[-90.507712,48.099102],[-90.507225,48.09933],[-90.506919,48.099406],[-90.50604,48.09941],[-90.505143,48.099749],[-90.504876,48.099785],[-90.50402,48.099566],[-90.503472,48.09957],[-90.502607,48.099365],[-90.502355,48.099135],[-90.496107,48.098597],[-90.495604,48.099471],[-90.495606,48.099593],[-90.493599,48.101359],[-90.489846,48.098994],[-90.486694,48.099052],[-90.483587,48.10009],[-90.480215,48.101993],[-90.477607,48.105243],[-90.471237,48.105914],[-90.467391,48.108744],[-90.465303,48.108569],[-90.46199,48.106507],[-90.452272,48.105068],[-90.447439,48.103454],[-90.443358,48.100624],[-90.438452,48.098677],[-90.410665,48.105052],[-90.403153,48.105095],[-90.398102,48.10234],[-90.397459,48.102221],[-90.3972,48.102271],[-90.396696,48.10205],[-90.396131,48.101612],[-90.396308,48.101406],[-90.396184,48.101318],[-90.395935,48.10131],[-90.395683,48.101161],[-90.395257,48.101111],[-90.395017,48.101154],[-90.394386,48.100926],[-90.393898,48.100566],[-90.393241,48.10022],[-90.391648,48.100318],[-90.391455,48.100201],[-90.390502,48.100021],[-90.39012,48.100044],[-90.389877,48.099902],[-90.389573,48.099552],[-90.389329,48.099468],[-90.388795,48.099052],[-90.388617,48.0988],[-90.388123,48.09856],[-90.387696,48.098468],[-90.387437,48.098491],[-90.386451,48.098132],[-90.386207,48.098147],[-90.385984,48.097338],[-90.386025,48.097218],[-90.385831,48.096851],[-90.385826,48.096466],[-90.385656,48.095943],[-90.384901,48.094845],[-90.384725,48.094672],[-90.38395,48.09444],[-90.383695,48.094172],[-90.38292,48.093661],[-90.38279,48.093486],[-90.382202,48.09322],[-90.381981,48.092994],[-90.381112,48.092833],[-90.379823,48.092327],[-90.378892,48.092232],[-90.378043,48.092391],[-90.3776,48.092266],[-90.376428,48.091697],[-90.376106,48.091465],[-90.374769,48.090954],[-90.374289,48.090915],[-90.374183,48.090992],[-90.37377,48.091034],[-90.373588,48.090962],[-90.372718,48.091258],[-90.372666,48.091565],[-90.373131,48.091933],[-90.373322,48.092198],[-90.373519,48.092864],[-90.373655,48.093077],[-90.373703,48.093291],[-90.373625,48.093772],[-90.373428,48.094021],[-90.372527,48.093974],[-90.371789,48.093589],[-90.37159,48.093577],[-90.370024,48.094024],[-90.368949,48.093952],[-90.368653,48.094151],[-90.368614,48.094304],[-90.367445,48.094699],[-90.358856,48.094852],[-90.357397,48.094424],[-90.353819,48.094979],[-90.345984,48.093968],[-90.344306,48.094307],[-90.343588,48.09459],[-90.343504,48.094857],[-90.343026,48.095509],[-90.338074,48.096152],[-90.337645,48.097625],[-90.336944,48.099574],[-90.330062,48.102285],[-90.325807,48.102877],[-90.322456,48.102929],[-90.317383,48.103751],[-90.313909,48.105129],[-90.310045,48.105556],[-90.305792,48.105149],[-90.303841,48.103948],[-90.30011,48.102937],[-90.29812,48.102544],[-90.292838,48.098999],[-90.289246,48.099071],[-90.274529,48.103181],[-90.264457,48.103396],[-90.260741,48.102726],[-90.253821,48.102244],[-90.233962,48.107238],[-90.225168,48.108224],[-90.21649,48.106511],[-90.210679,48.106347],[-90.195029,48.108333],[-90.188622,48.108026],[-90.17649,48.112393],[-90.164269,48.109707],[-90.150873,48.110373],[-90.146659,48.111121],[-90.145728,48.111548],[-90.145578,48.111518],[-90.144965,48.111643],[-90.144545,48.111997],[-90.14447,48.112204],[-90.144357,48.112245],[-90.144217,48.112605],[-90.144036,48.112635],[-90.143531,48.112501],[-90.140825,48.112555],[-90.137796,48.112151],[-90.136743,48.112243],[-90.136406,48.112091],[-90.136103,48.112098],[-90.135788,48.112209],[-90.132567,48.111671],[-90.131087,48.110585],[-90.13041,48.110313],[-90.130342,48.110074],[-90.129982,48.11009],[-90.129746,48.109902],[-90.129426,48.109864],[-90.129333,48.109738],[-90.129577,48.109547],[-90.12941,48.109212],[-90.129076,48.109136],[-90.128884,48.108986],[-90.128836,48.108812],[-90.128455,48.108636],[-90.128378,48.108506],[-90.127222,48.108027],[-90.126909,48.108136],[-90.126526,48.108128],[-90.126351,48.10803],[-90.125739,48.108041],[-90.125567,48.107945],[-90.125168,48.107508],[-90.123627,48.107259],[-90.123588,48.107127],[-90.123412,48.107057],[-90.122439,48.105703],[-90.115989,48.104164],[-90.091606,48.104605],[-90.074112,48.10122],[-90.066435,48.098458],[-90.057472,48.096364],[-90.050268,48.092512],[-90.049401,48.092227],[-90.048781,48.091845],[-90.048339,48.091869],[-90.04808,48.091719],[-90.04663,48.091594],[-90.046227,48.091654],[-90.045743,48.091502],[-90.045494,48.091338],[-90.045439,48.09103],[-90.045325,48.090911],[-90.043267,48.090392],[-90.042724,48.090026],[-90.042395,48.089977],[-90.041374,48.089339],[-90.039071,48.089961],[-90.037986,48.08932],[-90.029365,48.087512],[-90.023331,48.084748],[-90.018781,48.07195],[-90.014845,48.067136],[-90.010811,48.06793],[-90.009849,48.068991],[-90.008728,48.068548],[-90.007245,48.067069],[-90.006431,48.065492],[-90.004432,48.065241],[-90.004538,48.064448],[-89.998099,48.057929],[-89.993842,48.049304],[-89.996114,48.04232],[-89.996482,48.04026],[-89.996456,48.039143],[-89.996762,48.036742],[-89.997098,48.035319],[-89.99652,48.034492],[-89.996345,48.033836],[-89.995956,48.033799],[-89.996009,48.033413],[-89.995606,48.032569],[-89.995124,48.032211],[-89.995124,48.031795],[-89.994559,48.031192],[-89.994559,48.030968],[-89.994886,48.030304],[-89.994764,48.029712],[-89.99491,48.029316],[-89.994725,48.028934],[-89.994468,48.028683],[-89.99401,48.028477],[-89.993825,48.028091],[-89.993193,48.028045],[-89.992644,48.028369],[-89.990728,48.028664],[-89.990485,48.028538],[-89.990445,48.028098],[-89.989935,48.027908],[-89.989196,48.028045],[-89.989089,48.027874],[-89.989128,48.02774],[-89.989867,48.027461],[-89.990081,48.027199],[-89.990081,48.026741],[-89.989668,48.026344],[-89.98885,48.026097],[-89.988914,48.025669],[-89.987106,48.025364],[-89.986692,48.025517],[-89.985647,48.02628],[-89.985229,48.026299],[-89.98484,48.026156],[-89.984213,48.025661],[-89.982266,48.024636],[-89.981129,48.024231],[-89.979505,48.023861],[-89.977759,48.023673],[-89.976284,48.023369],[-89.975226,48.02327],[-89.974705,48.023117],[-89.973767,48.021884],[-89.973631,48.021434],[-89.973728,48.020843],[-89.9735,48.020382],[-89.973021,48.020076],[-89.972061,48.019851],[-89.971783,48.019483],[-89.971847,48.018567],[-89.971676,48.017972],[-89.969517,48.016442],[-89.969153,48.015973],[-89.968808,48.015092],[-89.968261,48.014672],[-89.965023,48.015137],[-89.963987,48.015049],[-89.962353,48.01419],[-89.961255,48.01371],[-89.95998,48.013665],[-89.955839,48.012258],[-89.954787,48.011819],[-89.953107,48.01082],[-89.952291,48.010723],[-89.951268,48.011162],[-89.950055,48.01289],[-89.949882,48.01352],[-89.950015,48.014003],[-89.950744,48.014618],[-89.951109,48.015209],[-89.950972,48.015965],[-89.950612,48.016233],[-89.949882,48.01627],[-89.948783,48.016037],[-89.94412,48.014444],[-89.94109,48.014562],[-89.940717,48.014734],[-89.940901,48.015348],[-89.940578,48.015679],[-89.939801,48.015831],[-89.939023,48.015595],[-89.936355,48.015817],[-89.935979,48.015725],[-89.934576,48.015817],[-89.933798,48.015137],[-89.934157,48.014367],[-89.933783,48.013501],[-89.933187,48.013303],[-89.932842,48.012962],[-89.932677,48.012334],[-89.932812,48.011117],[-89.932502,48.010281],[-89.931514,48.008909],[-89.930654,48.00805],[-89.929702,48.007451],[-89.926871,48.007009],[-89.926243,48.006676],[-89.925856,48.006306],[-89.925666,48.00562],[-89.925777,48.005165],[-89.92568,48.00404],[-89.925801,48.003735],[-89.926526,48.003179],[-89.927732,48.002766],[-89.927985,48.002492],[-89.928066,48.002187],[-89.927571,48.001927],[-89.926672,48.002034],[-89.925603,48.001508],[-89.922893,48.000639],[-89.921849,48.000108],[-89.921567,47.999784],[-89.921752,47.999433],[-89.922802,47.998948],[-89.922802,47.998548],[-89.922131,47.997167],[-89.921209,47.997006],[-89.919944,47.997384],[-89.918071,47.997114],[-89.917348,47.997259],[-89.916774,47.997042],[-89.91606,47.996637],[-89.915861,47.995785],[-89.915043,47.994703],[-89.913542,47.994028],[-89.911733,47.993436],[-89.904325,47.992159],[-89.903004,47.991434],[-89.90083,47.989193],[-89.898814,47.988049],[-89.897197,47.987581],[-89.895496,47.987325],[-89.893474,47.987546],[-89.892283,47.98806],[-89.890805,47.987988],[-89.889547,47.987698],[-89.887485,47.986833],[-89.885434,47.98644],[-89.883815,47.986387],[-89.878895,47.986825],[-89.877932,47.986763],[-89.875775,47.986142],[-89.872668,47.985451],[-89.87189,47.985524],[-89.871351,47.985853],[-89.870043,47.987393],[-89.868876,47.989732],[-89.868206,47.99019],[-89.865634,47.990095],[-89.862056,47.990736],[-89.859188,47.990891],[-89.85281,47.99188],[-89.851017,47.992239],[-89.84721,47.992626],[-89.846098,47.993237],[-89.845791,47.993626],[-89.846005,47.994108],[-89.845859,47.994272],[-89.845958,47.994626],[-89.845738,47.994936],[-89.844492,47.995774],[-89.844235,47.996195],[-89.844036,47.997114],[-89.843618,47.997276],[-89.84247,47.997251],[-89.842587,47.998509],[-89.842359,47.998967],[-89.842549,48.000165],[-89.842092,48.001668],[-89.842481,48.001875],[-89.844012,48.002217],[-89.844814,48.003069],[-89.844357,48.003355],[-89.843433,48.003545],[-89.841868,48.003034],[-89.840136,48.002744],[-89.838129,48.002171],[-89.836238,48.000848],[-89.833813,47.999498],[-89.832615,47.999432],[-89.831319,47.999604],[-89.830678,48.000128],[-89.829633,48.001531],[-89.829044,48.002629],[-89.828631,48.003842],[-89.82864,48.004183],[-89.829005,48.004713],[-89.829084,48.005083],[-89.828028,48.00572],[-89.825588,48.0067],[-89.824664,48.00832],[-89.822773,48.009211],[-89.822359,48.00965],[-89.822384,48.010301],[-89.821812,48.010606],[-89.822201,48.011072],[-89.822711,48.011217],[-89.823903,48.011316],[-89.823863,48.011434],[-89.822628,48.012025],[-89.822186,48.012162],[-89.820966,48.012789],[-89.820767,48.013094],[-89.821224,48.013871],[-89.820753,48.014894],[-89.819936,48.015515],[-89.8196,48.01563],[-89.81888,48.015478],[-89.818195,48.015443],[-89.816487,48.016027],[-89.815203,48.016065],[-89.814396,48.016253],[-89.81386,48.016282],[-89.812976,48.016531],[-89.812067,48.016507],[-89.811114,48.016812],[-89.80996,48.016606],[-89.809329,48.016714],[-89.808712,48.017289],[-89.807375,48.017587],[-89.807132,48.01745],[-89.807492,48.017137],[-89.807426,48.016622],[-89.806553,48.014734],[-89.806155,48.014256],[-89.805415,48.014067],[-89.803326,48.014176],[-89.80158,48.014176],[-89.800913,48.014356],[-89.800243,48.014742],[-89.799686,48.014912],[-89.798801,48.014947],[-89.798067,48.014822],[-89.796846,48.014859],[-89.796361,48.015012],[-89.795972,48.01529],[-89.796361,48.016],[-89.79584,48.016759],[-89.795369,48.017037],[-89.794969,48.017595],[-89.79458,48.017763],[-89.793385,48.017927],[-89.792408,48.018366],[-89.791738,48.018468],[-89.788776,48.018315],[-89.787769,48.017972],[-89.785547,48.017755],[-89.784381,48.017972],[-89.782298,48.017855],[-89.781734,48.01798],[-89.781292,48.018446],[-89.779672,48.018755],[-89.779094,48.018503],[-89.778665,48.0188],[-89.77798,48.019922],[-89.776308,48.021562],[-89.775716,48.02273],[-89.775356,48.022863],[-89.774578,48.022687],[-89.774213,48.022513],[-89.773785,48.02184],[-89.774364,48.021031],[-89.773707,48.02048],[-89.77234,48.020742],[-89.771082,48.021517],[-89.770085,48.021886],[-89.768841,48.022012],[-89.767595,48.022695],[-89.764347,48.023065],[-89.76263,48.022955],[-89.760141,48.02255],[-89.757885,48.023127],[-89.756504,48.023252],[-89.755673,48.023225],[-89.754695,48.023027],[-89.753931,48.022409],[-89.753376,48.022188],[-89.752949,48.022172],[-89.752428,48.022386],[-89.751436,48.022504],[-89.750805,48.022909],[-89.750065,48.023564],[-89.748926,48.023542],[-89.748149,48.023294],[-89.746354,48.022055],[-89.745936,48.022055],[-89.744806,48.022494],[-89.744411,48.022401],[-89.744248,48.021586],[-89.743403,48.021322],[-89.743282,48.020509],[-89.743107,48.020219],[-89.74267,48.020014],[-89.741954,48.019986],[-89.74087,48.020383],[-89.738979,48.020509],[-89.737973,48.020677],[-89.737209,48.021092],[-89.736713,48.02157],[-89.736285,48.021738],[-89.735192,48.021798],[-89.73399,48.022],[-89.733157,48.021767],[-89.732967,48.021542],[-89.732957,48.021012],[-89.732529,48.020689],[-89.73173,48.020444],[-89.731776,48.020121],[-89.732272,48.019826],[-89.732874,48.019644],[-89.732982,48.019331],[-89.73254,48.018988],[-89.73173,48.018888],[-89.731052,48.019041],[-89.72947,48.0192],[-89.728625,48.019194],[-89.727298,48.018916],[-89.726374,48.019192],[-89.724391,48.019133],[-89.723613,48.019303],[-89.723534,48.019744],[-89.724245,48.020292],[-89.724323,48.020867],[-89.723704,48.020792],[-89.721079,48.020002],[-89.720117,48.019339],[-89.7195,48.018484],[-89.719806,48.017865],[-89.720623,48.01737],[-89.72265,48.017575],[-89.723949,48.017161],[-89.724551,48.016126],[-89.723923,48.015208],[-89.724177,48.013761],[-89.723695,48.013464],[-89.722604,48.013552],[-89.721737,48.014131],[-89.720773,48.014533],[-89.720009,48.015156],[-89.719242,48.016847],[-89.718532,48.017244],[-89.717914,48.017313],[-89.717005,48.017225],[-89.716243,48.016866],[-89.716164,48.016397],[-89.716538,48.015003],[-89.71661,48.0143],[-89.717021,48.013981],[-89.716981,48.013788],[-89.716717,48.013628],[-89.716211,48.013051],[-89.716129,48.012673],[-89.716289,48.011739],[-89.716731,48.010312],[-89.716583,48.009706],[-89.716126,48.009447],[-89.715351,48.009336],[-89.714494,48.009569],[-89.712739,48.010209],[-89.712098,48.010172],[-89.708606,48.010538],[-89.708031,48.010434],[-89.707216,48.009373],[-89.705583,48.007833],[-89.703289,48.00662],[-89.702409,48.006358],[-89.701028,48.006539],[-89.698769,48.0077],[-89.695002,48.008725],[-89.692041,48.009813],[-89.68966,48.010209],[-89.688112,48.0109],[-89.687431,48.010919],[-89.686386,48.010722],[-89.686295,48.010072],[-89.685756,48.009778],[-89.684083,48.009813],[-89.681971,48.010119],[-89.680108,48.010191],[-89.676126,48.011289],[-89.674921,48.01135],[-89.673876,48.011559],[-89.672908,48.011567],[-89.672203,48.011233],[-89.671542,48.010119],[-89.669023,48.008123],[-89.666794,48.007295],[-89.664674,48.008013],[-89.663775,48.008698],[-89.663134,48.010405],[-89.662652,48.010702],[-89.661952,48.010767],[-89.657678,48.010362],[-89.656807,48.009874],[-89.656108,48.008103],[-89.654838,48.006494],[-89.654353,48.006144],[-89.65303,48.004255],[-89.650871,48.003617],[-89.649108,48.003786],[-89.648341,48.004056],[-89.647018,48.005884],[-89.645875,48.006261],[-89.642929,48.006334],[-89.641428,48.005674],[-89.639886,48.003858],[-89.638748,48.003564],[-89.637057,48.00414],[-89.636657,48.004903],[-89.637528,48.006494],[-89.637636,48.00741],[-89.638452,48.008455],[-89.638306,48.008905],[-89.638033,48.009119],[-89.637168,48.009446],[-89.633044,48.009725],[-89.63193,48.010068],[-89.629333,48.010461],[-89.628166,48.011189],[-89.627123,48.011498],[-89.625541,48.011712],[-89.622843,48.011766],[-89.619789,48.010706],[-89.618433,48.010876],[-89.617724,48.011243],[-89.617127,48.012009],[-89.616051,48.012704],[-89.61551,48.013589],[-89.61493,48.014851],[-89.613657,48.015794],[-89.612212,48.016424],[-89.61162,48.017812],[-89.610696,48.017927],[-89.609489,48.017381],[-89.609254,48.016759],[-89.609787,48.015058],[-89.608552,48.012692],[-89.608537,48.011797],[-89.608962,48.011151],[-89.609658,48.010767],[-89.610481,48.010076],[-89.610528,48.009722],[-89.609796,48.009328],[-89.609285,48.008428],[-89.608576,48.007787],[-89.608148,48.006932],[-89.60717,48.006379],[-89.606638,48.006261],[-89.60334,48.006109],[-89.601045,48.005101],[-89.598236,48.005112],[-89.597862,48.00477],[-89.597717,48.004472],[-89.597489,48.004328],[-89.596725,48.004408],[-89.596108,48.00467],[-89.595757,48.004734],[-89.594751,48.004582],[-89.593964,48.004239],[-89.592811,48.004022],[-89.592482,48.00372],[-89.592203,48.003106],[-89.591065,48.002629],[-89.588121,48.00245],[-89.585504,48.001764],[-89.585151,48.001328],[-89.585602,47.999539],[-89.584594,47.998814],[-89.583742,47.997681],[-89.582595,47.996895],[-89.581862,47.996633],[-89.581567,47.99608],[-89.580973,47.995939],[-89.577224,47.997183],[-89.572898,47.997479],[-89.570998,47.998051],[-89.570076,47.998818],[-89.569023,47.998925],[-89.568638,47.99923],[-89.56819,47.999885],[-89.564288,48.00293],[-89.500086,48.013148],[-89.489196,48.014533],[-89.483385,48.013716],[-89.488857,48.005575],[-89.492137,47.999886],[-89.500087,47.988543],[-89.548165,47.916362],[-89.625167,47.799549],[-89.657447,47.749896],[-89.68073,47.714552],[-89.739071,47.624903],[-89.750109,47.608235],[-89.820034,47.49991],[-89.957102,47.291103],[-90.000139,47.292989],[-90.125136,47.296608],[-90.421624,47.304413],[-90.500151,47.306329],[-90.625156,47.308731],[-90.65466,47.309822],[-90.756743,47.262222],[-90.774703,47.253782],[-90.875176,47.207331],[-91.000181,47.149766],[-91.116609,47.095216],[-91.319638,46.999929],[-91.500181,46.91332],[-91.550575,46.892727],[-91.592117,46.874935],[-91.625181,46.862259],[-91.750182,46.813219],[-91.875186,46.763303],[-91.981341,46.723091],[-91.999469,46.714099],[-92.020294,46.704041],[-92.033989,46.708939],[-92.042892,46.71524],[-92.059494,46.727341],[-92.071388,46.73584],[-92.089493,46.749237],[-92.098285,46.749051],[-92.10819,46.74914],[-92.10869,46.74894],[-92.11389,46.74884],[-92.11659,46.74864],[-92.13789,46.73954],[-92.14329,46.73464],[-92.143402,46.728152],[-92.141522,46.725285],[-92.14527,46.718845],[-92.146292,46.716032],[-92.14673,46.715794],[-92.14869,46.71514],[-92.155191,46.71594],[-92.167291,46.719941],[-92.171991,46.718441],[-92.17263,46.718159],[-92.174291,46.717241],[-92.178891,46.716741],[-92.189091,46.717541],[-92.191491,46.716241],[-92.191791,46.715241],[-92.193291,46.711241],[-92.197391,46.707641],[-92.20194,46.705767],[-92.204691,46.704041],[-92.205692,46.702541],[-92.205192,46.698341],[-92.198491,46.696141],[-92.192526,46.695752],[-92.189363,46.696004],[-92.182999,46.695652],[-92.177685,46.692125],[-92.176259,46.690473],[-92.175875,46.686466],[-92.177436,46.683499],[-92.181359,46.680241],[-92.182491,46.679941],[-92.187592,46.678941],[-92.192492,46.676741],[-92.195892,46.673941],[-92.199492,46.670241],[-92.204092,46.666941],[-92.205492,46.664741],[-92.204169,46.662417],[-92.201951,46.659251],[-92.201592,46.656641],[-92.202292,46.655041],[-92.207092,46.651941],[-92.212392,46.649941],[-92.216392,46.649841],[-92.223492,46.652641],[-92.228492,46.652941],[-92.235592,46.650041],[-92.242493,46.649241],[-92.248693,46.653441],[-92.249933,46.655299],[-92.252309,46.657069],[-92.254548,46.658453],[-92.256592,46.658741],[-92.259692,46.657141],[-92.265993,46.651041],[-92.270592,46.650741],[-92.272791,46.652842],[-92.273591,46.654942],[-92.274392,46.657441],[-92.278491,46.658641],[-92.283307,46.658573],[-92.283899,46.65871],[-92.284294,46.659102],[-92.286192,46.660342],[-92.287085,46.662843],[-92.287392,46.667343],[-92.291289,46.668137],[-92.292192,46.666042],[-92.292308,46.665086],[-92.292242,46.663318],[-92.29216,46.66311],[-92.291871,46.652774],[-92.291584,46.633288],[-92.291793,46.547415],[-92.291976,46.503997],[-92.292252,46.499964],[-92.292331,46.49643],[-92.29224,46.49501],[-92.29224,46.478493],[-92.292683,46.441283],[-92.292585,46.432029],[-92.292691,46.42615],[-92.292618,46.423871],[-92.29286,46.41722],[-92.293017,46.374988],[-92.292998,46.324283],[-92.292627,46.320071],[-92.292696,46.319616],[-92.29242,46.3142],[-92.292586,46.312433],[-92.29261,46.30748],[-92.29239,46.30541],[-92.2925,46.30461],[-92.292868,46.295728],[-92.293071,46.29496],[-92.293063,46.287931],[-92.29357,46.251409],[-92.29325,46.24346],[-92.29322,46.23749],[-92.29306,46.23637],[-92.29304,46.22791],[-92.29313,46.21815],[-92.293059,46.204979],[-92.293319,46.188459],[-92.293319,46.184469],[-92.293065,46.174814],[-92.293051,46.170367],[-92.2932,46.17003],[-92.29333,46.16771],[-92.29332,46.1666],[-92.29337,46.16639],[-92.29346,46.16631],[-92.293705,46.157321],[-92.29357,46.122463],[-92.293616,46.111947],[-92.29371,46.10983],[-92.293642,46.10965],[-92.293722,46.106579],[-92.293758,46.09814],[-92.293699,46.097882],[-92.293785,46.09765],[-92.293879,46.090699],[-92.29412,46.084639],[-92.294033,46.074377],[-92.295468,46.073881],[-92.297484,46.073055],[-92.299884,46.072949],[-92.301621,46.072634],[-92.303051,46.072604],[-92.30464,46.072672],[-92.306756,46.07241],[-92.30867,46.071936],[-92.310056,46.071367],[-92.312847,46.069955],[-92.31409,46.069584],[-92.314743,46.069729],[-92.316077,46.069835],[-92.319329,46.069289],[-92.322485,46.068026],[-92.323504,46.06738],[-92.324325,46.067302],[-92.325274,46.067113],[-92.326877,46.066618],[-92.327868,46.06618],[-92.329806,46.065216],[-92.331485,46.063974],[-92.332912,46.062697],[-92.333855,46.061414],[-92.3347,46.060427],[-92.335335,46.059422],[-92.336353,46.056998],[-92.336586,46.056028],[-92.33722,46.054187],[-92.338239,46.052149],[-92.338307,46.051282],[-92.33859,46.050111],[-92.338733,46.048126],[-92.33926,46.047337],[-92.341278,46.045424],[-92.34179,46.044795],[-92.343156,46.043622],[-92.343459,46.04299],[-92.343604,46.040917],[-92.3434,46.039893],[-92.343268,46.038725],[-92.343174,46.036979],[-92.342429,46.034541],[-92.342653,46.031981],[-92.34311,46.031161],[-92.343522,46.030042],[-92.34347,46.029358],[-92.343745,46.028525],[-92.344244,46.02743],[-92.346345,46.025429],[-92.347629,46.024721],[-92.349281,46.023624],[-92.350004,46.021888],[-92.349941,46.021163],[-92.350029,46.020891],[-92.349817,46.020148],[-92.350209,46.019679],[-92.350319,46.01898],[-92.350219,46.018352],[-92.349904,46.017624],[-92.349977,46.016982],[-92.350407,46.016368],[-92.35176,46.015685],[-92.356835,46.013954],[-92.357965,46.013413],[-92.358998,46.013547],[-92.3606,46.013486],[-92.362141,46.013103],[-92.364932,46.013386],[-92.366054,46.01361],[-92.368678,46.013666],[-92.369201,46.013922],[-92.371307,46.013951],[-92.372717,46.014198],[-92.373595,46.014555],[-92.374252,46.014973],[-92.375193,46.015265],[-92.375993,46.015907],[-92.377406,46.016048],[-92.381707,46.017034],[-92.383801,46.017776],[-92.386754,46.018074],[-92.390174,46.018776],[-92.392681,46.01954],[-92.394121,46.020155],[-92.395901,46.021103],[-92.398188,46.022023],[-92.399603,46.022751],[-92.402296,46.024341],[-92.404653,46.025007],[-92.406441,46.025634],[-92.408137,46.026357],[-92.408259,46.02663],[-92.410014,46.027251],[-92.411896,46.027478],[-92.415615,46.027001],[-92.420696,46.026769],[-92.423023,46.026007],[-92.426011,46.024913],[-92.428555,46.024241],[-92.431891,46.023005],[-92.435627,46.021232],[-92.439631,46.018505],[-92.442259,46.016177],[-92.443285,46.014648],[-92.443594,46.013307],[-92.444356,46.011777],[-92.444419,46.010699],[-92.444164,46.010094],[-92.444112,46.009723],[-92.444294,46.009161],[-92.446732,46.005721],[-92.448525,46.003683],[-92.44963,46.002252],[-92.450492,46.001583],[-92.451627,46.000441],[-92.451795,45.999946],[-92.452952,45.997782],[-92.453635,45.996171],[-92.453373,45.992913],[-92.454259,45.991938],[-92.456494,45.990243],[-92.457028,45.98992],[-92.459154,45.989033],[-92.462477,45.98785],[-92.463485,45.986737],[-92.464512,45.985038],[-92.464584,45.983605],[-92.464173,45.982423],[-92.463429,45.981507],[-92.462134,45.980874],[-92.461138,45.980216],[-92.46126,45.979427],[-92.461584,45.978894],[-92.464481,45.976267],[-92.469765,45.973569],[-92.471308,45.973179],[-92.472761,45.972952],[-92.474872,45.973124],[-92.477714,45.97398],[-92.480637,45.973997],[-92.482226,45.974675],[-92.483975,45.97568],[-92.484633,45.975872],[-92.485937,45.975926],[-92.488368,45.975767],[-92.490142,45.975458],[-92.490996,45.97556],[-92.49207,45.975791],[-92.497917,45.978231],[-92.500195,45.978957],[-92.502535,45.979995],[-92.505502,45.980591],[-92.510075,45.981811],[-92.51231,45.982261],[-92.51436,45.98281],[-92.519488,45.983917],[-92.522032,45.984203],[-92.525186,45.983862],[-92.527052,45.983245],[-92.530516,45.981918],[-92.533198,45.980196],[-92.537709,45.977818],[-92.540344,45.975575],[-92.541413,45.97396],[-92.543556,45.971938],[-92.545682,45.970118],[-92.548459,45.969056],[-92.549806,45.967986],[-92.550129,45.966435],[-92.54987,45.964844],[-92.55041,45.96284],[-92.550656,45.961524],[-92.550672,45.960759],[-92.550396,45.959796],[-92.549895,45.958593],[-92.549858,45.957039],[-92.550324,45.954795],[-92.550813,45.953517],[-92.551186,45.95224],[-92.551933,45.951651],[-92.553332,45.951346],[-92.554794,45.951224],[-92.558469,45.951158],[-92.559308,45.951028],[-92.561256,45.951006],[-92.562897,45.950713],[-92.563951,45.949952],[-92.566091,45.949299],[-92.566921,45.948806],[-92.569764,45.948146],[-92.571048,45.948043],[-92.573528,45.948408],[-92.574892,45.948103],[-92.580565,45.94625],[-92.585266,45.94427],[-92.587458,45.942948],[-92.587875,45.94254],[-92.589528,45.941782],[-92.59114,45.941753],[-92.595834,45.941336],[-92.600728,45.941166],[-92.60246,45.940815],[-92.608329,45.938112],[-92.609434,45.937116],[-92.613068,45.934963],[-92.614314,45.934529],[-92.615739,45.934351],[-92.619537,45.935079],[-92.621097,45.93527],[-92.62272,45.935186],[-92.624673,45.934019],[-92.626343,45.933486],[-92.627723,45.932682],[-92.62926,45.932404],[-92.630725,45.932602],[-92.632086,45.933025],[-92.634413,45.934176],[-92.636316,45.934634],[-92.637841,45.934469],[-92.638824,45.934166],[-92.639936,45.933541],[-92.640115,45.932478],[-92.640017,45.931398],[-92.638474,45.925971],[-92.638664,45.925045],[-92.63912,45.924558],[-92.640284,45.924292],[-92.643261,45.924615],[-92.644531,45.924635],[-92.64743,45.924474],[-92.648585,45.924477],[-92.649231,45.924648],[-92.65012,45.924651],[-92.651379,45.92451],[-92.652406,45.924577],[-92.655558,45.924586],[-92.656125,45.924442],[-92.658613,45.923289],[-92.659549,45.922937],[-92.661241,45.921709],[-92.662006,45.92101],[-92.662979,45.920336],[-92.664634,45.919438],[-92.665562,45.918586],[-92.666303,45.918041],[-92.669322,45.916848],[-92.670352,45.916247],[-92.670828,45.915587],[-92.671884,45.914663],[-92.674298,45.913059],[-92.676167,45.912072],[-92.676642,45.91159],[-92.676807,45.91093],[-92.676592,45.909938],[-92.675737,45.907478],[-92.676132,45.906778],[-92.677352,45.905818],[-92.680293,45.905445],[-92.683924,45.903939],[-92.685347,45.903097],[-92.687326,45.902395],[-92.688859,45.901442],[-92.689661,45.90115],[-92.690601,45.900184],[-92.692553,45.899537],[-92.693881,45.899202],[-92.694795,45.898705],[-92.696137,45.897749],[-92.697513,45.897229],[-92.698983,45.896451],[-92.699815,45.896147],[-92.700692,45.89606],[-92.701326,45.896175],[-92.702203,45.896217],[-92.703265,45.896155],[-92.704478,45.895884],[-92.705484,45.895532],[-92.706372,45.895445],[-92.707702,45.894901],[-92.708894,45.894057],[-92.709844,45.892867],[-92.710689,45.892313],[-92.712503,45.891705],[-92.713267,45.891054],[-92.713627,45.890314],[-92.714497,45.889268],[-92.714924,45.889205],[-92.716973,45.887308],[-92.717694,45.885956],[-92.719869,45.884116],[-92.721128,45.883805],[-92.722209,45.883001],[-92.722717,45.882292],[-92.722924,45.881609],[-92.723956,45.880379],[-92.72501,45.879358],[-92.725362,45.877723],[-92.726405,45.876452],[-92.727479,45.875987],[-92.728382,45.874952],[-92.729611,45.873407],[-92.730561,45.871522],[-92.731417,45.870771],[-92.732869,45.869744],[-92.734039,45.868108],[-92.735274,45.865885],[-92.735791,45.864403],[-92.736484,45.863356],[-92.73822,45.862031],[-92.738444,45.861371],[-92.738084,45.860817],[-92.73731,45.860338],[-92.736117,45.859129],[-92.73635,45.858099],[-92.73749,45.855321],[-92.738297,45.851427],[-92.739482,45.848681],[-92.739278,45.84758],[-92.739991,45.846283],[-92.743202,45.844229],[-92.744975,45.841956],[-92.745557,45.841455],[-92.747976,45.840908],[-92.74918,45.840717],[-92.750203,45.840602],[-92.751084,45.840617],[-92.752032,45.839859],[-92.752557,45.839162],[-92.754141,45.838027],[-92.759458,45.835341],[-92.761712,45.833861],[-92.763671,45.832063],[-92.765146,45.830183],[-92.765511,45.828965],[-92.765681,45.827252],[-92.764911,45.824884],[-92.763194,45.821383],[-92.762644,45.819125],[-92.762171,45.818492],[-92.761904,45.817869],[-92.760909,45.81664],[-92.759938,45.815648],[-92.759491,45.814558],[-92.758959,45.8128],[-92.758402,45.812346],[-92.757947,45.811216],[-92.757614,45.80852],[-92.757815,45.806574],[-92.75901,45.803965],[-92.761833,45.801258],[-92.766485,45.798803],[-92.76843,45.79801],[-92.772065,45.79523],[-92.774301,45.792481],[-92.776482,45.790004],[-92.776727,45.788574],[-92.777004,45.787804],[-92.778063,45.785819],[-92.779612,45.782576],[-92.780339,45.779643],[-92.781366,45.773098],[-92.782931,45.767992],[-92.784617,45.764199],[-92.788063,45.762107],[-92.790379,45.759992],[-92.798645,45.753654],[-92.80263,45.751888],[-92.803906,45.749955],[-92.804474,45.748647],[-92.804942,45.747916],[-92.805347,45.747491],[-92.806156,45.747007],[-92.80732,45.746515],[-92.807613,45.74601],[-92.808391,45.74521],[-92.809837,45.744172],[-92.812939,45.742709],[-92.815909,45.742338],[-92.816559,45.742037],[-92.817868,45.740893],[-92.818862,45.740215],[-92.82209,45.738728],[-92.822395,45.738167],[-92.824916,45.737263],[-92.826013,45.73665],[-92.827169,45.735755],[-92.827489,45.734888],[-92.827929,45.734464],[-92.828981,45.733714],[-92.830685,45.73312],[-92.835917,45.732802],[-92.837119,45.73194],[-92.838373,45.731608],[-92.841662,45.729663],[-92.843079,45.729163],[-92.845375,45.728838],[-92.846669,45.729005],[-92.848851,45.728751],[-92.849774,45.728176],[-92.850388,45.727576],[-92.850522,45.726893],[-92.850399,45.725469],[-92.850537,45.724376],[-92.850933,45.723831],[-92.851821,45.723377],[-92.853405,45.723152],[-92.855998,45.723012],[-92.856631,45.722806],[-92.860152,45.722631],[-92.862598,45.722241],[-92.863703,45.72182],[-92.865688,45.720623],[-92.868381,45.718529],[-92.869193,45.717568],[-92.869689,45.715142],[-92.869195,45.714093],[-92.868861,45.713159],[-92.868862,45.711993],[-92.869969,45.709272],[-92.870007,45.706715],[-92.870321,45.705172],[-92.870965,45.70388],[-92.871709,45.70061],[-92.871775,45.699774],[-92.871576,45.699145],[-92.87095,45.698708],[-92.870613,45.697998],[-92.870273,45.697651],[-92.870025,45.697272],[-92.870145,45.696757],[-92.87141,45.69526],[-92.874182,45.690946],[-92.874638,45.689991],[-92.87521,45.689232],[-92.875488,45.689014],[-92.875531,45.688265],[-92.875769,45.68733],[-92.875835,45.686541],[-92.876108,45.685864],[-92.876025,45.684898],[-92.876104,45.684495],[-92.87611,45.682602],[-92.8767,45.68083],[-92.876754,45.679597],[-92.876694,45.678502],[-92.876791,45.676585],[-92.876732,45.675949],[-92.877286,45.673428],[-92.877374,45.672309],[-92.877872,45.670545],[-92.87845,45.668844],[-92.878538,45.667773],[-92.878932,45.665606],[-92.879103,45.665211],[-92.879831,45.664131],[-92.880457,45.663002],[-92.880719,45.662736],[-92.880843,45.662373],[-92.881777,45.661019],[-92.881947,45.660503],[-92.882288,45.660027],[-92.882504,45.659471],[-92.882706,45.658182],[-92.882715,45.657522],[-92.883385,45.656087],[-92.883795,45.655475],[-92.883987,45.65487],[-92.884111,45.654145],[-92.884062,45.653018],[-92.884106,45.652309],[-92.884309,45.651503],[-92.884695,45.650714],[-92.885228,45.648973],[-92.885406,45.647217],[-92.885713,45.646012],[-92.885903,45.645541],[-92.887179,45.644025],[-92.887954,45.643435],[-92.888603,45.642742],[-92.88898,45.642475],[-92.889433,45.641202],[-92.889431,45.640654],[-92.889132,45.640067],[-92.887929,45.639006],[-92.887514,45.637839],[-92.887181,45.637389],[-92.886963,45.636777],[-92.886857,45.635723],[-92.886911,45.635014],[-92.886827,45.633403],[-92.886906,45.632269],[-92.887264,45.630601],[-92.887547,45.629836],[-92.887865,45.62932],[-92.888114,45.628377],[-92.888043,45.627572],[-92.888035,45.624959],[-92.886989,45.621923],[-92.886669,45.61976],[-92.885249,45.617029],[-92.88297,45.613738],[-92.882529,45.610216],[-92.8829,45.609096],[-92.8849,45.605001],[-92.885837,45.600845],[-92.886442,45.598679],[-92.886421,45.594881],[-92.884004,45.59122],[-92.883277,45.589831],[-92.883306,45.588753],[-92.884651,45.58199],[-92.884954,45.578818],[-92.883749,45.575483],[-92.8825,45.574563],[-92.881136,45.573409],[-92.879338,45.572442],[-92.877303,45.571725],[-92.875213,45.570526],[-92.873652,45.569076],[-92.872215,45.568013],[-92.871082,45.567581],[-92.868908,45.567249],[-92.865131,45.567476],[-92.861257,45.567011],[-92.853588,45.566579],[-92.84953,45.566642],[-92.846447,45.566515],[-92.843782,45.566135],[-92.841309,45.565405],[-92.834155,45.563096],[-92.823309,45.560934],[-92.817734,45.560912],[-92.812083,45.561122],[-92.804935,45.562238],[-92.801503,45.562854],[-92.794983,45.565336],[-92.790143,45.566915],[-92.787747,45.56719],[-92.786757,45.567483],[-92.785741,45.567888],[-92.778423,45.568477],[-92.775988,45.568478],[-92.773412,45.568235],[-92.770223,45.566939],[-92.764574,45.563592],[-92.762646,45.561733],[-92.760524,45.560281],[-92.759019,45.558854],[-92.756906,45.557499],[-92.755571,45.556999],[-92.754628,45.556793],[-92.750212,45.554643],[-92.749485,45.554681],[-92.748154,45.5541],[-92.747105,45.553801],[-92.745591,45.553016],[-92.743147,45.551339],[-92.73914,45.549054],[-92.736486,45.547062],[-92.733805,45.545263],[-92.732529,45.544609],[-92.729989,45.543791],[-92.727363,45.542144],[-92.726082,45.541112],[-92.724762,45.538617],[-92.724592,45.537941],[-92.72465,45.536744],[-92.724974,45.535879],[-92.726431,45.534261],[-92.726618,45.533467],[-92.726126,45.531743],[-92.72623,45.531085],[-92.726604,45.529457],[-92.728023,45.525652],[-92.728057,45.52386],[-92.72794,45.521063],[-92.727744,45.518811],[-92.727219,45.517087],[-92.727071,45.515333],[-92.726677,45.514462],[-92.725559,45.513255],[-92.724337,45.512223],[-92.720426,45.509858],[-92.715814,45.506676],[-92.712863,45.504849],[-92.71189,45.503281],[-92.710779,45.501825],[-92.709517,45.500488],[-92.709162,45.49996],[-92.707785,45.499348],[-92.706356,45.497501],[-92.702627,45.493519],[-92.701544,45.492194],[-92.700899,45.491609],[-92.696422,45.484537],[-92.695212,45.482882],[-92.694176,45.481693],[-92.693147,45.479732],[-92.692138,45.477061],[-92.690962,45.475442],[-92.686793,45.472271],[-92.685531,45.471486],[-92.684568,45.471014],[-92.683594,45.470687],[-92.682596,45.469909],[-92.681475,45.467747],[-92.68109,45.466242],[-92.681098,45.465602],[-92.680234,45.464344],[-92.67966,45.463975],[-92.677219,45.462864],[-92.673281,45.461862],[-92.668618,45.460162],[-92.666649,45.459758],[-92.663238,45.458867],[-92.661624,45.458558],[-92.659688,45.457646],[-92.656047,45.456595],[-92.654581,45.455963],[-92.653549,45.455346],[-92.653352,45.455033],[-92.652698,45.454527],[-92.652003,45.452637],[-92.651428,45.451849],[-92.650828,45.450804],[-92.650352,45.449235],[-92.649671,45.447771],[-92.649095,45.446806],[-92.648334,45.445286],[-92.647297,45.44359],[-92.646602,45.441635],[-92.646505,45.440338],[-92.646768,45.437929],[-92.64875,45.431666],[-92.648905,45.430586],[-92.649152,45.429618],[-92.648502,45.427486],[-92.64868,45.426422],[-92.649085,45.42514],[-92.649628,45.423938],[-92.649853,45.423068],[-92.65003,45.421843],[-92.650269,45.419168],[-92.649906,45.417309],[-92.649467,45.416408],[-92.648802,45.415862],[-92.648194,45.415244],[-92.646943,45.414265],[-92.646735,45.413775],[-92.646676,45.413227],[-92.646867,45.412606],[-92.647116,45.41209],[-92.648459,45.411022],[-92.648157,45.407423],[-92.648536,45.405828],[-92.650568,45.403311],[-92.650505,45.402168],[-92.650267,45.400275],[-92.650284,45.398769],[-92.65042,45.39851],[-92.651241,45.398145],[-92.653512,45.397718],[-92.654402,45.397305],[-92.656694,45.39662],[-92.657504,45.396304],[-92.658486,45.396059],[-92.66057,45.395012],[-92.661343,45.394837],[-92.663297,45.393611],[-92.664104,45.393308],[-92.667123,45.390814],[-92.668576,45.389836],[-92.669653,45.388966],[-92.670563,45.387943],[-92.673577,45.383733],[-92.674792,45.382612],[-92.676963,45.380144],[-92.677563,45.379067],[-92.677901,45.37809],[-92.678659,45.376662],[-92.67876,45.376198],[-92.678689,45.375678],[-92.678565,45.375366],[-92.678235,45.374963],[-92.678225,45.373607],[-92.679187,45.37271],[-92.680887,45.371767],[-92.682577,45.370973],[-92.684939,45.369913],[-92.688528,45.368429],[-92.692138,45.36542],[-92.696505,45.363524],[-92.698402,45.362162],[-92.700901,45.360202],[-92.702723,45.358468],[-92.703707,45.356333],[-92.704054,45.35366],[-92.703262,45.351168],[-92.702658,45.349663],[-92.700919,45.345465],[-92.699523,45.342421],[-92.698923,45.339374],[-92.698967,45.336374],[-92.699956,45.333716],[-92.701962,45.331107],[-92.70342,45.328534],[-92.704794,45.326526],[-92.708675,45.322525],[-92.709856,45.321408],[-92.709961,45.321377],[-92.709968,45.321302],[-92.712288,45.319831],[-92.714779,45.318426],[-92.720396,45.31384],[-92.723324,45.311956],[-92.725589,45.310747],[-92.727737,45.309288],[-92.731601,45.305141],[-92.735471,45.301567],[-92.737121,45.300459],[-92.740018,45.299639],[-92.742483,45.298218],[-92.744273,45.296877]]]}}]}
